question,answer,category,sub_category,fatwa_number,date,url
السلام  علیکم ورحمتہ اللہ وبرکاتہ! حضرت قرآن و احادیث کی روشنی میں رہنمائی فرمائیں کہ کیا ’’ ماہِ  رمضان‘‘ میں فوت ہونے والے کا کوئی قبر کا حساب نہیں، وہ سیدھا جنت میں جائے گا ؟ جواب کا منتظر سائل جزاک اللہ خیر۔,جی ہاں ! احادیثِ مبارکہ اور علماءِ کرام کی تشریحات کے مطابق رمضان میں انتقال کرنے والا شخص اگر مؤمن اور اطاعت گزار ہو، تو وہ عذاب قبر سے محفوظ رہے گا، البتہ اگر اطاعت گزار نہ ہو بلکہ گنہگار ہو، تو اسے ایک لمحہ کے لئے جنبش تو ضرور ہو گی، لیکن اس کے بعد فورا ہی اس سے ہمیشہ کے لئے عذاب قبر اٹھا لیا جائے گا۔,عقائد,قیامت و آخرت,40818,,https://www.onlinefatawa.com/view_fatwa_unicode/40818/%DA%A9%DB%8C%D8%A7-%D8%B1%D9%85%D8%B6%D8%A7%D9%86-%D9%85%DB%8C%DA%BA-%D8%A7%D9%86%D8%AA%D9%82%D8%A7%D9%84-%DA%A9%D8%B1%D9%86%DB%92-%D9%88%D8%A7%D9%84%D8%A7-%D8%B4%D8%AE%D8%B5-%D8%B9%D8%B0%D8%A7%D8%A8%D9%90-%D9%82%D8%A8%D8%B1-%D8%B3%DB%92-%D9%85%D8%AD%D9%81%D9%88%D8%B8-%D8%B1%DB%81%DB%92-%DA%AF%D8%A7%D8%9F
سوال : جنت الفردوس میں اعلی مقام ہے یا نہیں؟,جی ہاں جنت الفردوس میں بھی اعمال کے اعتبار سے مختلف مراتب و مقامات ( ادنی واعلیٰ ) ہو نگے ۔,عقائد,قیامت و آخرت,47016,,https://www.onlinefatawa.com/view_fatwa_unicode/47016/%D8%AC%D9%86%D8%AA-%D9%85%DB%8C%DA%BA-%D8%A7%D8%B9%D9%85%D8%A7%D9%84-%DA%A9%DB%92-%D9%85%D8%B7%D8%A7%D8%A8%D9%82-%D8%AF%D8%B1%D8%AC%D8%A7%D8%AA-%D9%88-%D9%85%D9%82%D8%A7%D9%85%D8%A7%D8%AA-%DA%A9%D8%A7-%D8%A8%DB%8C%D8%A7%D9%86-
"السلام علیکم!مفتی صاحب مجھے ایک حدیث کے بارے میں پوچھنا ہے کیایہ درست ہےیا غلط؟ اگر تم دیکھو کالے جھنڈوں کو جو کہ خراسان کی طرف سے آرہے ہوں تو تم ان کے پاس جاؤ،کیونکہ"" مہدی""اللہ کے خلیفہ انہی میں ہونگے (حاکم نے کہا ہے : یہ حدیث بخاری اور مسلم کی شرائط کے موافق ہے۔",جی ہاں!یہ اور اس قسم کے مضمون پر مشتمل احادیث مختلف کتب حدیث میں موجود ہیں،جیسا کہ مندرجہ ذیل ہے ۔,قرآن و حدیث,تحقیق و تخریج حدیث,9523,,https://www.onlinefatawa.com/view_fatwa_unicode/9523/%D8%A7%D9%85%D8%A7%D9%85-%D9%85%DB%81%D8%AF%DB%8C-%DA%A9%DB%92-%D8%B8%DB%81%D9%88%D8%B1-%DA%A9%DB%92-%D9%85%D8%AA%D8%B9%D9%84%D9%82-%D8%A7%DB%8C%DA%A9-%D8%AD%D8%AF%DB%8C%D8%AB-%DA%A9%DB%8C-%D8%AA%D8%AD%D9%82%DB%8C%D9%82
کیا حدیث میں کسی کے منہ پر تعریف کرنے سے منع فرمایا گیا ہے؟ تو کیا کسی کے بنائے ہوئے کھانے یا اس کے کام کی تعریف اسکے سامنے کر سکتے ہیں ؟ یا نہیں ؟ آپ صلی اللہ علیہ وسلم کی کوئی ایسی حدیث ہے ؟ تو وضاحت کیساتھ بیان فرمائیں ۔,واضح ہو کہ آپ صلی اللہ علیہ وسلم نے بعض احادیث میں کسی کے منہ پر تعریف سے منع فرمایا ہے تا کہ ممدوح فخر و تکبر میں مبتلا نہ ہو مگر جہاں یہ شائبہ نہ ہو یا کسی کی دلجوئی ، ہمت افزائی مقصود ہو تو وہاں تعریف کرنے میں حرج نہیں،بلکہ خود آپ صلی اللہ علیہ وسلم سے بھی ثابت ہے اور عام گھروں میں یا کسی کی دعوت پر کھانے کی تعریف محض اس بناء پر ہوتی ہے تاکہ میزبان مطمئن  ہو جائے اور اسکی دلجوئی ہو ۔,قرآن و حدیث,تحقیق و تخریج حدیث,9554,2010-09-02,https://www.onlinefatawa.com/view_fatwa_unicode/9554/%DA%A9%DB%8C%D8%A7-%DA%A9%D8%B3%DB%8C-%DA%A9%DB%92-%D8%B3%D8%A7%D9%85%D9%86%DB%92-%D8%A7%D8%B3-%DA%A9%DB%8C-%D8%AA%D8%B9%D8%B1%DB%8C%D9%81-%DA%A9%DB%8C-%D8%AC%D8%A7-%D8%B3%DA%A9%D8%AA%DB%8C-%DB%81%DB%92-%D8%9F
ہم نے حدیث میں پڑھا ہے کہ کسی سے سوال کرنا منع ہے ، کسی قسم کا سوال کرنا منع ہے ، وضاحت کریں اگر ہم اپنے والدین سے کھانے کی یا  کسی اور چیز کی یا  کہیں جانے کی فرمائش کریں تو یہ بھی سوال میں شمار ہوگا اور اگر میں اپنے بھائی کو کوئی کام کہوں تو یہ بھی سوال میں آتا ہے ؟,حدیث شریف میں بھیک مانگنے اور غیر اللہ سے مافوق الاسباب مانگنے کی ممانعت کی گئی ہے ، جبکہ اپنے والدین سے کسی چیز کی خواہش ظاہر کرنا اس زمرے میں نہیں آتا، اس لیے اس میں شرعاً کوئی حرج نہیں،بلکہ بلا شبہ جائز اور درست ہے ۔,قرآن و حدیث,تحقیق و تخریج حدیث,9555,2010-09-02,https://www.onlinefatawa.com/view_fatwa_unicode/9555/%D8%BA%DB%8C%D8%B1-%D8%A7%D9%84%D9%84%DB%81-%D8%B3%DB%92--%DA%A9%D8%B3-%D9%82%D8%B3%D9%85-%DA%A9%D8%A7-%D8%B3%D9%88%D8%A7%D9%84-%DA%A9%D8%B1%D9%86%D8%A7-%D9%85%D9%85%D9%86%D9%88%D8%B9-%DB%81%DB%92%D8%9F
السلام علیکم! میرے موبائل پر ایک میسج آیا ہے جس کی میں تصدیق کرنا چاہتا ہوں ، ارشاد نبویﷺ ہے کہ ’’جس شخص کی نمازیں قضا ہوئی ہوں اور تعداد نامعلوم ہوں تو وہ رمضان کے آخری جمعہ کے دن چار رکعت نفل ایک سلام کے ساتھ پڑھے، ہر رکعت میں سورۃ الفاتحہ کے بعد آیت الکرسی سات بار سورۃ کوثر پندرہ بار پڑھے۔ اگر سات سو سال کی نمازیں بھی قضاء ہوئی ہونگی تو اس کے کفارے کے لیے یہ نماز ہے۔,مذکور حدیث من گھڑت اور موضوع ہے، چنانچہ ملا علی قاریؒ اپنی مشہور کتاب ’’الموضوعات‘‘ میں لکھتے ہیں: یہ روایت قطعی طور پر باطل ہے، اس لیے کہ یہ حدیث اجماع کے خلاف ہے، اجماع اس بات پر ہے کہ کوئی بھی عبادت سالہا سال کی چھوٹی ہوئی نمازوں کے قائم مقام نہیں ہو سکتی ہے۔,قرآن و حدیث,تحقیق و تخریج حدیث,9596,2020-10-26,https://www.onlinefatawa.com/view_fatwa_unicode/9596/%D9%82%D8%B6%D8%A7%D8%A1-%D8%B9%D9%85%D8%B1%DB%8C-%D8%B3%DB%92-%D9%85%D8%AA%D8%B9%D9%84%D9%82-%D8%B1%D9%88%D8%A7%DB%8C%D8%AA-%DA%A9%DB%8C-%D8%AA%D8%AD%D9%82%DB%8C%D9%82
میں یہ معلوم کرنا چاہتا ہوں کہ کیا یہ حدیث صحیح ہے ’’نبی کریمﷺ کا فرمان ہے کہ جس شخص کی نمازیں قضاء ہوئی ہوں ، اور تعداد معلوم نہ ہو  ،تو رمضان کے آخری جمعہ کے دن چار رکعت نفل ایک سلام سے پڑھے، ہر رکعت میں سورہ فاتحہ کے بعد آیت الکرسی سات بار، سورہ کوثر پندرہ بار پڑھیں، اگر سات سو سال کی نمازیں بھی قضاء ہوئی ہوگی ، تو اس کے کفارہ کے لیے یہ نماز ہے؟,جی ہاں! اس طرح کی ایک حدیث علامہ ابن جوزیؒ نے اپنے معروف کتاب ’’الموضوعات لابن جوزیؒ‘‘ میں نقل کر کے اس پر موضوع ہونے کا حکم لگایا ہے۔ پھر اس طرح دو رکعت نفل کا محض دو فرضوں کے برابر ہو جانا بھی قواعدِ شرعیہ کے اعتبار سے درست نہیں ، چہ جائیکہ بے شمار فرضوں کے لیے مکافات بن سکے، اس لیے اس طرزِ عمل کے موافق عمل کرنے یا دوسروں کو سکھانے و بتانے سے احتراز لازم ہے۔,قرآن و حدیث,تحقیق و تخریج حدیث,9635,2010-09-08,https://www.onlinefatawa.com/view_fatwa_unicode/9635/%D9%85%D8%B1%D9%88%D8%AC%DB%81-%D9%82%D8%B6%D8%A7%D8%A6%DB%92-%D8%B9%D9%85%D8%B1%DB%8C-%DA%A9%D8%A7%D8%AD%DA%A9%D9%85
السلام علیکم! عند الاحناف زیرِ ناف ہاتھ باندھنا کسی حدیث سے ثابت ہے؟,دورانِ نماز اگرچہ ناف کے اوپر نیچے دونوں جگہ ہاتھ باندھنا احادیث مبارکہ سے ثابت ہے، مگر سینہ پر ہاتھ باندھ کر کہنیاں پکڑ کر کھڑے ہونے کے بارے میں کوئی صحیح صریح مرفوع غیر مقطوع حدیث نہیں، البتہ عند الاحناف مندرجہ ذیل احادیث کی وجہ سے زیرِ ناف ہاتھ باندھنا زیادہ راجح ہے۔,قرآن و حدیث,تحقیق و تخریج حدیث,10190,2010-11-13,https://www.onlinefatawa.com/view_fatwa_unicode/10190/%D9%86%D9%85%D8%A7%D8%B2%D9%85%DB%8C%DA%BA--%D9%86%D8%A7%D9%81-%DA%A9%DB%92-%D9%86%DB%8C%DA%86%DB%92--%DB%81%D8%A7%D8%AA%DA%BE-%D8%A8%D8%A7%D9%86%D8%AF%DA%BE%D9%86%DB%92-%DA%A9%D8%A7%D8%AD%D8%AF%DB%8C%D8%AB-%D8%B3%DB%92-%D8%AB%D8%A8%D9%88%D8%AA
مفتی صاحب! ایک بات کی تحقیق مطلوب ہے، حضرت علی رضی اللہ عنہ کے بارے میں ایک روایت بیان کی جاتی ہے کہ ایک بار ان کی عصر کی نماز مؤخر ہو گئی تھی، تو یہ پریشان ہو کر نبی کریمﷺ کی خدمت میں آئے تو نبیﷺ نے ان سے پوچھا تھا کہ اے علی! تم نے قضاء پڑھنی ہے یا ادا؟ تو حضرت علیؓ نے عرض کیا کہ ادا پڑھنی ہے‘‘۔ پھر مجھے معلوم نہیں کہ نبیﷺ نے خود سورج کو اشارہ کیا تھا یا حضرت علی ؓ نے ، تو سورج شام سے ہٹ کر عصر کے قریب آ گیا تھا، تو حضرت اس بارے میں آپ تحقیق سے بتائیں آپ کی مہربانی ہوگی۔,سوال میں مذکور الفاظ کے ساتھ تو اس کا کہیں ذکر نہیں، البتہ روح المعانی میں حضرت اسماء بنتِ عمیس رضی اللہ عنہا کی روایت کا ایک واقعہ مذکور ہے کہ ’’ایک بار آپﷺ پر وحی کا نزول ہو رہا تھا ، اور سر مبارک حضرت علی رضی اللہ عنہ سے پوچھا کہ آپ نے نمازپڑھ لی ہے؟ تو انہوں نے کہا نہیں، چنانچہ آپﷺ نے اللہ سے دعا کی کہ یا اللہ یہ آپ کی اور آپ کے رسول کی اطاعت میں مصروف تھا، لہٰذا اس کے لیے سورج کو واپس لوٹا دیں۔ تو اللہ تعالیٰ نے دعا کو قبول فرما کر سورج کو لوٹایا‘‘۔ حضرت اسماء رضی اللہ عنہا فرماتی ہیں کہ ، میں نے خود سورج غروب ہونے کے بعد طلوع ہوتے دیکھا ، اور اس کی روشنی زمین پر پڑی ، اور فرماتی ہیں کہ یہ خیبر میں مقام صہباء کا واقعہ ہے، مگر صاحبِ روح المعانی فرماتے ہیں کہ اس واقعہ کی صحت میں اختلاف ہے۔ روح المعانی اصل عبارت ملاحظہ ہو: اگر یہ واقعۃً بھی درست ہو تو یہ آپﷺ کا معجزہ ہے اور اس میں کسی کا اختلاف نہیں۔ واللہ أعلم بالصواب!,قرآن و حدیث,تحقیق و تخریج حدیث,9736,2010-09-16,https://www.onlinefatawa.com/view_fatwa_unicode/9736/%D8%AD%D8%B6%D8%B1%D8%AA-%D8%B9%D9%84%DB%8C-%D8%B1%D8%B6%DB%8C-%D8%A7%D9%84%D9%84%DB%81-%D8%B9%D9%86%DB%81-%DA%A9%DB%8C-%D8%B7%D8%B1%D9%81-%D9%85%D9%86%D8%B3%D9%88%D8%A8-%D9%88%D8%A7%D9%82%D8%B9%DB%81-%DA%A9%DB%8C-%D8%AA%D8%AD%D9%82%DB%8C%D9%82
السلام علیکم ورحمۃ اللہ وبرکاتہ! حدیث اور حدیثِ قدسی کے درمیان کیا فرق ہے؟,واضح ہوکہ جمہور محدثین کی اصطلاح میں ’’حدیث‘‘ اس کلام کو کہا جاتاہے، جو آپﷺ کے قول وفعل اور تقریر کی طرف منسوب ہو۔ جبکہ ’’حدیث قدسی‘‘ اس کلام کو کہا جاتاہے جو آپﷺ نے اللہ تعالیٰ کی طرف نسبت کرتے ہوئے بیان کی ہو۔,قرآن و حدیث,تحقیق و تخریج حدیث,10209,2020-10-26,https://www.onlinefatawa.com/view_fatwa_unicode/10209/%D9%85%D8%B7%D9%84%D9%82-%D8%AD%D8%AF%DB%8C%D8%AB-%D8%A7%D9%88%D8%B1-%D8%AD%D8%AF%DB%8C%D8%AB-%D9%82%D8%AF%D8%B3%DB%8C-%D9%85%DB%8C%DA%BA-%D9%81%D8%B1%D9%82
السلام علیکم! ایک حدیث ہے براہِ مہربانی تصحیح فرمائیں میرا ایک دوست بضد ہے کہ یہ حدیث صحیح ہے، لیکن میرے خیال میں تضاد ہے براہِ مہربانی راہنمائی فرمائیں۔ حضرت آمنہ فرماتی ہیں: جب حضور اکرمﷺ کی ولادت ہوئی تو میں نے دیکھاکہ ایک جھنڈا مشرق میں ایک مغرب میں اور ایک کعبہ کی چھت پر لہرا رہا تھا۔ (خصائص الکبریٰ ج ۱ ص۸۲) جزاک اللہ!,یہ حدیث خصائصِ کبریٰ میں حضرت ابن عباسؓ سے موقوفاً مروی ہے، اس کی سند مذکور نہیں، اگر یہ کمزور بھی ہو تب بھی فضائل میں مقبول ہے، اس لیے اس کو موضوع بحث بنانے سے احتراز چاہیے۔,قرآن و حدیث,تحقیق و تخریج حدیث,10846,2020-10-26,https://www.onlinefatawa.com/view_fatwa_unicode/10846/%D8%A7%D9%93%D9%BE-%DA%A9%DB%8C-%D9%BE%DB%8C%D8%AF%D8%A7%D8%A6%D8%B4-%D9%BE%D8%B1-%D9%85%D8%B4%D8%B1%D9%82-%D9%88%D9%85%D8%BA%D8%B1%D8%A8-%D8%A7%D9%88%D8%B1-%DA%A9%D8%B9%D8%A8%DB%81-%D9%BE%D8%B1-%DA%86%DA%BE%D9%86%DA%88%D8%A7-%D9%84%DB%81%D8%B1%D8%A7%D9%86%DB%92-%D9%88%D8%A7%D9%84%DB%8C-%D8%AD%D8%AF%DB%8C%D8%AB-%DA%A9%DB%8C-%D8%AA%D8%AD%D9%82%DB%8C%D9%82
میں یہ جاننا چاہتاہوں کہ درج ذیل میسج مجھے موبائل پہ موصول ہوا اور انٹرنیٹ پر بھی یہ لوگوں نے ایک دوسرے کو بھیجا، آیا یہ صحیح ہے یا نہیں؟ حضرت محمدﷺ نے فرمایا میں علم کا شہر ہوں: (۱) ابوبکرؓ اس شہر کی بنیاد ہیں (۲) عمرؓ اس شہر کی دیوار ہیں (۳) عثمانؓ اس شہر کی چھت ہیں (۴) علیؓ اس شہر کا دروازہ ہیں۔(صحیح البخاری، نزہۃ المجالس جلد:۲ صفحہ: ۲۱۴)۔ یہ مکمل حدیث ہے کچھ لوگ اس کا آخری حصہ بیان کرتے ہیں، براہِ مہربانی یہ حدیث سب کو بتائیں۔,سوال میں مذکور حدیث بخاری شریف میں نہیں اور نہ ہی بخاری میں یہ حدیث ہے کہ میں علم کا شہر ہوں اور حضرت علیؓ اس کا دروازہ ہیں، البتہ دیگر کتبِ حدیث میں اس قسم کے الفاظ ومضمون موجود ہیں، مگر محدّثین نے ان دونوں پر کلام فرمایا اور الفاظ کو رکیک قرار دینے کے علاوہ نفس حدیث کو بھی سنداً ضعیف، بلکہ بعض نے موضوع قرار دیا ہے، اگرچہ میسج والی پوری حدیث بیان کرنا مذکور ناقص جملہ بیان کرنے سے زیادہ بہتر ہے۔,قرآن و حدیث,تحقیق و تخریج حدیث,10432,2020-10-26,https://www.onlinefatawa.com/view_fatwa_unicode/10432/%E2%80%99%E2%80%99%D9%85%DB%8C%DA%BA-%D8%B9%D9%84%D9%85-%DA%A9%D8%A7-%D8%B4%DB%81%D8%B1-%DB%81%D9%88%DA%BA%D8%8C-%D8%A7%D8%A8%D9%88%D8%A8%DA%A9%D8%B1-%D8%A7%D8%B3-%DA%A9%DB%8C-%D8%A8%D9%86%DB%8C%D8%A7%D8%AF-%DB%81%DB%8C%DA%BA-%D8%A7%D9%84%D8%AE%E2%80%98%E2%80%98-%D8%AD%D8%AF%DB%8C%D8%AB-%DA%A9%DB%8C-%D8%AA%D8%AD%D9%82%DB%8C%D9%82
السلام علیکم! مفتی صاحب! میں نے سنا ہے کہ ہر بچے کے ساتھ کم وبیش پچیس شیطان اور بالغ مرد، عورت کے ساتھ کم وبیش اٹھارہ شیطان ہوتے ہیں، کیا یہ بات ٹھیک ہے؟ حضرت محمدﷺ نے بتایا کہ میرے ساتھ بھی بائیس شیطان ہیں اور میں نے انہیں باندھ کے مسلمان کر رکھاہے، کیا یہ بات درست ہے یا نہیں؟,درج ذیل روایتِ حدیث سے صرف اتنی بات معلوم ہوتی ہے کہ ہر انسان کے ساتھ ایک شیطان ہوتاہے اور سرکارِ دو عالمﷺ نے فرمایا میرے ساتھ بھی ایک شیطان تھا، لیکن اللہ تعالیٰ نے مجھے اس پر قدرت دی وہ مسلمان ہوگیا، جبکہ سوال میں مذکور ۱۸، ۲۲، ۲۵ شیطان والی روایت بظاہر من گھڑت معلوم ہوتی ہے۔,قرآن و حدیث,تحقیق و تخریج حدیث,11475,2020-10-26,https://www.onlinefatawa.com/view_fatwa_unicode/11475/%E2%80%99%E2%80%99%D8%A7%D9%86%D8%B3%D8%A7%D9%86-%DA%A9%DB%92-%D8%B3%D8%A7%D8%AA%DA%BE-%D8%B4%DB%8C%D8%B7%D8%A7%D9%86-%DA%A9%DB%8C-%D8%AA%D8%B9%D8%AF%D8%A7%D8%AF-%D8%B3%DB%92%D9%85%D8%AA%D8%B9%D9%84%D9%82-%D8%B1%D9%88%D8%A7%DB%8C%D8%AA-%DA%A9%DB%8C-%D8%AA%D8%AD%D9%82%DB%8C%D9%82
السلام علیکم ! میں آپ سے دو سوال پوچھنا چاہتا ہوں۔ 1.	کیا ہم فیس بک استعمال کر سکتے ہیں؟ یا حرام ہیں؟ 2.	ایک حدیث کا مفہوم ہے ’’اللہ بندے کے ساتھ ویسا ہوتا ہے جیسے وہ گمان کرتا ہے اس حدیث کا مطلب کیا ہے؟ یہ معافی اور توبہ کے ساتھ خاص ہے یا زندگی کے تمام معاملات کے لیے ہیں۔,"۱۔ اگرچہ فی نفسہ اس کا جائز استعمال شرعاً بھی جائز ہے، مگر غیرتِ ایمانی کا تقاضا یہ ہےکہ ایسی ویب سائٹ کے استعمال کرنے سے احتراز  کیا جائے۔ ۲۔ اس حدیث مبارکہ کا مطلب یہ ہے کہ ربِّ کریم بندے کے ساتھ ہر قسم کی اچھائی اور برائی میں ویسا ہی معاملہ کرتے ہیں جیسا وہ اللہ تعالیٰ کی ذاتِ عالی سے گمان اور اُمید رکھتا ہے۔ پس جب بندے کا یقین اللہ تعالیٰ پر کامل ہو جاتا ہے۔ اور وہ متوکّل ہو جاتا ہے تو اللہ تعالیٰ بھی اسے اپنے قریب کر لیتے ہیں۔ اور اس کی دعاؤں کو شرفِ قبولیت عطا فرما دیتے ہیں وغیرہ ۔ جیسا کہ شرّاحِ حدیث نے اس کی مکمل وضاحت بھی بیان کی ہے۔ ملاحظہ ہو: ففی مرقاة المفاتيح: والظن في الحديث يجوز إجراؤه على ظاهره، ويكون المعنى أنا أعامله على حسب ظنه بي، وأفعل به ما يتوقعه مني من ضر أو شر، والمراد الحث على تغليب الرجاء على الخوف وحسن الظن بالله، كقوله - عليه الصلاة والسلام -: "" «لا يموتن أحدكم إلا وهو يحسن الظن بالله» "" ويجوز أن يراد بالظن اليقين، والمعنى، أنا عند يقينه بي، وعلمه بأن مصيره إلي وحسابه علي، وأن ما قضيت به له أو عليه من خير أو شر لا مرد له، ولا معطي لما منعت، ولا مانع لما أعطيت. أي: إذا رسخ العبد في مقام التوحيد، وتمكن في الإيمان والوثوق بالله قرب منه ورفع له الحجاب بحيث إذا دعاه أجاب، وإذا سأله استجاب.(4/ 1542) والله أعلم بالصواب!",قرآن و حدیث,تحقیق و تخریج حدیث,12078,2020-10-26,https://www.onlinefatawa.com/view_fatwa_unicode/12078/%D9%81%DB%8C%D8%B3-%D8%A7%D8%B3%D8%AA%D8%B9%D9%85%D8%A7%D9%84-%DA%A9%D8%B1%D9%86%D8%A7-%D8%A7%D9%88%D8%B1-%E2%80%99%E2%80%99%D8%A7%D9%84%D9%84%DB%81-%D8%A8%D9%86%D8%AF%DB%92-%DA%A9%DB%92-%D8%B3%D8%A7%D8%AA%DA%BE-%D8%A7%D8%B3-%DA%A9%DB%92-%DA%AF%D9%85%D8%A7%D9%86-%DA%A9%DB%92-%D9%85%D8%B7%D8%A7%D8%A8%D9%82-%D9%85%D8%B9%D8%A7%D9%85%D9%84%DB%81-%DA%A9%D8%B1%D8%AA%D8%A7-%DB%81%DB%92%E2%80%98%E2%80%98-%D8%B1%D9%88%D8%A7%DB%8C%D8%AA-%DA%A9%D8%A7-%D9%85%D8%B7%D9%84%D8%A8
السلام علیکم! مفتی صاحب! میں ایک سوشل نیٹ ورکنگ سائٹ استعمال کر رہاہوں، جس کا نام فیس بُک ہے، یہاں ایک آدمی ہے جس کا نام عبداللہ ہے، بخاری شریف سے ایک حدیث نقل کرتاہے، وہ کہتاہے کہ امام بخاری نے روایت کی ہے کہ محمدﷺ نے فرمایا کہ میرے اصحاب کو آگ کے پاس لےجایا جائے گا، میں نے پوچھا کہ میرے اصحاب کیوں آگ کے پاس لےجائے جائیں گے؟ جواب آتا کہ وہ آپ کے بعد مرتد ہوگئے، اے محمد! آپ اس بارے میں نہیں جانتے، حوالہ (کتاب التفسیر آیت نمبر: ۲۱، ۱۰۴ کی تفسیر کے تحت) مہربانی کرکے اس کی تصدیق کریں کہ یہ سچ ہے یا نہیں؟,اوّلاً: اس حدیث میں اصحاب سے مراد حضرات صحابہ کرامؓ کی مخصوص جماعت نہیں، بلکہ امت کے لوگ مراد ہے، جیساکہ الفاظِ حدیث سے واضح ہے ’’سیجاء برجال من أمتی‘‘ کہ میری امت کےبعض افراد کو لایا جائے گا اور بالفرض صحابہ ہی مراد لیے جائیں تو ارتداد کا وہ معنیٰ نہیں جو عام طور پر دین سے پھر جانے والوں کیلیے استعمال ہوتاہے، بلکہ لغوی معنی کے اعتبار سے اس لفظ کا استعمال ہواہے، جس سے بعض عملی احکام میں کوتاہی مراد ہے۔ ثانیاً: یہ بھی تمام اصحاب سے متعلق نہیں، بلکہ بعض افراد سے متعلق ہے، اور اس حدیث کا منشا دیگر افرادِ امت کو متنبہ کرناہے کہ حقوق واجبہ کی ادائیگی میں کوتاہی نہ کریں۔,قرآن و حدیث,تحقیق و تخریج حدیث,11631,2020-10-26,https://www.onlinefatawa.com/view_fatwa_unicode/11631/%E2%80%99%E2%80%99%D9%85%DB%8C%D8%B1%DB%92-%D8%A7%D8%B5%D8%AD%D8%A7%D8%A8-%DA%A9%D9%88-%D8%A7%D9%93%DA%AF-%D9%85%DB%8C%DA%BA-%D9%84%DB%92-%D8%AC%D8%A7%DB%8C%D8%A7-%D8%AC%D8%A7%D8%A6%DB%92%DA%AF%D8%A7%E2%80%98%E2%80%98%DB%94%DB%94-%D8%A7%D9%84%D8%AE-%D8%B1%D9%88%D8%A7%DB%8C%D8%AA-%DA%A9%DB%8C-%D8%AA%D8%AD%D9%82%DB%8C%D9%82
نماز میں قدم کو ایک بالشت کے برابر رکھنے کے بارے میں حدیث ،حوالے کے ساتھ مسئلہ بتائیں۔,قدم کو ایک بالشت رکھنے کے بارے میں کوئی حدیث ہماری نظر سے نہیں گزری، اس سلسلہ میں دوسرے اہل علم سے رجوع کیا جا سکتا ہے۔,قرآن و حدیث,تحقیق و تخریج حدیث,12421,2011-06-12,https://www.onlinefatawa.com/view_fatwa_unicode/12421/%D9%86%D9%85%D8%A7%D8%B2-%D9%85%DB%8C%DA%BA-%D9%82%D8%AF%D9%85-%DA%A9%D9%88-%D8%A7%DB%8C%DA%A9-%D8%A8%D8%A7%D9%84%D8%B4%D8%AA-%DA%A9%DB%92-%D8%A8%D8%B1%D8%A7%D8%A8%D8%B1-%D8%B1%DA%A9%DA%BE%D9%86%DB%92-%DA%A9%DB%92-%D8%A8%D8%A7%D8%B1%DB%92-%D9%85%DB%8C%DA%BA-%D8%AD%D8%AF%DB%8C%D8%AB
’’علم حاصل کرو چاہے چین جانا پڑے‘‘، اس حدیث کا کیا ثبوت ہے؟ مجھے اس حدیث کا حوالہ چاہیے اگر یہ ٹھیک ہے اور اس حدیث میں چین سے کیا مراد ہے؟ براہِ کرم میرے علم میں اضافہ کردیں، مجھے اس حدیث کے صحیح یا غلط ہونے کی شہادت دیں۔,یہ جملہ حدیثِ پاک کا حصہ ہے، اگرچہ اس کی سند میں محدثین نے کلام کیا ہے اور اس میں لفظ چین بُعدِ مسافت سے کنایہ ہے، مطلب یہ ہوا کہ علومِ دینیہ کی تحصیل میں خواہ کتنی ہی دُور کی مسافت طے کرنی پڑ جائے اور کتنی ہی مشقت اُٹھانی پڑ جائے، وہ برداشت کرلی جائے اور علومِ دینیہ کی تحصیل میں سستی و کوتاہی نہ کی جائے۔,قرآن و حدیث,تحقیق و تخریج حدیث,13344,2020-10-26,https://www.onlinefatawa.com/view_fatwa_unicode/13344/%E2%80%99%E2%80%99%D8%B9%D9%84%D9%85-%D8%AD%D8%A7%D8%B5%D9%84-%DA%A9%D8%B1%D9%88-%DA%86%D8%A7%DB%81%DB%92-%DA%86%DB%8C%D9%86-%D8%AC%D8%A7%D9%86%D8%A7-%D9%BE%DA%91%DB%92%E2%80%98%E2%80%98-%D8%AD%D8%AF%DB%8C%D8%AB-%DA%A9%DB%8C-%D8%AA%D8%AD%D9%82%DB%8C%D9%82-%D9%88-%D9%85%D8%B1%D8%A7%D8%AF
میں اپنےدوست کو بتارہا تھا وہ مجھ سے حوالہ مانگ رہا ہے کہ کون سی حدیث کی کتاب میں کہاں لکھا ہے، حوالہ بتادیجیے نوازش ہوگی: (۱) حضور ﷺ نے حضرت خدیجہؓ سے کہا کہ اپنی سوکنوں (بی بی مریم اور بی بی آسیہ) کو میرا سلام کہنا۔ (۲) حضرت حسینؓ کے شادیاں سات (۷۰۰) سو ہیں، کہاں لکھا ہے؟,(۱) سوال کے اندر مذکور مضمون سے متعلق حدیث کو حافظ ابن کثیرؒ نے اپنی ’’کتاب البدایۃ والنہایۃ‘‘ میں ابن عساکر کی سند سے اس طرح نقل کیا ہے: عن ابن عباس أن رسول الله صلى الله عليه و سلم دخل على خديجة وهي في مرض الموت فقال يا خديجة اذا لقيت ضرائرك فاقرئهن مني السلام قالت يا رسول الله وهل تزوجت قبلي قال لا ولكن الله زوجني مريم بنت عمران وآسية بنت مزاحم وكلثم أخت موسى اه(2/ 62) (2) حضرت حسین رضی اللہ عنہ سے متعلق تو اس قسم کی کوئی روایت نہیں، البتہ حضرت حسن رضی اللہ عنہ نے کئی نکاح فرمائے، اس سلسلہ میں متعدد روایات ملتی ہیں۔,قرآن و حدیث,تحقیق و تخریج حدیث,13135,2020-10-26,https://www.onlinefatawa.com/view_fatwa_unicode/13135/-%D8%AD%D8%B6%D9%88%D8%B1%D8%90-%D8%B3%DB%92-%D8%AD%D8%B6%D8%B1%D8%AA-%D8%AE%D8%AF%DB%8C%D8%AC%DB%81%D8%93-%DA%A9%D9%88-%E2%80%99%E2%80%99%D8%A7%D9%BE%D9%86%DB%8C-%D8%B3%D9%88%DA%A9%D9%86%D9%88%DA%BA-%DA%A9%D9%88-%D9%85%DB%8C%D8%B1%D8%A7-%D8%B3%D9%84%D8%A7%D9%85-%DA%A9%DB%81%D9%86%D8%A7%E2%80%98%E2%80%98-%D8%AB%D8%A7%D8%A8%D8%AA-%DB%8C%D8%A7-%D9%86%DB%81%DB%8C%DA%BA%D8%9F
کیا فرماتے ہیں علماء ِکرام و مفتیان ِعظام اس حدیث کے بارے میں کہ ’’حضورﷺ کے پاس ایک صحابی  آئے اور کہنے لگے یارسول اللہﷺ میرا باپ مجھ سے پوچھتا تک نہیں اور میرا مال خرچ کر لیتا ہے، آپ ﷺ نے فرمایا، اچھابلاؤ! اس کے باپ کو پتہ چلا کہ میرے بیٹے نے بارگاہِ نبوت میں میری شکایت کی ہے تو انہوں نے دکھ اور رنج کے کچھ اشعار  دل میں پڑھے، زبان سے  ادا نہیں کیے، جب حضورﷺ کے پاس پہنچے تو ادھر جبرائیلِ امین آگئے، کہنے لگے یا رسول اللہ! اللہ فرما رہے ہیں کہ اس سے فرمائیں پہلے وہ اشعار سنائے جو تمہاری زبان پر نہیں آئے، بلکہ تمہارے دل نے پڑھے ہیں اور اللہ نے عرش پر ہوتے ہوئے بھی ان کو سن لیا ہے۔ حضورﷺ کی فرمائش پر وہ صحابی کہنے لگے یا رسول اللہ! قربان جاؤں آپ کے رب پر وہ کیسا رب ہے، میرے  اندر تو ایک خیال آیا تھا اللہ نے وہ بھی سن لیا فرمایا:  اچھا پہلے وہ اشعار سناؤ پھر تمہارے مقدمہ کا فیصلہ کریں گے۔ یہ اشعار عربی میں ہیں ان کا اردو ترجمہ کچھ یوں ہے : ترجمہ: میں نے تجھے بچپن میں غذادی اور جو ان ہونے کے بعد بھی تمہاری ذمہ داری اٹھائی تمہارا سب کھانا پینا میری ہی کمائی سےتھا۔ جب کسی رات میں تمہیں کوئی بیماری پیش آگئی تو میں نے تمام رات تمہاری بیماری کے سبب بیداری اور بے قراری میں گذاری۔ گویا کہ تمہاری بیماری مجھے ہی لگی ہے تمہیں نہیں، جس کی وجہ سے میں تمام شب روتا رہا۔ میرا دل تمہاری ہلاکت سے ڈرتا رہا، حلانکہ میں جانتا تھا کہ موت کا دن  مقرر ہے پہلے پیچھے نہیں ہو سکتی۔ پھر جب تم اس عمر اور اس حد تک پہنچ گئے جس کی میں تمنا کیا کرتا تھا۔ تو تم نے میرا بدلہ سختی اور سخت کلامی بنا دیا گویا کہ تم ہی مجھ پر احسان و انعام کر رہے ہو۔ کاش کہ تم سے میرے باپ ہونے کا حق ادا  نہیں ہو سکتاتو کم از کم ایسا ہی کر لیتے، جیسا ایک شریف پڑوسی کیا کرتا ہے۔ تو کم از کم مجھے پڑوسی کا حق حکم تو دیا ہوتااور خود میرے ہی مال میں میرے حق میں بخل سے کام نہ ہوتا۔ رسول اللہﷺ نے یہ اشعار سننے کے بعد بیٹے کا گریبان پکڑ لیا اور فرمایا’’أنت ومالك لأبيك‘‘ یعنی جا تو بھی اور تیرا مال بھی سب باپ کا ہے۔(ترجمہ ماخوذ از معارف القرآن),"مذکور حدیث ملاّ علی قاریؒ نے مرقاۃ المفاتیح میں طبرانی اور بیہقی کے حوالہ سے نقل فرمائی ہے جس کی عربی عبارت درج ذیل ہے: ففی مرقاة المفاتيح: "" وأخرج الطبراني في الأصغر، والبيهقي في دلائل النبوة، وعن جابر: «جاء رجل إليه - صلى الله عليه وسلم - فقال: يا رسول الله إن أبي يريد أن يأخذ مالي، فقال - عليه الصلاة والسلام -: "" ادعه لي ""، فلما جاء قال - عليه الصلاة والسلام - "" إن ابنك يزعم أنك تأخذ ماله "" فقال "" سله هل لعمته وقراباته أو لما أنفقه على نفسي وعيالي؟ قال: فهبط جبريل - عليه الصلاة والسلام - قال: يا رسول الله إن الشيخ قال في نفسه شعرا لم تسمعه أذناه ; فقال - عليه الصلاة والسلام: (قلت في نفسك شعرا لم تسمعه أذناك ; فهاته "" فقال: لا نزال يزيدنا الله بك بصيرة ويقينا ثم أنشأ يقول: غذوتك مولودا ومنتك يافعا ... تعل بما أجني عليك وتنهل إذا ليلة ضاقتك بالسقم لم أبت ... لسقمك إلا سامرا أتململ تخاف الورى نفسي عليك وإنها ... لتعلم أن الموت حتم موكل كأني أنا المطروق دونك بالذي ... طرقت به دوني فعيناك تهمل كأني أنا المطروق دونك بالذي ... إليك مراما فيك قد كنت آمل جعلت جزائي غلظة وفظاظة ... كأنك أنت المنعم المتفضل فليتك إذ لم ترع حق أبوتي ... فعلت كما جار المجاور يفعل قال: فبكى - عليه الصلاة والسلام - ثم أخذ بتلابيب ابنه وقال: "" اذهب أنت ومالك لأبيك» ""(5/ 1898) والله أعلم بالصواب!",قرآن و حدیث,تحقیق و تخریج حدیث,13980,2020-10-26,https://www.onlinefatawa.com/view_fatwa_unicode/13980/%E2%80%99%E2%80%99%D8%A7%D9%86%D8%AA-%D9%88%D9%85%D8%A7%D9%84%DA%A9-%D9%84%D8%A3%D8%A8%DB%8C%DA%A9%E2%80%98%E2%80%98-%D8%B3%DB%92-%D9%85%D8%AA%D8%B9%D9%84%D9%82-%D8%B1%D9%88%D8%A7%DB%8C%D8%AA-%DA%A9%DB%8C-%D8%AA%D8%AD%D9%82%DB%8C%D9%82
السلام علیکم ! کیا کسی حدیث میں ہے کہ جو آدمی تین جمعوں تک نماز نہ پڑھے تو وہ کافر ہوجاتا ہے؟,"کفر کی صراحت کے ساتھ کوئی حدیث تو ہماری نظر سے نہیں گزری، البتہ ایک حدیث میں ہے کہ جو شخص تین جمعہ کی نماز""تہاوناً""چھوڑ دے تو اللہ پاک اس کے دل پر مہر لگا دیتے ہیں، اس میں""تہاوناً"" سے مراد سستی، کاہلی اور بے  پرواہی بھی ہوسکتی ہے، اور تحقیر واہانت بھی اور دوسرے معنی کے لحاظ سے اگر کوئی جمعہ نہ پڑھے تو ایسا شخص بلاشبہ کافر ہے۔",قرآن و حدیث,تحقیق و تخریج حدیث,14739,,https://www.onlinefatawa.com/view_fatwa_unicode/14739/%DA%A9%DB%8C%D8%A7%D8%AA%DB%8C%D9%86-%D8%AC%D9%85%D8%B9%DB%92-%DA%86%DA%BE%D9%88%DA%91%D9%86%DB%92-%D9%88%D8%A7%D9%84%D8%A7-%D8%B4%D8%AE%D8%B5-%DA%A9%D8%A7%D9%81%D8%B1-%DB%81%D9%88%D8%AC%D8%A7%D8%AA%D8%A7-%DB%81%DB%92-%D8%9F
میں نے اپنے بڑوں سے ہمیشہ یہ بات سنی ہے کہ اگر عورت کا سر ڈھکا ہوا نہ ہو تو فرشتے اس جگہ سے دور چلے جاتے ہیں اور شیطان اس عورت کے سر پر پیشاب کرتا ہے، میں صرف یہ تحقیق کرنا چاہتی ہوں، اگر یہ حقیقت ہے تو میں آگے دوسرے لوگوں کو بیان کروں۔,مذکور سلسلہ میں اگرچہ کوئی حدیث نہیں ملی، مگر پھر بھی خواتین کو سر ڈھانکنے کا اہتمام چاہیے۔,قرآن و حدیث,تحقیق و تخریج حدیث,15583,,https://www.onlinefatawa.com/view_fatwa_unicode/15583/%DA%A9%DB%8C%D8%A7-%D8%B9%D9%88%D8%B1%D8%AA-%DA%A9%D8%A7-%D8%B3%D8%B1-%D8%A7%DA%AF%D8%B1-%D9%86%D9%86%DA%AF%D8%A7-%DB%81%D9%88-%D8%AA%D9%88-%D8%B4%DB%8C%D8%B7%D8%A7%D9%86-%D8%A7%D8%B3-%DA%A9%DB%92-%D8%B3%D8%B1--%D9%BE%D8%B1-%D9%BE%DB%8C%D8%B4%D8%A7%D8%A8-%DA%A9%D8%B1%D8%AA%D8%A7-%DB%81%DB%92%D8%9F
مولانا طارق جمیل اپنے بیانات میں اکثر ترمذی کی ایک حدیث بیان کرتے ہیں کہ حضرت ابو ہریرہ نے آپﷺ سے پوچھا آپ کو نبوت کب ملی؟ تو آپ نے فرمایا:  کہ ابھی تو زمین و آسمان بھی نہیں تھے  میں تو جب بھی نبی تھا (اللہ کمی بیشی معاف کرے ۔آمین)اور یہ کہ اللہ پاک نے زمین آسمان بننے سے ایک ہزار سال پہلے سورۃ یٰسین کی تلاوت کی تو یہ بھی اس بات کا ثبوت ہے کہ اس وقت بھی آپ ﷺ تھے، اس لیے اللہ نے یٰسین کی تلاوت فرمائی ،وضاحت فرمائیں ۔,سوال میں ترمذی شریف کی جس روایت کا حوالہ دیا گیا ہے، اس سے صر ف اتنی بات معلوم ہو تی ہے کہ حضرت آدم ؑ کی پیدائش کے وقت، بلکہ اس سے قبل آپ ﷺ کی نبوت کا فیصلہ ہو چکا تھا اور علم الٰہی میں آپ نبی تھے، اس سے یہ لازم نہیں آتا کہ آپ ﷺ اس وقت بذات خود بھی موجود تھے ۔,قرآن و حدیث,تحقیق و تخریج حدیث,15730,2020-10-26,https://www.onlinefatawa.com/view_fatwa_unicode/15730/%D8%AD%D8%B6%D9%88%D8%B1-%D8%B9%D9%84%DB%8C%DB%81-%D8%A7%D9%84%D8%B3%D9%84%D8%A7%D9%85-%DA%A9%DB%8C-%D9%86%D8%A8%D9%88%D8%AA-%D8%B3%DB%92-%D9%85%D8%AA%D8%B9%D9%84%D9%82-%D8%A7%DB%8C%DA%A9-%D8%AD%D8%AF%DB%8C%D8%AB-%DA%A9%D8%A7-%D9%85%D8%B7%D9%84%D8%A8
میں نے اکثر علماءکرام سے نبی کریم ﷺکی ایک حدیث سنی ہے جس میں آپﷺ نے ارشاد فرمایا'میں علم کا گھر ، ابوبکرؓ اس کی بنیاد ،عمر فاروقؓ ا س کی دیوار، عثمان غنیؓ اس کی چھت اور علی المرتضیؓ اس کا دروازہ ہیں۔ الفاظ کچھ آگے پیچھے ہو سکتے ہیں، اللہ تبارک  تعالیٰ معاف فرمائے ،لیکن اس کا مفہوم یہی ہے جو بیان کیا ہے ۔حضرت یہ حدیث شریف صحیح ہے ؟اور کس کتاب میں ہے؟,صورتِ مسئولہ میں مذکور حدیث اگر چہ کتب حدیث مثلاً: مرقات  المفاتیح وغیرہ میں موجود ہے، مگر اس کے بارے میں علماء ِکرام نے کلام کیا ہے اور اس کو ضعیف قرار دیا ہے ۔,قرآن و حدیث,تحقیق و تخریج حدیث,15647,0000-00-00,https://www.onlinefatawa.com/view_fatwa_unicode/15647/%D9%85%D8%B4%DB%81%D9%88%D8%B1-%D8%AD%D8%AF%DB%8C%D8%AB-%D9%85%DB%8C%DA%BA-%D8%B9%D9%84%D9%85-%DA%A9%D8%A7-%DA%AF%DA%BE%D8%B1-%DB%81%D9%88%D8%8C-%D8%A7%D8%A8%D9%88%D8%A8%DA%A9%D8%B1%D8%93-%D8%A7%D8%B3-%DA%A9%DB%8C-%D8%A8%D9%86%DB%8C%D8%A7%D8%AF%DB%94%DB%94%DB%94%DB%94%D8%A7%D9%84%D8%AE-%DA%A9%DB%8C-%D8%AA%D8%AD%D9%82%DB%8C%D9%82:
کچھ لوگ سلام کچھ اس طرح کہتے ہیں ۔''السلام علیکم '' ورحمۃ اللہ وبرکاتہ ومغفرتہ وجنت الحلال و دوزخ الحرام '' کیا یہ کسی حدیث سے ثابت ہے ؟  ایک کتاب میں ایک حدیث کا ذکر ہے ،جس میں سلام کے الفاظ ''مغفرتہ ''تک آئے  ہیں اور نیچے ابوداؤد اور مشکوۃ کا حوالہ ہے مزید یہ کہ اس حدیث مبارکہ کا حوالہ نمبر دے دیں ۔جس میں سلام کے الفاظ ومغفرتہ تک آئے ہیں ۔,سلام کے کلمات تو محض ''السلام علیکم ورحمۃاللہ وبرکا تہ ''ہی معروف اور مسنون ہیں ۔البتہ بعض احادیث میں ''ومغفرتہ '' تک کے الفاظ کا ثبوت ملتا ہے ۔جبکہ اس سے زائد اضافہ خلاف سنت ہے ۔اس لیے اس سے احتراز لازم ہے ۔جبکہ ابوداؤد کی مذکور حدیث کے الفاظ یہ ہیں ۔ کما فی سنن أبي داود: عن سهل بن معاذ بن أنس، عن أبيه عن النبي صلى الله عليه وسلم بمعناه، زاد: ثم أتى آخر فقال: السلام عليكم ورحمة الله وبركاته ومغفرته، فقال: «أربعون» و قال ھکذا تکون الفضائل۔(4/ 350),قرآن و حدیث,تحقیق و تخریج حدیث,18100,2020-10-26,https://www.onlinefatawa.com/view_fatwa_unicode/18100/%D8%B3%D9%84%D8%A7%D9%85-%DA%A9%DB%92-%D8%A7%D9%84%D9%81%D8%A7%D8%B8-%DA%A9%DB%81%D8%A7%DA%BA-%D8%AA%DA%A9-%D8%AB%D8%A7%D8%A8%D8%AA-%DB%81%DB%8C%DA%BA%D8%9F%D9%8E
مفتی صاحب حدیث کا مفہوم سمجھائیں '' مرنے والا اور مارنے والا دونوں  جہنمی ہیں '' آج کل جو بے گناہ مررہے ہیں، کیا وہ بھی جہنمی ہوئے  یا کچھ اور مطلب ہے؟,واضح ہو کہ سوال میں ذکر کردہ جملہ '' مرنے والا اور مارنے والا دونوں جہنمی ہیں '' حدیث کا ایک ٹکڑا ہے ۔جبکہ مکمل حدیث کا مفہوم یہ ہے کہ ''جب دو مسلمان ایک دوسرے  کے خلاف مارنے کیلیے تلوار اٹھالیں تو ان میں مارنے والا اور مرنے والا دونوں  جہنمی ہونگے ۔پوچھاگیا اے اللہ کے رسولؐ !قاتل کے بارے میں تو یہ بات سمجھ میں آتی ہے، پر مقتول کے ساتھ یہ معاملہ کیوں؟ تو فرمایا:کیونکہ اس نے بھی دوسرے کو قتل کرنے کا ارادہ کر لیا تھا ۔ [اگر وہ اسے نہ مارتا تو یہ اسے ماردیتا ]۔ جہاں تک آج کل کے بے گناہ مرنے والوں کا تعلق ہے تو وہ اس حدیث کے تحت داخل نہیں ۔,قرآن و حدیث,تحقیق و تخریج حدیث,18660,0000-00-00,https://www.onlinefatawa.com/view_fatwa_unicode/18660/%E2%80%99%E2%80%99-%D9%85%D8%B1%D9%86%DB%92-%D9%88%D8%A7%D9%84%D8%A7-%D8%A7%D9%88%D8%B1-%D9%85%D8%A7%D8%B1%D9%86%DB%92-%D9%88%D8%A7%D9%84%D8%A7-%D8%AF%D9%88%D9%86%D9%88%DA%BA-%D8%AC%DB%81%D9%86%D9%85%DB%8C-%DB%81%DB%8C%DA%BA%E2%80%98%E2%80%98-%D8%B3%DB%92-%DA%A9%DB%8C%D8%A7-%D9%85%D8%B1%D8%A7%D8%AF-%DB%81%DB%92%D8%9F
السلام علیکم  !سر پر عمامہ شریف رکھنے کی کوئی حدیث بھیج دیجیے ۔,ذیل میں چند احادیث مبارکہ مع ترجمہ درج کی جارہی ہیں ملاحظہ ہو: (۱)۔ فی شمائل الترمذی : عن جابر - رضی اللہ عنہ - قال :دخل النبی – صلی اللہ علیہ و سلم - مکۃ یوم الفتح و علیہ عمامۃسوداء۔اھ ( ص: 8) ترجمہ:حضرت جابر رضی اللہ عنہ سے روایت ہے کہ نبی کریم ﷺ فتح مکہ کے دن مکہ شریف داخل ہوئے، آپ کے سر مبارک پر کا لی پگڑی تھی ۔ (۲)۔ وفیہ ایضاً:جعفر بن عمرو بن حریث عن ابیہ انّ النبی– صلی اللہ علیه وسلم -  خطب الناس و علیہ عمامۃ سوداء اہ (ص8) ترجمہ :حضرت جعفر اپنے والد عمرو بن حریث  رضی اللہ عنہ سے نقل کرتے ہیں کہ نبی کریم ﷺ نے لوگوں کو خطبہ دیا، جبکہ آپ کے سر مبارک پر کالی پگڑی تھی ۔ (3)۔ وفیہ ایضاً: عن ابن عمر - رضی اللہ عنہ- قا ل: کا ن النبی  – صلی اللہ علیه وسلم -  اذا اعتم سدل عمامۃ بین تفیہ۔اھ(ص8) ترجمہ: حضرت ابن عمر رضی اللہ سے روایت ہے کہ نبی کریم ﷺجب عمامہ باندھ لیتے تو اس کے شملے کو اپنے دونوں کندھوں کے درمیان چھوڑدیتے ۔ واللہ أعلم بالصواب!,قرآن و حدیث,تحقیق و تخریج حدیث,18261,2020-10-26,https://www.onlinefatawa.com/view_fatwa_unicode/18261/%D8%B3%D8%B1-%D9%BE%D8%B1-%D8%B9%D9%85%D8%A7%D9%85%DB%81-%D9%BE%DB%81%D9%86%D9%86%DB%92-%DA%A9%DB%92-%D8%A8%D8%A7%D8%B1%DB%92-%D9%85%DB%8C%DA%BA-%D8%A7%D8%AD%D8%A7%D8%AF%DB%8C%D8%AB-%D9%85%D8%A8%D8%A7%D8%B1%DA%A9%DB%81
کیا فرماتے ہیں علماء ِکرام و مفتیانِ عظام اس حدیث کے بارے میں کہ رسول اللہﷺ کی بارگاہ میں ذوی الخیر نامی شخص نے گستاخی کی جس کی نشانیاں تھیں،۱۔داڑھی، ۲۔سرسے گنجا، ۳۔ شلوار اوپر گال بھرے ہوئے، ۴۔آنکھیں پنسی ہوئی، ۵۔پیشانی ظاہر، مزید آپ نے فرمایا کہ اس سے قوم نکلے گی۔ آج کل بریلوی دیوبندیوں پر فٹ کرتے ہیں کہ وہ پانچ نشانیاں اور رسول اللہ کا فرمان  حلق سے نہیں اترے گا مسلمان کو قتل غیروں کی مد۔۔ کیاصحیح ہے؟,حدیث شریف کے جو الفاظ ہیں وہ یہ ہیں ’’يخرج من ضئضئ هذا قوم‘‘ کہ اس آدمی کے نسب سے ایسی قوم نکلےگی اور بتصریحِ محدثین اس کی قوم سے حضرت علی کرم اللہ وجہہ کے زمانے میں ایسے لوگ نکلے تھے جو خوارج کے نام سے تاریخ کی کتابوں میں یاد کیے جاتے ہیں، اس لیے حدیث میں آدمی کی تعیین کےلیے درج صفات یا علامات کو کسی مخصوص شخص یاجماعت پر فٹ کرنا دیانت کے خلاف اور تعصّب پر مبنی حرکت ہے جس سے  احتراز لازم ہے۔,قرآن و حدیث,تحقیق و تخریج حدیث,21490,2020-10-26,https://www.onlinefatawa.com/view_fatwa_unicode/21490/%DB%8C%D8%AE%D8%B1%D8%AC-%D9%85%D9%86-%D8%B6%D8%A6%D8%B6%D8%A6-%DB%81%D8%B0%D8%A7-%D9%82%D9%88%D9%85-%D9%88%D8%A7%D9%84%DB%8C-%D8%AD%D8%AF%DB%8C%D8%AB-%DA%A9%DB%8C-%D9%85%D8%B1%D8%A7%D8%AF
کیا فرماتے ہیں علماء ِکرام و مفتیان ِعظام اس مسئلہ کے بارے میں کہ میں نے فیس بک پر ایک حدیث پڑھی ہے کہ خربوزہ کھانے میں تاخیر نہ کرو، میں نے وہ حدیث کسی حوالے کے بغیر اپنے دوستوں کو سنائی وہ کہتے ہیں  کہ ایسی کوئی حدیث نہیں ہے۔ براہ ِکرم اس کے بارے میں راہنمائی فرمائیں، اب چونکہ میں نے اسے بغیر تحقیق  آگے پھیلایا ہے تو اس کےبارے میں میرے لیے کیا حکم ہے؟ یہ میں نے جان بوجھ کر نہیں کیا ہے۔,بغیر تحقیق اس طرح کی عبارت کو حدیث کا درجہ دینا اور آگے ایس، ایم، ایس کرنا درست نہیں ، بلکہ بسااوقات اس سے بجائے فائدہ ہونے کے گمراہی پھیلنے کاشدید اندیشہ ہوتا ہے، اس لیے سائل کو چاہیے کہ آئندہ کسی محقق عالم سے حدیث یا مسائل کی تحقیق کر اکر آگے بھیجنے کا اہتمام کرے۔ جبکہ مذکور عبارت کا حدیث ہونے کی تحقیق نہ ہو سکی۔,قرآن و حدیث,تحقیق و تخریج حدیث,22055,2020-10-26,https://www.onlinefatawa.com/view_fatwa_unicode/22055/%E2%80%99%E2%80%99%D8%AE%D8%B1%D8%A8%D9%88%D8%B2%DB%81-%DA%A9%DA%BE%D8%A7%D9%86%DB%92-%D9%85%DB%8C%DA%BA-%D8%AA%D8%A7%D8%AE%DB%8C%D8%B1%D9%86%DB%81-%DA%A9%D8%B1%D9%88%E2%80%98%E2%80%98-%D8%AD%D8%AF%DB%8C%D8%AB-%DB%81%DB%92-%DB%8C%D8%A7-%D9%86%DB%81%DB%8C%DA%BA%D8%9F
محترم جناب! السلام علیکم و رحمۃ اللہ و برکاتہ کیا حضرت عائشہ کی کوئی حدیث ہے ، جس کا مفہوم یہ ہے کہ ’’کبھی کھبار دو تین دن تک کھانے کے لۓ کچھ نہیں ہوتا تھا ، سوائے دو کالی چیزوں کے ’’ یعنی پانی اور کھجور ، جبکہ آج کل کے سائنسدانوں کا کہنا ہے کہ پانی جب تھوڑی مقدار میں ہو  ،تو اس کا کوئی رنگ نہیں ہوتا اور جب زیادہ مقدار ہو تو نیلا رنگ کا ہوتا ہے ،  براہِ مہربانی حدیث کو با ترجمہ ذکر کیجیے اور اس کی فضیلت واضح کیجیے۔,یہ عربی زبان کا مخصوص اسلوب ہے کہ قرب کی وجہ سے ایک نام دو الگ چیزوں کے لۓ استعمال کیا جاتا ہے ، جیسے چاند اور سورج کو ’’قمرین‘‘ یعنی دو چاند کہہ دیا جاتا ہے ، حالانکہ چاند اور سورج دونوں کے مستقل نام ہیں ، اسی قاعدہ کے تحت تغلیباً کھجور کے رنگ کی سیاہی کی وجہ سے پانی اور کھجور دونوں کے لۓ ’’اسودین‘‘ کا لفظ استعمال کیا گیا۔,قرآن و حدیث,تحقیق و تخریج حدیث,24232,2014-12-21,https://www.onlinefatawa.com/view_fatwa_unicode/24232/%D9%BE%D8%A7%D9%86%DB%8C-%D8%A7%D9%88%D8%B1-%DA%A9%D8%AC%DA%BE%D9%88%D8%B1-%DA%A9%D9%88-
پوچھنا یہ ہے کہ آپ صلی اللہ علیہ وسلم اور صحابہ کرام رضوان اللہ علیھم اجمعین کے زمانے میں احادیث کی جمع وترتیب نہیں ہوئی تھی ۔اور ہم اس بات کا یقین رکھتے ہیں کہ صحیح بخاری قرآن کریم کے بعد مستند اور مشہور کتاب ہے۔امام بخاریؒ آپﷺکے زمانے کے  ایک صدی بعد پیدا ہوئے ۔امام بخاریؒ فرماتے ہیں کہ میں چھ لاکھ احادیث جانتا ہوں اور میں نے صرف چھ سے سات ہزار احادیث بخاری میں ذکر کی ہیں ۔اس کا مطلب یہ ہوا کہ باقی کی تمام احادیث یا تو ضعیف ہیں یا موضوع۔میرا سوال یہ ہے کہ امام بخاریؒ  آپﷺکے زمانے کے ایک صدی بعد پیدا ہوئے اور اس کے علاوہ اور بھی محدثین کرام آئے تو یہ تمام محدثین کسی حدیث کے صحیح ہونے کے بارے میں کیسے جانتے ہیں ؟,اولاً تو سائل کی یہ بات درست نہیں کہ عہد رسالت اور عہد صحابہ میں احادیث کی جمع وترتیب نہیں ہوئی تھی ،بلکہ حقیقت یہ ہے کہ عہد رسالت میں صحابہ کرام کی ایک جماعت احادیث کو قلمبند کرتی رہی ،جن میں ایسے صحابہ بھی ہیں ، جنہوں نے احادیث کا ایک بڑاذخیرہ رسول اللہ ﷺسے سن کر قلمبند کیا ، نیز احادیث کا ذخیرہ ایسا ہے جو خود رسو ل اللہ ﷺنے املاء کرایا ، اور صحابہ کرام نے اسے محفوظ کیا اور یہی سلسلہ عہد صحابہ میں بھی چلتا رہا، اور پھر تیسری صدی میں باقاعدہ احادیث کی کتابیں لکھی گئیں ۔ جبکہ صحیح بخاری میں ذکر کی گئی احادیث کے علاوہ بھی صحیح احادیث موجود ہیں اور انہوں نے ساری صحیح احادیث کا احاطہ نہیں کیا ، بلکہ انہوں نے اطمینان کیلیے کچھ کڑی شرائط وضع کی تھیں ، چناچہ جو احادیث ان شرائط پر اتریں ،ان کو اپنی کتاب الجامع الصحیح میں ذکر کیا ۔جبکہ احادیث مبارکہ جتنی بھی آئیں ،وہ معلوم واسطوں سے آئی ہیں ،اور جن افراد کے واسطے سے آئیں، ان کے تمام حالات محفوظ ہیں ، جن کی بنیادپر راویان حدیث کو ضعیف یا وضاع قرار دیا گیا اور احادیث مبارکہ کی وہ قسمیں وجود میں آئیں ۔,قرآن و حدیث,تحقیق و تخریج حدیث,25300,2020-10-26,https://www.onlinefatawa.com/view_fatwa_unicode/25300/%D8%B5%D8%AF%DB%8C%D9%88%DA%BA-%D8%A8%D8%B9%D8%AF-%D9%BE%DB%8C%D8%AF%D8%A7-%DB%81%D9%88%D9%86%DB%92-%D9%88%D8%A7%D9%84%DB%92-%D9%85%D8%AD%D8%AF%D8%AB%DB%8C%D9%86-%DA%A9%D9%88-%D8%AD%D8%AF%DB%8C%D8%AB-%DA%A9%DB%8C-%D8%B5%D8%AD%D8%AA-%DA%A9%DB%92-%D8%A8%D8%A7%D8%B1%DB%92-%D9%85%DB%8C%DA%BA-%DA%A9%DB%8C%D8%B3%DB%92-%D9%BE%D8%AA%DB%81-%DA%86%D9%84%D8%A7%D8%9F
میں نے نیچے والی حدیث سنی ہے ،لیکن مجھے اس کا حوالہ  نہیں ملا، تو براہِ کرم آپ میری حوالے کے لیے مدد وراہنمائی فرمائیں۔ ’’حضرت جابر رضی اللہ عنہ کا فرمان ہے  میں بدھ کے دن ظہر اور عصر کے درمیان دعا کرتا  ہوں میری دعا قبول ہو جاتی‘‘ (مسند امام احمد) تو یہ حدیث کہا ں ہے اور صحیح حدیث کیا ہے اس کے متعلق؟,مذکور الفاظ میں تو حدیث نہیں ملی کہ ظہر اور عصر کے درمیان دعا کرتا  ہوں تو میری دعا قبول  ہوجاتی، البتہ بدھ کے دن قبولیت دعا کی روایت موجود ہے جس کے الفاظ درج ذیل ہیں: جابر بن عبداللہ رضی اللہ عنہ کی روایت ہے کہ بےشک نبی کریمﷺ نے مسجد فتح میں پیر، منگل، بدھ تین دعا مانگی توبدھ کے دن دونمازوں کے درمیان وہ دعا قبول ہوگئی۔ تو حضورﷺ کے چہرے میں خوشی محسوس ہوئی، تو حضرت جابرؓ فرماتے ہیں کہ مجھے جب بھی کوئی مشکل پیش آتی تو میں اُسی گھڑی (وقت) دعا کا قصد کرتا اور اس میں دعا مانگتا تو میں دعا کی قبولیت کو پہچان لیتا، (یعنی میری دعا قبول ہو جاتی)۔ والله أعلم بالصواب!,قرآن و حدیث,تحقیق و تخریج حدیث,24575,2020-10-26,https://www.onlinefatawa.com/view_fatwa_unicode/24575/%E2%80%99%E2%80%99%D9%85%DB%8C%DA%BA-%D8%A8%D8%AF%DA%BE-%DA%A9%DB%92-%D8%AF%D9%86-%D8%B8%DB%81%D8%B1-%D8%A7%D9%88%D8%B1-%D8%B9%D8%B5%D8%B1-%DA%A9%DB%92-%D8%AF%D8%B1%D9%85%DB%8C%D8%A7%D9%86-%D8%AF%D8%B9%D8%A7-%DA%A9%D8%B1%D8%AA%D8%A7-%DB%81%D9%88%DA%BA%DB%94%DB%94%DB%94-%D8%A7%D9%84%D8%AE-%D8%B1%D9%88%D8%A7%DB%8C%D8%AA-%DA%A9%DB%8C-%D8%AA%D8%AD%D9%82%DB%8C%D9%82:
السلام علیکم ورحمۃ اللہ وبرکاتہ وبعد جناب مفتی صاحب ہمارے ہاں انڈیا گجرات میں فتاویٰ رضویہ کے حوالے سے بریلوی حضرات نے ایک بات حضور اکرمﷺ کی طرف منسوب کرتے ہوئے بتاتے ہیں کہ ایک سال ایسا آئے گا جس میں اولے بہت برسیں گے اور زلزلے کثرت سے آئیں گے اس سال رمضان المبارک کا پہلا اور پندرھواں روزہ جمعہ کا دن ہوگا اور پندرھواں رات کو ایک دھماکہ سنائی دے گا، تو اس جمعہ کی فجر کی نماز پڑھ کر اپنے اپنے گھروں میں داخل ہو جاؤ اور چادر اوڑھ لو پھر ایک چیخنے کی آواز سنائی دے تو فوراً اللہ کو سجدہ کر کے سجدہ میں یہ تسبیح پڑھیں (۱) سبحان القدوس (۲) سبحان القدوس (۳) ربنا القدوس جبتک آواز سنائی دے جو ایسا کرے گا وہ نجات پائے گا (زندہ بچ جائے گا) اور جو ایسا نہیں کرے گا وہ ہلاک ہو جائے گا (مر جائے گا) اس کے بارے میں تحقیق چاہیے امید ہے کہ آپ ہمیں ممنون ومشکور فرمائیں گے فقط والسلام سراج الدین غفرلہ,باوجود تتبع و تلاش کے ہمیں مذکور حدیث کتب حدیث میں نہیں ملی معلوم ہوتا ہے کہ یہ من گھڑت روایت ہے اس لیے سائل کو چاہیے کہ ان لوگوں سے اس کا حوالہ مانگے اگر مل جائے تو ہمیں بھیج دیں تو اس پر مکرر غور کیا جا سکتا ہے۔ واللہ اعلم بالصواب!,قرآن و حدیث,تحقیق و تخریج حدیث,25817,2015-06-23,https://www.onlinefatawa.com/view_fatwa_unicode/25817/%D9%82%DB%8C%D8%A7%D9%85%D8%AA-%DA%A9%DB%92-%D9%82%D8%B1%DB%8C%D8%A8-%D8%AC%D9%85%D8%B9%DB%81-%DA%A9%D9%88-%D9%BE%DB%81%D9%84%D8%A7-%D8%B1%D9%85%D8%B6%D8%A7%D9%86-%D8%A7%D9%88%D8%B1-%D8%AF%DA%BE%D9%85%D8%A7%DA%A9%DB%92-%DA%A9%DB%8C-%D8%A2%D9%88%D8%A7%D8%B2
ایک کتاب میں عمدۃ القاری اور شرح مہذب کا حوالہ دے کر لکھاہے کہ ضعیف حدیث کی نسبت نبی کی طرف کرنا نبی پر جھوٹ بولناہے، اور نبی پر جھوٹ بولنے والے اپنا ٹھکانہ جہنم بنالے، اس کی کیا تفصیل ہے؟ رہنمائی فرمائیں:,مذکور کتابوں میں جو کچھ لکھاہے اس کا مطلب یہ ہے کہ حدیث جس درجہ کی ہو تو اسی انداز میں روایت کی جائے اگر حدیث صحیح ہو تو اسی کے صیغہ کے ساتھ اور ضعیف یا موضوع ہو تو انہی کے الفاظ اور صیغوں کے ساتھ روایت کی جائے وہ مطلب نہیں جو سائل یا مذکور کتاب والے نے سمجھایاہے۔,قرآن و حدیث,تحقیق و تخریج حدیث,27404,2015-12-13,https://www.onlinefatawa.com/view_fatwa_unicode/27404/%D8%B6%D8%B9%DB%8C%D9%81-%D8%AD%D8%AF%DB%8C%D8%AB-%DA%A9%DB%8C-%D9%86%D8%B3%D8%A8%D8%AA-%D8%AD%D8%B6%D9%88%D8%B1%EF%B7%BA-%DA%A9%DB%8C-%D8%B7%D8%B1%D9%81-%DA%A9%D8%B1%D9%86%D8%A7
محترم جناب مفتی صاحب! السلام علیکم ورحمۃ اللہ وبرکاتہ ! «أَصْحَابِي كَالنُّجُومِ فَبِأَيِّهِمُ اقْتَدَيْتُمْ اهْتَدَيْتُمْ»  کیا یہ حدیث رسول اللہ ﷺ سے ثابت ہے؟ اگر حدیثِ پیغمبر ہے تو براہِ مہربانی باحوالہ جواب عنایت فرمائیں۔والسلام۔,جی ہاں ! یہ رسول اللہ ﷺ کی ایک حدیث کا حصہ ہے،پوری حدیث مشکوٰۃ شریف کے حوالہ سے ذیل میں درج کی جارہی ہے،ملاحظہ ہو!,قرآن و حدیث,تحقیق و تخریج حدیث,28213,,https://www.onlinefatawa.com/view_fatwa_unicode/28213/%E2%80%9D%D8%A3%D9%8E%D8%B5%D9%92%D8%AD%D9%8E%D8%A7%D8%A8%D9%90%D9%8A-%D9%83%D9%8E%D8%A7%D9%84%D9%86%D9%91%D9%8F%D8%AC%D9%8F%D9%88%D9%85%D9%90%E2%80%9C-%D8%AD%D8%AF%DB%8C%D8%AB%D9%90-%DA%A9%DB%8C-%D8%AA%D8%AD%D9%82%DB%8C%D9%82
مفتی صاحب! یہ بتائیں کہ اللہ تعالیٰ کا قرآن کلام اللہ قدیم ہے؟ لیکن جو اللہ تعالیٰ کا باقی کلام ہے، مثلاً احادیث قدسیہ اور مندرجہ ذیل حدیث : ’’ینزل ربنا عزوجل کل لیلة الی سماء الدنیا حین یبقی ثلث اللیل الاخر فیقول من یدعونی فاستجیب له من یسئلنی فاعطیه من یستغفرنی فاغفرله‘‘ تو  کیایہ بھی قدیم ہیں؟ اس کو کیسے سمجھا جائے؟ جزاکم اللہ!,واضح ہو کہ احادیث قدسیہ اور دیگر کتب سماویہ بھی کلام اللہ کی طرح اللہ تعالیٰ کی صفاتِ قدیمہ ہیں۔,قرآن و حدیث,تحقیق و تخریج حدیث,29782,2020-10-26,https://www.onlinefatawa.com/view_fatwa_unicode/29782/%DA%A9%DB%8C%D8%A7%D9%82%D8%B1%D8%A7%D9%93%D9%86-%DA%A9%DB%8C-%D8%B7%D8%B1%D8%AD-%D8%A7%D8%AD%D8%A7%D8%AF%DB%8C%D8%AB%D9%90-%D9%82%D8%AF%D8%B3%DB%8C%DB%81-%D8%A8%DA%BE%DB%8C-%D9%82%D8%AF%DB%8C%D9%85-%DB%81%DB%8C%DA%BA%D8%9F
کیا فرماتے ہیں علماء ِکرام و مفتیانِ عظام اس مسئلہ کے بارے میں کہ میں نے ایک حدیث کے بارے میں سنا ہے جس کا مفہوم ہے کہ ہمیں اپنے کام، منصوبے ،اسفار وکاروبار وغیرہ کے متعلق قبل از وقت ظاہر نہیں کرنا چاہیے تاکہ حاسدین کے حسد سے محفوظ رہیں کیا یہ درست ہے؟ براہ ِکرم وضاحت فرمائیں کیونکہ یہ ایمان کا معاملہ ہے؟,جی ہاں! بعض احادیثِ مبارکہ سے یہی معلوم ہوتا ہے، چنانچہ معجم کبیر للطبرانی میں ’’استعینوا علی انجاح الحوائج بالکتمان فان کل ذی نعمة محسود‘‘ اپنے مقاصد کو حاصل کرنے کے لیے رازداری کو اپناؤ ، اس لیے کہ ہر نعمت والے کے ساتھ حسد کیا جاتا ہے۔,قرآن و حدیث,تحقیق و تخریج حدیث,30520,2020-10-26,https://www.onlinefatawa.com/view_fatwa_unicode/30520/%D9%85%D8%B9%D8%A7%D9%85%D9%84%D8%A7%D8%AA-%D9%82%D8%A8%D9%84-%D8%A7%D8%B2-%D9%88%D9%82%D8%AA-%D8%B1%D8%A7%D8%B2%D8%AF%D8%A7%D8%B1%DB%8C-%D9%85%DB%8C%DA%BA-%D8%B1%DA%A9%DA%BE%D9%86%DB%92-%D8%B3%DB%92-%D9%85%D8%AA%D8%B9%D9%84%D9%82-%D8%B1%D9%88%D8%A7%DB%8C%D8%AA-%D8%AB%D8%A7%D8%A8%D8%AA-%DB%81%DB%92-%DB%8C%D8%A7-%D9%86%DB%81%DB%8C%DA%BA%D8%9F
جب بندہ اپنی بیوی سے مل کریعنی مباشرت کرنے کے بعد جب غسل کرتا ہے،تو اس کےیعنی آدمی کے ہر بال کے بدلے میں ایک نیکی ملتی ہے؟,"سائل نے جس روایت کے متعلق سوال کیا ہے یہ روایت ""حدیث عطارۃ"" کے نام سے مشہور ہے اور اس میں ہر بال کے بدلہ میں ایک نیکی ملنے کے بجائے دس نیکیاں مل جانے اور دس خطائیں معاف ہوجانے کا ذکر ہے،مگر محدثین نے اس حدیث پر کلام کیا ہے،چنانچہ امام دار قطنی فرماتےہیں کہ یہ حدیث باطل ہے،اسلئے اس روایت کے مضمون پر اعتماد کرنا درست نہیں۔",قرآن و حدیث,تحقیق و تخریج حدیث,32346,,https://www.onlinefatawa.com/view_fatwa_unicode/32346/%D9%85%DB%8C%D8%A7%DA%BA-%D8%A8%DB%8C%D9%88%DB%8C-%DA%A9%DB%92-%DB%81%D9%85%D8%A8%D8%B3%D8%AA%D8%B1%DB%8C-%D9%BE%D8%B1-%D9%86%DB%8C%DA%A9%DB%8C%D8%A7%DA%BA-%D9%85%D9%84%D9%86%DB%92-%D9%88%D8%A7%D9%84%DB%8C-%D8%AD%D8%AF%DB%8C%D8%AB-%DA%A9%DB%8C-%D8%AA%D8%AD%D9%82%DB%8C%D9%82
ایک حدیث میں نے سنی تھی کہ اگر شوہر اپنی بیوی کو حکم دے کہ پہاڑ کو دھکا لگا کر کسی جگہ منتقل کرو ،بیوی کو چاہیئے کہ وہ تب بھی اس کےحکم سے انکار نہ کرے، اگر چہ دونوں جانتے ہیں ایسا ممکن نہیں، کیا آپ بتا سکتے ہیں یہ حدیث ہے؟ یا کونسی کتاب کی ہے؟,جی ہاں! اس مضمون کی روایت مشکوۃ المصابیح میں مسند احمد کے حوالے سے نقل کی گئی ہے، جس کے الفاظ یہ ہیں: ولو أمرها أن تنقل من جبل أصفر إلى جبل أسود ومن جبل أسود إلى جبل أبيض كان ينبغي لها أن تفعله ( کہ اگر شوہر بیوی کو یہ حکم دے کہ پیلے پہاڑ کو کالے پہاڑ کی طرف اور کالے پہاڑ کو سفید پہاڑ کی طرف منتقل کرے تو اسے ایسا کر دینا چاہیئے ) اور مقصود اس حدیث سے شوہرکے جائز امور کی حتی الامکان تعمیل کرنے کی ترغیب دینا ہے۔,قرآن و حدیث,تحقیق و تخریج حدیث,35258,,https://www.onlinefatawa.com/view_fatwa_unicode/35258/%D8%B4%D9%88%DB%81%D8%B1-%DA%A9%DB%8C-%D9%81%D8%B1%D9%85%D8%A7%D9%86%D8%A8%D8%B1%D8%AF%D8%A7%D8%B1%DB%8C-%D8%B3%DB%92-%D9%85%D8%AA%D8%B9%D9%84%D9%82-%D9%BE%DB%81%D8%A7%DA%91-%DA%A9%D9%88-%D8%AF%DA%BE%DA%A9%D8%A7-%D8%AF%DB%8C%D9%86%DB%92-%D9%88%D8%A7%D9%84%DB%8C-%D8%AD%D8%AF%DB%8C%D8%AB-%DA%A9%DB%8C-%D8%AA%D8%AD%D9%82%DB%8C%D9%82
کیا فرماتے ہیں علماءِ  کرام! اس مسئلہ  کے بارے میں کہ  نصابی کتب میں روایت ملتی ہے کہ رسول الله  ﷺپر ایک عورت کوڑا  پھینکتی تھی ،ایک دن اس نے  کوڑانہ پھینکا تور سول اللہ ﷺ اس کےگھر تشریف لے کر گئے   تو وہ عورت بیمار تھی ، آپ صلی اللہ علیہ وسلم نے اس کے  گھر کوصاف کیا ،پانی بھرا ، تو وہ عورت آپ صلی اللہ علیہ وسلم کا اخلاق دیکھ کر مسلمان ہو گئی- کیا یہ حدیث ہے یا سنی  سنائی بات ہے یا گور نمنٹ  کا نصاب ہی اس کا حوالہ ہے ؟ اس حوالے سے شرعی رہنمائی  فرمائیں۔,مذکور قصہ تلاشِ  بسیار کے باوجود ہمیں مستند کتبِ  حدیث میں نہیں مل سکا، لہذا بغیر کسی معتبر سند کے مذکورقصہ کو حضور اکرم ﷺ  کی طرف منسوب کر کے بیان کرنے سے احتراز کرنا چاہئے ۔,قرآن و حدیث,تحقیق و تخریج حدیث,36994,2019-03-03,https://www.onlinefatawa.com/view_fatwa_unicode/36994/%D8%AD%D8%B6%D9%88%D8%B1-%EF%B7%BA-%D9%BE%D8%B1-%DA%A9%D9%88%DA%91%D8%A7--%D9%BE%DA%BE%DB%8C%DA%A9%D9%86%DB%92-%D9%88%D8%A7%D9%84%DB%8C-%D8%B9%D9%88%D8%B1%D8%AA-%DA%A9%DB%92-%D9%82%D8%B5%DB%81-%DA%A9%DB%8C-%D8%AA%D8%AD%D9%82%DB%8C%D9%82-
’’لو اجتمع الناس علی حب علیّ لما خلق اللہ النار ابداً‘‘ کیا یہ حدیث صحیح ہے اور اس کا مطلب کیا ہے؟,تمام صحابہ کرام بشمول حضرت علی رضی اللہ عنہم اجمعین سے محبت و عقیدت رکھنا  تو ہر مسلمان کیلئے ضروری اور ایمان کا حصہ ہے، جس کی احادیثِ مبارکہ میں ترغیب آئی ہے، تاہم سائل نے سوال میں جو روایت نقل کی ہے ’’لو اجتمع الناس علی حب علی لم یخلق اللہ النار‘‘ (ترجمہ: اگر تمام لوگ حضرت علیؓ کی محبت پر جمع ہوجاتے، تو اللہ پاک آگ کو پیدا نہیں کرتے) مذکور روایت کو محدثین کرام نے موضوع و من گھڑت قرار دیا ہے۔,قرآن و حدیث,تحقیق و تخریج حدیث,37337,2019-04-01,https://www.onlinefatawa.com/view_fatwa_unicode/37337/%D8%AD%D8%B6%D8%B1%D8%AA-%D8%B9%D9%84%DB%8C%D8%93-%DA%A9%DB%8C-%D9%85%D8%AD%D8%A8%D8%AA-%D9%BE%D8%B1-%D8%AA%D9%85%D8%A7%D9%85-%D9%84%D9%88%DA%AF-%D8%AC%D9%85%D8%B9-%DB%81%D9%88-%D8%AC%D8%A7%D8%AA%DB%92---%D9%85%D9%86-%DA%AF%DA%BE%DA%91%D8%AA-%D8%AD%D8%AF%DB%8C%D8%AB
کیا فرماتے ہیں مفتیانِ کرام اس مسئلہ کے بارے میں کہ  ’’نمازِ  جمعہ کے لۓ ایک قدم پر  ایک سال تہجد کا ثواب ملتا ہے ‘‘  کیا یہ حدیث ہے؟ اگر ہے تو کون سی ہے ؟ براہِ کرم جواب دے دیں، جزاکم اللہ,جی ہاں! مذکور مضمون پر مشتمل حدیث سننِ ترمذی ، سننِ ابن ماجہ ، اور مسندِ احمد میں مذکور ہے کہ حضرت اوس بن اوس رضی اللہ عنہ فرماتے ہیں کہ رسول اللہ ﷺنے فرمایا: ’’ جس نے جمعہ کے دن غسل کیا ، اور جلدی ( مسجد ) میں حاضر ہوا ، اور امام کے قریب ہو کر خاموشی کے ساتھ غور سے خطبہ سنا تو اس کے لۓ ہر قدم کے بدلے ایک سال کے روزوں ، قیام (تہجد) کا ثواب ہے۔,قرآن و حدیث,تحقیق و تخریج حدیث,37362,2019-04-04,https://www.onlinefatawa.com/view_fatwa_unicode/37362/%D8%AD%D8%AF%DB%8C%D8%AB-%E2%80%99%E2%80%99%D9%86%D9%85%D8%A7%D8%B2%D9%90--%D8%AC%D9%85%D8%B9%DB%81-%DA%A9%DB%92-%D9%84%DB%93-%D8%A7%DB%8C%DA%A9-%D9%82%D8%AF%D9%85-%D9%BE%D8%B1--%D8%A7%DB%8C%DA%A9-%D8%B3%D8%A7%D9%84-%D8%AA%DB%81%D8%AC%D8%AF-%DA%A9%D8%A7-%D8%AB%D9%88%D8%A7%D8%A8-%D9%85%D9%84%D8%AA%D8%A7-%DB%81%DB%92-%E2%80%98%E2%80%98--%DA%A9%DB%8C-%D8%AA%D8%AD%D9%82%DB%8C%D9%82
میں نے ایک حدیث سنی ہے کہ ام سلمہؓ آپﷺ سے روایت کرتی ہیں کہ جو شخص چاندی کے برتن میں پیتا ہے، وہ اپنے پیٹ میں جہنم کی آگ بھرتا ہے، میرا سوال یہ ہے کہ کیا یہ حدیث صحیح ہے؟ اگر صحیح ہے تو اس کے استعمال سے کیوں منع کیا گیا ہے، کیاوہ صحت کے لیے مضر ہے؟ یا آخرت کی وجہ سے  ؟,سونا چاندی کے برتن استعمال کرنا اسراف کے ساتھ ساتھ متکبرین وکفار سے مشابہت بھی ہے، اس لیے احادیث مبارکہ میں اس کی ممانعت وارد ہے، چنانچہ سوال میں مذکور حدیث کتب حدیث میں صحیح سند کے ساتھ منقول ہے۔,قرآن و حدیث,تحقیق و تخریج حدیث,37890,,https://www.onlinefatawa.com/view_fatwa_unicode/37890/%DA%86%D8%A7%D9%86%D8%AF%DB%8C-%DA%A9%DB%92-%D8%A8%D8%B1%D8%AA%D9%86-%D9%85%DB%8C%DA%BA-%D9%BE%DB%8C%D9%86%DB%92-%DA%A9%DB%92-%D8%A8%D8%A7%D8%B1%DB%92-%D9%85%DB%8C%DA%BA-%D9%88%D8%A7%D8%B1%D8%AF%DB%81-%D8%B4%D8%AF%DB%81-%D8%AD%D8%AF%DB%8C%D8%AB-%DA%A9%DB%8C-%D8%AA%D8%AD%D9%82%DB%8C%D9%82
,"مذکور حدیث متعدد کتبِ حدیث میں مروی ہے ، اور امام حاکم نے اسے "" صحیح علی شرط الشیخین "" قرار دیا ہے ، جبکہ علامہ ذہبی نے بھی اس کی سند کو درست کہا ہے ، لہذا یہ حدیث سند کے اعتبار سے مستند اور قابل استدلال ہے۔",قرآن و حدیث,تحقیق و تخریج حدیث,38353,,https://www.onlinefatawa.com/view_fatwa_unicode/38353/%D8%B3%D9%88%D8%A7%D9%84-%D9%85%DB%8C%DA%BA-%D9%85%D8%B0%DA%A9%D9%88%D8%B1-%D8%A7%DB%8C%DA%A9--%D8%AD%D8%AF%DB%8C%D8%AB-%DA%A9%DB%8C-%D8%AA%D8%AD%D9%82%DB%8C%D9%82
مفتی صاحب ! قرآن مجید میں ایسی کوئی آیت موجود ہے یا احادیث میں کوئی ایسی حدیث جس میں اس بات کی ترغیب دی گئی ہو کہ اگر کسی صاحبِ حیثیت مسلمان کے پڑوس، جان پہچان یارشتہ داروں میں کوئی نہایت غریب اور نادار فرد موجود ہو تو وہ  صاحبِ حیثیت شخص دوسری بار یا تیسری بار حج اور عمرہ کے لیےجانے کی بجائے اس غریب اور نادار کو وہ رقم دے دے اور حج اور عمرہ کے لیے نہ جاوے ؟  اگر ایسی صورت کسی کو پیش آجائے تو پھر وہ صاحبِ استطاعت کیا عمل اختیار کرے؟ نیز ایسی کوئی حدیث موجود ہے جس میں صاحبِ استطاعت لوگوں کو بار بار حرمین شریفین عمرہ اور حج کے لیے حاضری کی ترغیب دی گئی ہو ؟ برائے مہربانی ایسی حدیث غریب کی نشاندہی فرمادیں؟,"واضح ہو کہ حرمین شریفین کی بار بار  زیارت کرنابہت بڑی سعادت مندی   کی بات ہے اور نبی کریم صلی اللہ علیہ سلم کےایک حدیث مبارکہ سے اس کی ترغیب بھی معلوم ہوئی ہے، جس میں حضور اکرم صلی اللہ علیہ وسلم نے فرمایا کہ ""العمرة إلى العمرة كفارة لما بينهما ""اسی طرح غریب اور نادار لوگوں کے ساتھ تعاون کرنا بھی بہت بڑے اجر و ثواب کا باعث ہے ۔ جس کی حادیث مبارکہ میں بہت زیادہ ترغیب دی گئی ہے، لیکن احادیث مبارکہ میں ہماری نظر سے ایسی کوئی حدیث نہیں گزری، جس میں اس بات کی صراحت ہو کہ نادار اورغریب پڑوسیوں کی موجودگی میں حرمین شریفین کی زیارت کرنے کے بجائے ان کے ساتھ تعاون کرنا چاہیے، تاہم بہتر یہ ہے کہ جس شخص نے ایک مرتبہ فریضہ حج یا عمرہ کی سعادت حاصل کر لی ہو، اس کے لیے دوبارہ حرمین شریفین کی حاضری کے بجائے غریب و نادار لوگوں کی مدد میں اس رقم کو لگانا چاہیے۔",قرآن و حدیث,تحقیق و تخریج حدیث,38365,2019-09-29,https://www.onlinefatawa.com/view_fatwa_unicode/38365/%D8%A8%D8%A7%D8%B1-%D8%A8%D8%A7%D8%B1-%D8%AD%D8%AC-%D9%88%D8%B9%D9%85%D8%B1%DB%81-%DA%A9%D8%B1%D9%86%D8%A7-%D8%A7%D9%81%D8%B6%D9%84-%DB%81%DB%92-%DB%8C%D8%A7-%DA%A9%D8%B3%DB%8C-%D8%BA%D8%B1%DB%8C%D8%A8-%D8%B4%D8%AE%D8%B5-%DA%A9%DB%8C-%D9%85%D8%AF%D8%AF%DA%A9%D8%B1%D9%86%D8%A7%D8%9F
میری تنخواہ تقریباً ایک لاکھ روپے سے کچھ زیادہ ہے مگر معاشرے کی مہنگائی کی وجہ سے میں کچھ بھی مشکل وقت کیلئے بچا نہیں پاتا، جس کی وجہ سے اکثر میری بیوی مجھ سے لڑتی ہے، اگرچہ کچھ خرچ میں اس کو نکال کر اس کے ذاتی خرچ کیلئے دیتا ہوں مگر میں نے کسی سے سنا تھا کہ ’’عورت کے ہاتھ میں پورا خرچ نہیں دینا چاہئے، اس سے اللہ نے منع کیا ہے‘‘۔ اللہ مجھے معاف کرے مگر اس کی کیا حقیقت ہے اور اس سے کیا مراد ہے؟ اور کیا میں سب کچھ کماکر اپنی بیوی کے ہاتھ میں اسلام کی تعلیمات کے مطابق نہیں رکھ سکتا تاکہ وہ میرے گھر کا نظام چلائے اور اس کی دیکھ بھال کرے؟ سوائے اس کے کہ کچھ خرچ اپنی جیب میں سواری اور لوگوں سے ملنے جلنے کی خاطر رکھوں؟ میرا دنیا میں اپنی بیوی کے سوا کوئی نہیں، ماں باپ بہت پہلے وفات پاگئے تھے اس لئے ان مسائل میں ہدایات دینے والا اللہ والوں کے سوا کوئی نہیں، مہربانی کرکے اسلام کی روشنی میں اور تاریخ میں جواب واضح کردیں۔ شکریہ والسلام,سائل نے جو یہ لکھا ہے کہ ’’عورت کے ہاتھ میں پورا خرچ نہیں دینا چاہئے، اس سے اللہ تعالیٰ نے منع کیا ہے‘‘۔ اس کی شرعاً کوئی حقیقت نہیں، بلکہ من گھڑت باتوں میں سے ہے۔ تاہم اگر کوئی عورت بااعتماد ہو، اس طور پر کہ وہ گھر کے نظام اور اس کی دیکھ بھال کو اچھی طرح اور پیسے کو احتیاط کے ساتھ مصارف پر خرچ کرنا جانتی ہو اور اس میں کسی قسم کی خیانت اور اسراف وغیرہ سے بھی کام نہ لیتی ہو تو شوہر کا اپنا خرچ الگ کرکے باقی تنخواہ اپنی بیوی کے حوالہ کرنے میں بھی شرعاً کوئی حرج نہیں۔,قرآن و حدیث,تحقیق و تخریج حدیث,38817,2019-12-03,https://www.onlinefatawa.com/view_fatwa_unicode/38817/%D8%B9%D9%88%D8%B1%D8%AA-%DA%A9%DB%92-%DB%81%D8%A7%D8%AA%DA%BE-%D9%85%DB%8C%DA%BA-%D8%AA%D9%86%D8%AE%D9%88%D8%A7%DB%81-%D8%AF%DB%8C%D9%86%DB%92-%D8%B3%DB%92-%D9%85%D9%86%D8%B9-%DA%A9%D8%B1%D9%86%DB%92-%D9%88%D8%A7%D9%84%DB%8C-%D8%B1%D9%88%D8%A7%DB%8C%D8%AA-%DA%A9%DB%8C-%D8%AA%D8%AD%D9%82%DB%8C%D9%82
السلام علیکم ورحمۃ اللہ وبرکاتہ! سوال یہ ہے کہ احادیث کی اسناد میں موجود راویوں کو پرکھ کر حکم لگانے کا جو علم ہے اس میں سب سے زیادہ مستند ترین درست اور قابلِ اعتبار تحکیم کن کن محدث علماء کی ہے؟ ان کے نام لکھ دیجیے، نیز راویوں کے حالات اور راویوں پر جرح و تعدیل کی مستند ترین کتب کے نام کیا ہیں؟ جن پر اعتماد کیا جاتا ہو اور ایسی کل کتب کتنی ہیں؟ کیا شیعہ سنی دونوں ایک دوسرے کے ماہرین رجال علماء پر اعتماد کر سکتے ہیں؟,۱۔  جرح و تعدیل چونکہ ایک نازک فن ہے ، اس لئے محدثین نے اس میں تحکیم کے قابل اعتبار ہونے یا نہ ہونے کے حوالہ سے کچھ شرائط مقرر کی ہیں ، جیسے علم ، تقوی ، ورع ، سچائی، تعصب سے پرہیز اور جرح و تعدیل کے اسباب سے واقفیت وغیرہ، اور جن محدثین میں یہ شرائط پائی جاتی ہیں ، ان میں سے قابلِ ذکر متقدمین میں یحی بن سعید القطان ، علی بن المدینی، ابن معین اور متاخرین میں ابن حجر اور ذہبی رحمہم اللہ وغیر ہم ہیں۔ ۲۔  فن اسماء الرجال اور جرح و تعدیل کی بعض مستند کتب یہ ہیں: تہذیب الکمال، تذہیب التہذیب، الکاشف فی معرفۃ من لہ روایۃ فی الکتب السنۃ، تہذيب التہذيب، تقریب التہذیب، خلاصة تذهیب تہذیب  الکمال، میزان الاعتدال في نقد الرجال، لسان المیزان و غیرہ ۳۔ اہل تشیع میں سے رافضی اور وہ تفضیلی جو اپنے گمراہ کن عقائد کا داعی ہو ، اور اپنے مذہب کی تائید کے لئے جھوٹ کو بھی حلال سمجھتا ہو، ایسے شیعہ محدث پر اعتماد شرعاً جائز نہیں، البتہ جو شیعہ اپنے عقائد کا داعی نہ ہو ، اور نہ ہی جھوٹ کو اپنے لئے حلال سمجھتا ہو ، تو ایسے شیعہ محدث پر اعتماد و عدم اعتماد کے بارے میں محدثین کا اختلاف ہے، اور اکثریت کی رائے یہ ہے کہ ایسے مبتدع اور شیعہ کے معاملہ میں بھی احتیاط اعتماد نہ کرنے میں ہی ہے۔,قرآن و حدیث,تحقیق و تخریج حدیث,39172,,https://www.onlinefatawa.com/view_fatwa_unicode/39172/%D8%B4%DB%8C%D8%B9%DB%81-%D9%85%D8%AD%D8%AF%D8%AB-%D9%BE%D8%B1-%D8%A7%D8%B9%D8%AA%D9%85%D8%A7%D8%AF-%D9%88%D8%B9%D8%AF%D9%85-%DA%A9%D8%A7-%D8%A7%D8%B5%D9%88%D9%84
کیا کوئی ایسی حدیث ہے جس میں نبی کریمﷺنے فرمایا ہو کہ اسلام کی عمر 1500 سال ہوگی؟ کیا اس حدیث کا حوالہ مل سکتا ہے؟,مستند کتبِ حدیث میں  نبی  کریم ﷺ سے ایسی کوئی روایت منقول نہیں، کہ جس میں یہ ذکر کیا گیا ہو، کہ اسلام کی عمر پندرہ سو سال ہوگی،  تاہم  “کنز العمال” وغیرہ دیگر کتب میں ابن عباس  رضی اللہ عنہ سے دنیا کی عمر کے متعلق  روایت نقل کی گئی ہے،  لیکن محدثین کرام نے ان روایات کو موضوع   اور من گھڑت  قرار دیا ہے۔,قرآن و حدیث,تحقیق و تخریج حدیث,40103,,https://www.onlinefatawa.com/view_fatwa_unicode/40103/%DA%A9%DB%8C%D8%A7-%D8%A7%D8%B3%D9%84%D8%A7%D9%85-1500-%D8%B3%D8%A7%D9%84-%D8%A8%D8%B9%D8%AF-%D8%AE%D8%AA%D9%85-%DB%81%D9%88%D8%AC%D8%A7%D8%A6%DB%92-%DA%AF%D8%A7-
آج کل ایک میسج چل رہا ہے کہ(وتر کی نماز پڑھنے کے بعد دو سجدے کرنے ہیں، پہلے میں ’’سبوح قدوس رب الملآئکة والروح‘‘ پانچ مرتبہ پڑھ کر جلسہ کرنا ہے اور آیت الکرسی ایک مرتبہ پڑھ کر دوبارہ سجدہ میں ’’سبوح قدوس رب الملآئکة والروح‘‘پانچ مرتبہ پڑھنا ہے) یہ وظیفہ آپ صلی اللہ علیہ وسلم نے فاطمہ رضی اللہ عنہا کو بتایا ہے۔ اس کے فضائل میں ہے کہ جگہ  سے اٹھنے سے پہلے اس کی اللہ مغفرت فرماتے ہیں، اور اس کو سو حج سو عمرےسو شہیدوں کا ثواب عطا فرماتے ہیں، ہزا ر فرشتے نازل کرتے ہیں جواس کے لیے نیکیاں لکھتے ہیں اور ساٹھ بندوں کی سفارش کا حکم اللہ فرمائیں گے۔ کیا یہ کسی حدیث سے ثابت ہے؟ اور اس پر عمل کرنے والے کو ثواب ملے گا؟,سائل نے جس حدیث کا حوالہ دیا ہے اس کو محدثین اور شرّاح حدیث نے موضوع اور من گھڑت قرار دیا ہے، اس لئے اس کو درست سمجھ کر اس پر خود عمل کرنے اور آگے پھیلانے سے احتراز چاہئے۔,قرآن و حدیث,تحقیق و تخریج حدیث,40503,,https://www.onlinefatawa.com/view_fatwa_unicode/40503/%D9%85%D9%86-%DA%AF%DA%BE%DA%91%D8%AA-%D8%B1%D9%88%D8%A7%DB%8C%D8%AA-%DA%A9%D9%88-%D8%AF%D8%B1%D8%B3%D8%AA-%D8%AD%D8%AF%DB%8C%D8%AB-%D8%B3%D9%85%D8%AC%DA%BE-%DA%A9%D8%B1-%D8%A7%D8%B3-%D9%BE%D8%B1-%D8%B9%D9%85%D9%84-%DA%A9%D8%B1%D9%86%D8%A7
السلام وعلیکم. کیا فرماتے ہیں علماء کرام اس حدیث کے بارے میں کہ یہ حدیث صحیح ہے یا ضعیف یا موضوع؟ اماں عائشہ رضی اللہ تعالٰی عنہ فرماتی ہیں کہ نہ میں نے حضور اکرم (ص) کی شرم گاہ دیکھی نہ انہوں نے میری (مفہوم حدیث) برائے مہربانی اس حدیث کی سند اور جن محدث نے اس حدیث کو صحیح یا ضعیف کہا ان کا نام بھی بتادیں. اور کیا میاں بیوی ایک دوسرے کی شرم گاہ دیکھ سکتے ہیں. برائے مہربانی جواب دے کر عنداللہ ماجور ہوں. جزاک اللہ خیر,محدثین کی تصریح کے مطابق سوال میں مذکور حدیث سنداً ضعیف ہے، جبکہ میاں بیوی کے لیے ایک دوسرے کی شرمگاہ کو دیکھنا اگرچہ جائز ہو، مگر اس سے بچنا افضل و اولیٰ ہے۔,قرآن و حدیث,تحقیق و تخریج حدیث,42887,2020-10-26,https://www.onlinefatawa.com/view_fatwa_unicode/42887/%D8%AD%D8%B6%D9%88%D8%B1%D8%90-%D8%A7%D9%88%D8%B1-%D8%A7%D9%85%DB%8C-%D8%B9%D8%A7%D8%A6%D8%B4%DB%81%D8%93-%DA%A9%DB%92-%D8%A7%DB%8C%DA%A9-%D8%AF%D9%88%D8%B3%D8%B1%DB%92-%DA%A9%DB%8C-%D8%B4%D8%B1%D9%85%DA%AF%D8%A7%DB%81-%D9%86%DB%81-%D8%AF%DB%8C%DA%A9%DA%BE%D9%86%DB%92-%D8%B3%DB%92-%D9%85%D8%AA%D8%B9%D9%84%D9%82-%D8%B1%D9%88%D8%A7%DB%8C%D8%AA-%DA%A9%DB%8C-%D8%AA%D8%AD%D9%82%DB%8C%D9%82
معلوم یہ کرنا ہے کہ کسی صحیح  یا ضعیف حدیث میں اس طرح آیا ہے کہ یہ تین طرح  کے کام کرنے والوں کے رزق میں برکت نہیں ہوتی! 1 :-  سنار  2 :-  درزی 3 :-  مستري ،ٹھکیدار ۔,تلاشِ بسیار کے باوجود اس طرح کی حدیث کسی مستند کتاب میں نہیں ملی، اس لئے  بلا سند اس طرح کی باتوں پر اعتماد کرنا درست نہیں ۔,قرآن و حدیث,تحقیق و تخریج حدیث,42927,0000-00-00,https://www.onlinefatawa.com/view_fatwa_unicode/42927/-%D8%B3%D9%86%D8%A7%D8%B1---%D8%AF%D8%B1%D8%B2%DB%8C-%D8%A7%D9%88%D8%B1-%D9%85%D8%B9%D9%85%D8%A7%D8%B1-%D8%B3%DB%92-%D9%85%D8%AA%D8%B9%D9%84%D9%82-%D8%AD%D8%AF%DB%8C%D8%AB-
کیا فرماتے ہیں علماء ِکرام و مفتیانِ عظام اس مسئلہ کے بارے میں کہ تین روایتیں میڈیا پر یہ گردش کرتی ہیں،لیکن ان کا حوالہ مذکور نہیں، بسا اوقات سننے کو بھی ملتی ہیں۔ براہ ِکرم ان کا مستند حوالہ ارشاد فرما دیں یا ان روایات کی وضاحت کر دیں کہ صحیح ہیں یا  مقبول ہیں یا من گھڑت ہیں؟ بہت نوازش ہوگی۔ ۱۔ لمبے ناخن پر شیطان سواری کرتا ہے؟ اس پر حوالہ امام غزالی کی ’’احیاء العلوم‘‘ کا پیش کیا جاتا ہے۔ ۲۔ ایمان، عقیدہ دیہات کی بوڑھی عورتوں سے سیکھو، یا دیہات کی بوڑھی عورتوں جیسا رکھو۔ ۳۔ ایک طویل روایت ہے کہ  حضرت عمر سے روایت ہے کہ ایک مرتبہ ایک بلی نے مسجد کے صحن میں بچے دے یئے، لہٰذا انہوں نے چند دوسرے صحابہ کرام کے ہمراہ اس بلی اور بچوں کو صحن سے باہر کس محفوظ مقام تک پہنچا دیا، اسی اثناء میں سرکار ِمدینہ محمدﷺ مسجد میں تشریف لے آئے،آپ نے جب بلی اور بچوں کو غائب پایا تو پوچھا کہ وہ بلی اور بچے کہاں گئے؟ حضرت عمر ؓنے عرض کیا’’یارسول اللہ ان کو محفوظ مقام پر مسجد سے باہر منتقل کر دیا ہے‘‘ حضور نے ارشاد فرمایا اس کو اور بچوں کو واپس اسی جگہ مسجد نبوی میں لا کر رکھو جہاں وہ پہلے تھی، لہذا حکمِ رسالت کی تعمیل ہوئی ، سرکارِ دوعالم ﷺنے ارشاد فرمایا: عمر ٹھیک ہے کہ یہ ایک نجس جانور ہے میں بھی اس کو زچگی سے بیشتر حاملہ حالت میں دیکھا کرتا تھا اور پیار سے پچکار کر بھیج دیا کرتا تھا مگر زچگی کے بعد یہ بلی ماں بن گئی، لہٰذا میں یہ قطعی پسند نہیں کرتا کہ جب تک اس کے بچے انہیں کھول کر خود چلنے کے قابل نہ ہوں اسے یہاں سے نکال دیا جائے۔ حضرت عمر کے مطابق آپ اپنے دست مبارک سے بلی کے بچوں کو دودھ پلاتے تھے۔ مہربانی فرماکر ان روایات کی تحقیق مطلوب ہے۔,مذکور روایتیں تلاشِ بسیار کے باوجود کسی مستند حدیث کی کتاب میں نہیں ملیں، لہٰذا ان روایتوں کی نسبت حضور اکرمﷺ کی طرف کرنے سے اجتناب لازم ہے۔والله أعلم بالصواب!,قرآن و حدیث,تحقیق و تخریج حدیث,43149,2020-10-26,https://www.onlinefatawa.com/view_fatwa_unicode/43149/%D9%84%D9%85%D8%A8%DB%92-%D9%86%D8%A7%D8%AE%D9%86-%D9%BE%D8%B1-%D8%B4%DB%8C%D8%B7%D8%A7%D9%86-%D8%B3%D9%88%D8%A7%D8%B1%DB%8C-%DA%A9%D8%B1%D8%AA%D8%A7-%DB%81%DB%92%E2%80%98%E2%80%98-%D8%A7%D9%88%D8%B1-%E2%80%99%E2%80%99%D8%A7%DB%8C%D9%85%D8%A7%D9%86-%D9%88%D8%B9%D9%82%DB%8C%D8%AF%DB%81-%D8%AF%DB%8C%DB%81%D8%A7%D8%AA-%DA%A9%DB%8C-%D8%A8%D9%88%DA%91%DA%BE%DB%8C-%D8%B9%D9%88%D8%B1%D8%AA%D9%88%DA%BA-%D8%B3%DB%92-%D8%B3%DB%8C%DA%A9%DA%BE%D9%88%DB%94%DB%94%DB%94-%D8%A7%D9%84%D8%AE-%D8%B1%D9%88%D8%A7%DB%8C%D8%AA-%D8%AB%D8%A7
"عن سعید بن جبیر، قال: قال لي ابن عباس: هل تزوجت ؟ قلت: لا، قال: "" فتزوج فإن خیر ھذہ الامۃ اکثرھا نساء""، ترجمہ : سعید بن جبیر سے روایت ہے کہ مجھ سے ابن عباس رضی اللہ عنہانے دریافت فرمایا کہ تم نے شادی کر لی ہے؟ میں نے کہا نہیں،آپ نے فرمایا کہ شادی کر لو، کیونکہ اس امت کا بہترین شخص وہ ہے، جس کی بیویاں زیادہ ہوں (باب کثرۃ النساء،حدیث نمبر: 5069) کیا یہ حدیث مبارک ٹھیک ہے؟",مذکور روایت کو امام بخاری رحمہ اللہ نے صحیح بخاری میں نقل کیا ہے،لیکن یہ باقاعدہ بنی کریم ﷺ کی مرفوع روایت نہیں ہے، بلکہ حضرت عبد اللہ ابن عباس رضی اللہ عنہما کا قول ہے۔,قرآن و حدیث,تحقیق و تخریج حدیث,46072,,https://www.onlinefatawa.com/view_fatwa_unicode/46072/%DA%A9%DB%8C%D8%A7-%D8%A7%D8%B3-%D8%A7%D9%85%D8%AA-%DA%A9%D8%A7-%D8%A8%DB%81%D8%AA%D8%B1%DB%8C%D9%86-%D8%B4%D8%AE%D8%B5-%D9%88%DB%81-%DB%81%DB%92%D8%AC%D8%B3-%DA%A9%DB%8C-%D8%A8%DB%8C%D9%88%DB%8C%D8%A7%DA%BA-%D8%B2%DB%8C%D8%A7%D8%AF%DB%81-%DB%81%D9%88%DA%BA%D8%9F
قیامت کے دن ایک جنتی سے پوری انسانیت جو کہ جہنم میں جائے گی پوچھا جائے گا ؟اور اسی طرح پوری انسانیت سے جو کہ جنت جائے گی، تو ایک جہنمی کے بارے میں پوچھا جائے  گا کہ وہ کیوں جہنم گیا  ؟ کیا یہ حدیث ہے ؟ یہ ایک تبلیغی سے سنا تھا؟,سوال میں مذکور مضمون پر مشتمل کوئی حدیث ہمیں کسی حدیث کی کتاب میں نہیں ملی، لہذا بلا تحقیق کسی بات کو نبی کریم ﷺ کی طرف منسوب کرنے سے اجتناب لازم ہے۔,قرآن و حدیث,تحقیق و تخریج حدیث,46162,2021-06-12,https://www.onlinefatawa.com/view_fatwa_unicode/46162/%DA%A9%DB%8C%D8%A7-%D8%A7%DB%8C%DA%A9-%D8%A7%D9%85%D8%AA%DB%8C-%DA%A9%DB%92-%D8%AC%DB%81%D9%86%D9%85-%D9%85%DB%8C%DA%BA-%D8%AC%D8%A7%D9%86%DB%92-%D9%BE%D8%B1--%D9%BE%D9%88%D8%B1%DB%8C-%D8%A7%D9%86%D8%B3%D8%A7%D9%86%DB%8C%D8%AA-%D8%B3%DB%92-%D8%A7%D8%B3%DA%A9%DB%8C-%D9%BE%D9%88%DA%86%DA%BE-%DB%81%D9%88%DA%AF%DB%8C%D8%9F
سوال یہ ہے کہ ایک واقعہ تبلیغی جماعت کے حضرات سے سنا، کہ وہ یہ بیان کرتے ہیں کہ ایک مرتبہ اللہ کے رسول ﷺ نے امی عائشہ رضی اللہ عنہا سے پوچھا کہ سب سے اچھا گھر کس کا ہے، تو انہوں نے فرمایا کہ میرا ہے، کیونکہ میرے گھر میں آپ ہیں، تو اللہ کے رسول ﷺ نے فرمایا نہیں، بلکہ اس کا گھر سب سے اچھا ہے، جس کے گھر سے کوئی شخص اللہ کے راستے میں نکلا ہوا ہو، کیونکہ اس گھر میں اللہ خود موجود ہوتے ہیں، تو پوچھنا یہ ہے کہ کیا یہ واقعہ کہیں سے ثابت ہے اور اگر نہیں ہے تو ایسے بیان کرنے والے کا کیا حکم ہے؟ کیا اس کو تجدید ایمان ضروری ہے؟ جواب دے کر شکریہ کا موقع عطا کریں۔ جزاکم اللہ,تلاشِ بسیار کے باوجود مذکور مضمون پر مشتمل کوئی واقعہ، احادیث مبارکہ کی کسی معتبر کتاب میں نہیں ملا، لہٰذا بلا تحقیق ایسے واقعات نبی کریم ﷺ کی طرف منسوب کرنے سے اجتناب لازم ہے، تاہم لاعلمی کی بناء پر اس واقعے کو بیان کرنے کی وجہ سے بیان کرنے والے کے ایمان پر کوئی اثر نہیں پڑا۔۔۔۔۔۔۔واللہ اعلم بالصواب,قرآن و حدیث,تحقیق و تخریج حدیث,46360,2021-06-21,https://www.onlinefatawa.com/view_fatwa_unicode/46360/%D8%AC%D9%88-%D8%A7%D9%84%D9%84%DB%81-%DA%A9%DB%92-%D8%B1%D8%A7%D8%B3%D8%AA%DB%92-%D9%86%DA%A9%D9%84%DB%92-%DA%AF%D8%A7-%D8%A7%D9%84%D9%84%DB%81-%D8%A7%D8%B3-%DA%A9%DB%92-%DA%AF%DA%BE%D8%B1-%DB%81%D9%88%DA%AF%D8%A7---%D9%85%D9%86-%DA%AF%DA%BE%DA%91%D8%AA-%D8%AD%D8%AF%DB%8C%D8%AB-%DA%A9%DB%8C-%D8%AA%D8%AD%D9%82%DB%8C%D9%82
میں نے سنا ہے کہ ایک روپیہ سود کا پیسہ کھانا اپنی ماں سے چھتیس(۳۶) مرتبہ زنا کرنے کے برابر ہے۔ کیا یہ حدیث صحیح اور کتبِ احادیث میں موجود ہے؟,سائل نے جو مضمون سوال میں نقل کیا ہے بعینہ وہ الفاظ تو حدیث کی کتابوں میں نہیں ملے، البتہ مختلف احادیث سے اس طرح کا مضمون ثابت ہے، چنانچہ ایک حدیث میں ہے کہ سود کا ایک درہم کھانا چھتیس(۳۶) مرتبہ زنا کرنے سے زیادہ سخت ہے، جبکہ دوسری ایک حدیث میں ہے کہ سود کے گناہ کے ستر درجے ہیں ان میں سے ادنیٰ درجہ اپنی ماں سے زنا کرنا ہے۔,قرآن و حدیث,تحقیق و تخریج حدیث,47043,2020-10-26,https://www.onlinefatawa.com/view_fatwa_unicode/47043/%D8%B3%D9%88%D8%AF-%DA%A9%DB%8C-%D9%82%D8%A8%D8%A7%D8%AD%D8%AA-%D9%85%DB%8C%DA%BA-%DA%86%DA%BE%D8%AA%DB%8C%D8%B3-%D9%85%D8%B1%D8%AA%D8%A8%DB%81-%D9%85%D8%A7%DA%BA-%D8%B3%DB%92-%D8%B2%D9%86%D8%A7-%DA%A9%D8%B1%D9%86%DB%92-%D9%88%D8%A7%D9%84%DB%8C-%D8%AD%D8%AF%DB%8C%D8%AB-%DA%A9%DB%8C-%D8%AA%D8%AD%D9%82%DB%8C%D9%82
کیا یہ حدیث ہے ؟ اگر ہے تو حوالہ بتا کر رہنمائی فرمائیں! حضرت محمد ﷺ کے سامنے ایک جنازہ گزرا تو آپ ﷺ کی آنکھ مبارک سے آنسو جاری ہو گئے، صحابۂ کرام رضوان اللہ علیہم اجمعین نے عرض کیا، یا رسول اللہ یہ تو غیر مسلم کا جنازہ ہے تو آپﷺ نے ارشاد فرمایا کہ میری امت سے تو ہے اور جنت کے بجائے جہنم میں جا رہا ہے ۔,سوال میں مذکور روایت تلاش بسیار کے باوجود بھی ہمیں حدیث کی کسی مستند کتاب میں نہیں ملی، لہذا بغیر تحقیق کے اس روایت کی نسبت حضور ﷺ کی طرف کرنے سے اجتناب کرنا چاہیئے۔,قرآن و حدیث,تحقیق و تخریج حدیث,47097,,https://www.onlinefatawa.com/view_fatwa_unicode/47097/%D8%BA%DB%8C%D8%B1%D9%85%D8%B3%D9%84%D9%85-%DA%A9%DB%92-%D8%AC%D9%86%D8%A7%D8%B2%DB%92-%D9%BE%D8%B1-%D8%A2%D9%BE%EF%B7%BA-%DA%A9%DB%92-%D8%B1%D9%88%D9%86%DB%92-%D9%88%D8%A7%D9%84%DB%8C-%D8%AD%D8%AF%DB%8C%D8%AB-%DA%A9%DB%8C-%D8%AA%D8%AD%D9%82%DB%8C%D9%82
”أللّٰهُمَّ إنِّيْ أعُوْذُبِكَ مِنَ الْبُؤُسِ وَالتَّبَاؤُسِ“ کیا یہ دعا احادیث میں یا مسنون دعاؤں میں سے ہے؟ تحقیق مطلوب ہے۔,سوال میں مذکور دعا علامہ طبرانیؒ نے ”مسند الشامین“ میں”مالک بن مرارة “کے توسط سے نقل کیا ہے۔,قرآن و حدیث,تحقیق و تخریج حدیث,47441,,https://www.onlinefatawa.com/view_fatwa_unicode/47441/%E2%80%9D%D8%A3%D9%84%D9%84%D9%91%D9%B0%D9%87%D9%8F%D9%85%D9%91%D9%8E-%D8%A5%D9%86%D9%91%D9%90%D9%8A%D9%92-%D8%A3%D8%B9%D9%8F%D9%88%D9%92%D8%B0%D9%8F%D8%A8%D9%90%D9%83%D9%8E-%D9%85%D9%90%D9%86%D9%8E-%D8%A7%D9%84%D9%92%D8%A8%D9%8F%D8%A4%D9%8F%D8%B3%D9%90-%D9%88%D9%8E%D8%A7%D9%84%D8%AA%D9%91%D9%8E%D8%A8%D9%8E%D8%A7%D8%A4%D9%8F%D8%B3%D9%90%E2%80%9C-%D8%AF%D8%B9%D8%A7-%DA%A9%D8%A7-%D8%AB%D8%A8%D9%88%D8%AA
"ایک صاحب نے ایک حدیث بیان کی، جس کا مفہوم ہے کہ’’ میت کو قبر میں دفن کرنے کے بعد اگر ایک مٹھی مٹی ہاتھ میں لے کر اس پر گیارہ مرتبہ سورۃ  القدر پڑھی جائے اور ہر بار بسم اللہ بھی ساتھ پڑھی جائے اور وہ مٹی قبر پر ڈال دی جائے تو اس سے مردے کو عذابِ قبر نہیں ہوگا‘‘،کیا ایسی کوئی حدیث ہے جو قابلِ عمل بھی ہو , سند  کے اعتبار سے؟ یہاں ایک مفتی صاحب نے اس کو موضوع اور من گھڑت کہا ہے، اس حدیث کا حوالہ درجِ ذیل ہے: کتاب کانام:""مختصرالقدوری"" (مصنف:الامام ابی الحسین احمدبن محمدبن احمدالبغدادی القدوری رحمہ اللہ)[مکتبۃ البشری]صفحہ =۱۸۸=حاشیہ(۶) قوله : ثم یھال التراب , و  فی((کتاب النودین)) : من اخذ من تراب القبر بیدہ ، و قرأ علیه سورة القدر سبعا ، و ترکه فی القبر لم یعذب صاحب القبر (الفتح و الجوھرۃ)-","سوال میں مذکور حدیث "" من اخذ من تراب القبر بيده ، ثم قرأ عليه سورة القدر سبعاً ، و تركه في القبر لم يعذب صاحب القبر "" حدیث کی کسی معتبر کتاب میں ہمیں نہیں ملی، اس لئے بغیر تحقیق کے اسے نبی کریمﷺ کی طرف منسوب کرکے بیان کرنادرست نہیں، جس سے احتراز لازم ہے۔",قرآن و حدیث,تحقیق و تخریج حدیث,48043,0000-00-00,https://www.onlinefatawa.com/view_fatwa_unicode/48043/%D9%82%D8%A8%D8%B1-%DA%A9%DB%8C-%D8%A7%DB%8C%DA%A9-%D9%85%D9%B9%DA%BE%DB%8C-%D9%85%D9%B9%DB%8C-%D9%BE%D8%B1-%D8%B3%D9%88%D8%B1%DB%83-%D8%A7%D9%84%D9%82%D8%AF%D8%B1-%D8%AF%D9%85-%DA%A9%D8%B1-%DA%A9%DB%92-%D9%82%D8%A8%D8%B1-%D9%85%DB%8C%DA%BA-%DA%88%D8%A7%D9%84%D9%86%DB%92-%D8%B3%DB%92-%D9%85%D8%AA%D8%B9%D9%84%D9%82-%D8%AD%D8%AF%DB%8C%D8%AB
السلام علیکم ورحمۃ اللہ وبرکاتہ! حضرت مجھے امید ہے کہ اللہ کے فضل و کرم سے آپ خیریت سے ہونگے ، کیا آپ اس بات کی تصدیق کر سکتے ہیں کہ آیا درج ذیل روایتیں مستند ہیں اور اور انکے متعلقہ ذرائع ؟ حضرت ابن عباس رضی اللہ عنہما نے فرمایا : قریش کا یہ معمول تھا کہ وہ (مسجد میں) حلقے بناتے تھے اور بیت اللہ کے اردگرد گفتگو کرتے تھے، حضرت عبداللہ بن مسعود رضی اللہ عنہ نے فرمایا: بعد کے زمانے میں جو لوگ مسجد میں حلقہ بنا کر بیٹھیں گے ان کا امام دنیا ہو گا ان کے ساتھ مت بیٹھو اللہ کو ان کی کوئی ضرورت نہیں۔,سوال میں ذکر کردہ پہلی روایت جو حضرت ابن عباس رضی اللہ عنہما کی طرف منسوب ہے وہ تو تلاش بسیار کے باوجود ہمیں نہ مل سکی ، البتہ حضرت ابن مسعود رضی اللہ عنہما کی‬ مذکورہ روایت ”نیل الاوطار“ میں موجود ہے لیکن یہ روایت سند کے اعتبار سے انتہائی ضعیف ہے۔,قرآن و حدیث,تحقیق و تخریج حدیث,48790,,https://www.onlinefatawa.com/view_fatwa_unicode/48790/%D9%85%D8%B3%D8%AC%D8%AF-%D9%85%DB%8C%DA%BA-%D8%AD%D9%84%D9%82%DB%81-%D8%A8%D9%86%D8%A7-%DA%A9%D8%B1-%D8%A8%DB%8C%D9%B9%DA%BE%D9%86%DB%92-%DA%A9%DB%8C-%D9%85%D9%85%D8%A7%D9%86%D8%B9%D8%AA-%D9%88%D8%A7%D9%84%DB%8C-%D8%AD%D8%AF%DB%8C%D8%AB-%DA%A9%DB%8C-%D8%AA%D8%AD%D9%82%DB%8C%D9%82
""" اے میرے صحابہ تم دین کے 10 فیصد کو چھوڑو گے تو اللہ کی پکڑ ہو گی بعد میں آنے والے دین کے 10 فیصد پر چلیں گے تو نجات ہوگی ؟ پوری حدیث کس طر ح ہے  ، اس حدیث کی سند بتادیں ، کتاب اور حدیث نمبر بھی بتادیں ۔",یہ حدیث ترمذی شریف میں موجود ہے، جس کو امام ترمذی نے غریب (ضعیف) کہا ہے ، اس کی سند اور حدیث نمبر درج ذیل ہے۔,قرآن و حدیث,تحقیق و تخریج حدیث,48851,2022-01-07,https://www.onlinefatawa.com/view_fatwa_unicode/48851/%D8%AF%D8%B3-%D9%81%DB%8C%D8%B5%D8%AF-%D8%AF%DB%8C%D9%86-%DA%86%DA%BE%D9%88%DA%91%D9%86%DB%92-%D8%B3%DB%92-%D9%85%D8%AA%D8%B9%D9%84%D9%82-%D8%AD%D8%AF%DB%8C%D8%AB-%DA%A9%DB%8C-%D8%AA%D8%AD%D9%82%DB%8C%D9%82-
سوال حضرت ابو بکر صدیق رضی اللہ عنہ کے واقعہ کے بارے میں ہے کہ انہوں نے ظہر و عصر و مغرب میں نماز  کے بعد حضور سے ملاقات نہیں کی تو حضور  نے انہیں بلاکر   نہ ملنے کی وجہ پوچھی ،تو آپ نے عرض کیا  آپ نے خود ہی فرمایا کہ (زرغبا تزدد حبا   ) و قفے سے ملا کرو محبت بڑھے گی ،حضرت ابوبکر صدیق کا مذکورہ واقعہ مطلوب ہے ؟کسی معتبر کتاب سے ۔,آپ علیہ السلام کا مذ کو رارشاد (زرغبا تزدد حبا   )  تو کتب احادیث میں کئی صحابہ رضوان اللہ علیہم اجمعین سے منقول ہے جہاں تک سوال میں مذکور حضرت صدیق اکبر رضی اللہ تعالی عنہ کے واقعے کا تعلق ہے تو تلاش بسیار کے باوجود ہمیں کسی مستند کتاب میں نہیں ملا،اس لئے جب تک اسکی مکمل تحقیق نہ ہو جائے اس وقت تک آگے بیان کرنے اور نقل کرنے سے احتراز کیا جائے۔,قرآن و حدیث,تحقیق و تخریج حدیث,48898,2022-01-12,https://www.onlinefatawa.com/view_fatwa_unicode/48898/%D8%AD%D8%B6%D8%B1%D8%AA-%D8%A7%D8%A8%D9%88%D8%A8%DA%A9%D8%B1-%D8%B5%D8%AF%DB%8C%D9%82-%DA%A9%DB%8C-%D8%AD%D8%B6%D9%88%D8%B1-%D8%B5%D9%84%DB%8C-%D8%A7%D9%84%D9%84%DB%81-%D8%B9%D9%84%DB%8C%DB%81-%D9%88%D8%B3%D9%84%D9%85-%D8%B3%DB%92-%D9%85%D9%84%D8%A7%D9%82%D8%A7%D8%AA-%DA%A9%DB%92-%D9%85%D8%AA%D8%B9%D9%84%D9%82-%D8%A7%DB%8C%DA%A9-%D9%88%D8%A7%D9%82%D8%B9%DB%81-%DA%A9%DB%8C-%D8%AA%D8%AD%D9%82%DB%8C%D9%82-
"""حاسبو ا انفسہ قبل ان تحاسبو ا ""کیا یہ حضرت محمد ﷺ کی حدیث ہے؟یا حضرت عمر رضی اللہ عنہ کا اثر ہے ؟کیا شیعہ لوگ اس حدیث کو مانتے ،اور کہتے ہیں کہ یہ ترمذی کی حدیث ہے ؟",یہ حضرت عمر رضی اللہ تعالی عنہ کا قول ہے، بعینہ انہی الفاظ کےساتھ آپ ﷺ  سے منقول کوئی حدیث ہمیں تلاش بسیار کے باوجود نہیں ملی ،البتہ ایک روایت جس سے حضرت عمر رضی اللہ تعالی عنہ کا یہ قول مستفاد ہے کتب حدیث میں موجود ہے۔ ( یہ روایت اور حضرت عمر رضی اللہ تعالی ان کا یہ قول ترمذی  شریف اور دیگر متعدد شروح و کتب حدیث میں بھی موجود ہے) جبکہ شیعہ مسلک کے پیروکاروں کے متعلق ہمیں معلوم نہیں ہے کہ وہ اس کو حدیث مانتے ہیں یا نہیں ۔,قرآن و حدیث,تحقیق و تخریج حدیث,50119,2022-03-27,https://www.onlinefatawa.com/view_fatwa_unicode/50119/
کیا خیال ہے آپ حضرات کا ان لوگوں کے بارے میں جو   یہ کہتے ہیں کہ حضرت فاطمہؓ کو غسل حضرت علیؓ نے دیا تھا،  تو  ان کا یہ کہنا کس حد تک درست ہے؟,ان لوگوں کا کہنا  بے اصل نہیں، اس لیے بعض روایات میں اس بات کی تصریح ملتی ہے، مگر عند الاحناف یہ روایات مؤّول ہیں، اس طور پر کہ غسل دینے کا کام تو حضرت اُم ایمن یا بعض روایات کے مطابق اسماء بنت عمیس نے انجام دیا تھا اور دیگر انتظامات میں خود حضرت علیؓ پیش پیش تھے۔,قرآن و حدیث,تحقیق و تخریج حدیث,58702,0000-00-00,https://www.onlinefatawa.com/view_fatwa_unicode/58702/%D8%AD%D8%B6%D8%B1%D8%AA-%D9%81%D8%A7%D8%B7%D9%85%DB%81-%DA%A9%DB%8C-%D9%85%DB%8C%D8%AA-%DA%A9%D9%88-%D8%AD%D8%B6%D8%B1%D8%AA-%D8%B9%D9%84%DB%8C%D8%93-%DA%A9%DB%92-%D8%BA%D8%B3%D9%84-%D8%AF%DB%8C%D9%86%DB%92-%D8%B3%DB%92-%D9%85%D8%AA%D8%B9%D9%84%D9%82-%D8%B1%D9%88%D8%A7%DB%8C%D8%AA-%DA%A9%DB%8C-%D8%AA%D8%AD%D9%82%DB%8C%D9%82
کیا فرماتےہیں علماءِ کرام و مفتیانِ عظام اس مسئلہ کے بارے میں کہ یہ جو واقعہ مشہور ہے کہ آپﷺ رات کو جس برتن میں پیشاب فرماتے تھے رات کو ایک خاتون نے اس کو پی لیا، بعد میں پتہ چلا تو آپﷺ نے فرمایا کہ آپ کی اولاد کو  کبھی  پیٹ کی تکلیف نہ ہوگی، یعنی دعا دی تو  کیا یہ  واقعہ سچا ہے اور اس کا ثبوت کس کتاب سے ہے؟,سوال میں مذکور ترتیب کے مطابق تو باوجود تلاش کے ایسی کوئی حدیث مبارکہ نہیں مل سکی، البتہ احادیث مبارکہ میں اُمِّ ایمن ( جو آپﷺ کی باندی تھی) کے متعلق ایک مرتبہ کا ذکر ملتا ہے، جس کی مکمل وضاحت درج ذیل ہے: حضرت ام ایمن رضی اللہ تعالیٰ فرماتی ہیں کہ ایک رات کسی وقت حضور اکرم صلی اللہ علیہ و سلم اٹھ کر کمرے میں ایک طرف پڑی ٹھیکری کے برتن کے پاس (جو آپﷺ کے لیے ہی بوقت ضرورت چھوٹے پیشاب سے فراغت کے واسطے تھا رکھا گیا تھا) تشریف لے گئے ،اس برتن میں آپ علیہ السلام نے پیشاب سے فراغت فرمائی، پھر میں اٹھی مجھے پیاس لگ رہی تھی، وہ پیشاب میں نے بے خیالی میں پی لیا اور محسوس بھی نہ ہوا کہ میں نے کیا چیز پی لی، جب صبح ہوئی تو آپﷺ نے فرمایا :کہ اے ام ایمن! ٹھیکری کو باہر جا کر انڈیل دو، میں نے عرض کیا وہ تو میں نے پی لیا ، فرماتی ہیں کہ آپﷺ بہت ہنسے اور پھر فرمایا کہ سُن لے اللہ کی قسم تجھے کبھی بھی پیٹ میں تکلیف نہ ہوگی۔واللہ أعلم بالصواب!,قرآن و حدیث,تحقیق و تخریج حدیث,58739,2004-01-02,https://www.onlinefatawa.com/view_fatwa_unicode/58739/%D8%AE%D8%A7%D8%AA%D9%88%D9%86-%DA%A9%D8%A7-%D8%AD%D8%B6%D9%88%D8%B1%D8%91--%DA%A9%DB%92-%D9%BE%DB%8C%D8%B4%D8%A7%D8%A8-%DA%A9%D9%88--%D9%BE%DB%8C-%D9%84%DB%8C%D9%86%D8%A7-%D8%A7%D9%88%D8%B1-%D8%AD%D8%B6%D9%88%D8%B1%D8%91-%DA%A9%D8%A7-%D8%A7%D8%B3%DB%92-%D8%AF%D8%B9%D8%A7-%D8%AF%DB%8C%D9%86%D8%A7
محترم جناب مفتی صاحب!  بخاری و مسلم شریف  وغیرہما جیسی  کتابوں کی  مستند احادیث پر مشتمل اردو میں لکھی ہوئی کوئی  صحیح حدیث کی کوئی کتاب ہو تو بتائیں۔,"اس سلسلہ میں ’’معارف الحدیث‘‘ مؤلفہ مولانا منظور احمد نعمانی رحمہ اللہ اور دیگر مختلف کتبِ حدیث کے معتمد ترجمے جیسے ’’مشکوٰۃ‘‘ کےلیے ""مظاہر حق"" اور ’’حیاۃ الصحابہ‘‘  کا اردو ترجمہ وغیرہ کتابوں کا پڑھنا ،سائل کے لیے یکساں مفید ثابت ہوگا۔واللہ أعلم بالصواب",قرآن و حدیث,تحقیق و تخریج حدیث,58815,2005-06-03,https://www.onlinefatawa.com/view_fatwa_unicode/58815/%D8%A7%D8%B1%D8%AF%D9%88-%D9%85%DB%8C%DA%BA-%D8%AD%D8%AF%DB%8C%D8%AB-%DA%A9%DB%8C-%D9%85%D8%B3%D8%AA%D9%86%D8%AF-%D9%88-%D9%85%D8%B9%D8%AA%D8%A8%D8%B1-%DA%A9%D8%AA%D8%A8
حضرت علی مرتضیٰ کرم اللہ وجہہ نے فرمایا کہ خدا کی قسم میں نے خیبر کا دروازہ جسمانی قوت سے نہیں اُکھاڑا، بلکہ ربّانی قوت سے اُکھاڑا تھا، آگے اور تفصیل بھی ہے۔ پوچھنا یہ ہے کہ کیا یہ حضرت علی رضی اللہ عنہ کی بابت امام فخر الدین رازی کے حوالے سے بیان کرنا چاہیے،اس واقعہ کی سند بیان کیجیے۔,جی ہاں! امام فخر الدین رازی رحمہ اللہ کے قابلِ اعتماد اور ثقہ ہونے کی وجہ سے یہ واقعہ ان کی سند سے بیان کیا جا سکتا ہے۔,قرآن و حدیث,تحقیق و تخریج حدیث,58872,2009-11-23,https://www.onlinefatawa.com/view_fatwa_unicode/58872/%D8%AD%D8%B6%D8%B1%D8%AA-%D8%B9%D9%84%DB%8C-%DA%A9%D8%B1%D9%85-%D8%A7%D9%84%D9%84%DB%81-%D9%88%D8%AC%DB%81%DB%81-%DA%A9%DB%92-%D8%A8%D8%A7%D8%A8-%D8%AE%DB%8C%D8%A8%D8%B1-%D8%A7%DA%A9%DA%BE%D8%A7%DA%91%D9%86%DB%92-%D9%88%D8%A7%D9%84%DB%8C-%D8%B1%D9%88%D8%A7%DB%8C%D8%AA-%DA%A9%DB%8C-%D8%B3%D9%86%D8%AF
کیا فرماتے ہیں علمائے کرام اس مسئلہ کے بارے میں کہ میں جاننا چاہتا ہوں دو حدیثوں کے بارے میں کہ آیا وہ صحیح ہیں یا ضعیف:(۱) عمر  ابن ہارون نے اسامہ ابن زید سے اور عمرو  ابن شعیب اپنے والد سے دادا سے روایت کرتے ہیں کہ رسولِ خدا ﷺ اپنی داڑھی کو ترشواتے یا تراشتے تھے دونوں اطراف سے اور لمبائی سے۔ (سنن الترمذی جلد ۵، قاہرہ، جدید ایڈیشن، دوبارہ چھاپا گیا بیروت سے دار الہا التوراث العرامی،   جدیدایڈیشن:۵:۹۴:۲۷۶۲)- میں نے آخری راوی عمر ابن ہارون کے بارے میں سنا اور اس کی حدیث کے بارے میں زیادہ تر علماء حدیث متفق ہیں  کہ وہ بہت ہی ضعیف ہیں (متروک ہیں)۔ مہربانی فرماکر مجھے بتائیں کہ کیا یہ صحیح ہے اور یہ کہاں کہا گیا ہے؟ (۲) حضرت عائشہؓ کا کہنا ہے کہ اسماء، حضرت ابوبکرؓ کی بیٹی اللہ کے رسولﷺ کے پاس آئیں بہت ہی باریک لباس پہنے ہوئے، رسول ﷺ نے ان سے کہا ’’اے  اسماء ! جب ایک لڑکی اس عمر کو پہنچتی ہے کہ اس کو  ماہواری آنے لگے تو یہ بہتر نہیں کہ اس کے جسم کا کوئی حصہ بھی کھلا ہو ، نہ  صرف اس کے اور اس کے، رسول ﷺ نے ہاتھ اور منہ کی طرف اشارہ کیا، میں نے بہت سے علماءِ حدیث سے سنا ہے کہ یہ حدیث ضعیف ہے اس کو موقوف کردیا گیا ہے، مہربانی فرماکر مجھے دونوں کے بارے میں بتائیں ثبوت کے ساتھ بحوالہ کتاب اور صفحات کے۔ شکریہ,"(۱) یہ حدیث اگرچہ سنداً عمرو بن ہارون کی وجہ سے غریب ہے مگر افعالِ صحابہ سے مؤید ہونے کی بناء پر اس کی غرابت دور ہوجاتی ہے، جس کی وجہ سے یہ قابلِ استدلال ہے۔ (۲) مذکور حدیث"" مرسل صحیح ""ہے اور حدیثِ مرسل عند الائمہ قابل استدلال ہوتی ہے۔",قرآن و حدیث,تحقیق و تخریج حدیث,58899,1997-02-02,https://www.onlinefatawa.com/view_fatwa_unicode/58899/%D8%AF%D8%A7%DA%91%DA%BE%DB%8C-%D8%AA%D8%B1%D8%A7%D8%B4%D9%86%DB%92-%D8%B3%DB%92-%D9%85%D8%AA%D8%B9%D9%84%D9%82-%D8%AD%D8%AF%DB%8C%D8%AB-%DA%A9%DB%8C-%D8%B3%D9%86%D8%AF
کیا فرماتے ہیں علماءِ کرام ان مسائل کے بارے میں کہ درجِ  ذیل احادیث کی فقہی تفسیر کیا ہے؟ (۱) معاذ بن جبل ؓسے روایت ہے کہ: ’’ہم جنگِ تبوک کے لئے حضور ﷺ کے ساتھ روانہ ہوئے شام کیا کہ آپ نے دوپہر اور بعد از دوپہر کی نمازیں ایک ساتھ ادا کیں اور مغرب اور عشاء ایک ساتھ ادا کیں‘‘۔ (ابو داؤد: ۱۷۰)- (۲) ابو سعید الخدریؓ سے روایت ہے کہ : ’’لوگوں نے پیغمبرِ خدا ﷺ سے پوچھا کہ ہم بدھا کے کنواں سے وضو کرسکتے ہیں اسی کنواں میں گندے کپڑے مرے ہوئے کتے اور بدبودار چیزیں پھینکی جاتی ہیں، آپ نے فرمایا پانی پاک ہے، یہ کسی چیز سے نجس نہیں ہوتا‘‘۔ (ابو داؤد: ص۹)- (۳) ابوموسیٰ اشعریؓ سے روایت ہے کہ: ’’نگین نجاشی نے حضور ﷺ کو دو کالے اور سادہ موزے پیش کئے انہوں نے وہ پہنے وضو کیا اور ان پر مسح کیا‘‘۔ (ابو داؤد: ص۲۱)- (۴) المغیرہ بن شعبہؓ سے روایت ہے کہ: ’’میں پانی ڈال رہا تھا اور حضور ﷺ وضو فرمارہے تھے تبوک کی جنگ کے موقع پر، آپ نے موزوں کے اوپر اور نیچے مسح کیا‘‘۔ (ابو داؤد: ۲۲)- (۵) حضرت عبد اللہ بن عمرؓ سے روایت ہے کہ: ’’شروع میں پچاس نمازیں تھیں، غسل کو سات بار واش کرنا ضروری تھا، اور پیشاب کے کپڑے کو سات بار پاک کرنا ضروری تھا اللہ تعالیٰ پیغمبر عبادت کرتے رہے اور نمازیں پانچ تک کم کردی گئیں، غسل میں ایک بار اور پیشاب کے کپڑوں کو بھی ایک بار دھونا قرار دیا گیا‘‘۔ (ابو داؤد: ص۳۳)- (۶) حضرت علیؓ بن ابی طالب سے روایت ہے کہ: ’’بچی (لڑکی) کا پیشاب دھونا چاہئے اور بچہ (لڑکا) کا پیشاب جھٹکنا چاہئے جب تک بچہ کھانے لگ جائے۔ (ابو داؤد: ص۵۴)-,"(۱)- قرآن کریم کی صریح آیات جو قطعی الثبوت والدلالۃ  ہیں ان میں ہر نماز کو اپنے اپنے وقت مقررہ پر پڑھنے کا حکم اور ترغیب دی گئی ہے (جیسا کہ ذیل میں آیاتِ کریمہ بھی ذکر کردی گئی ہیں) ان آیات کے مقابلے میں ان احادیث (اخبار آحاد) پر عمل کرنا (جو قطعی الثبوت نہ ہونے کے ساتھ ان میں توجیہ بھی ممکن ہے) اصولِ حدیث کے خلاف ہے نیز جمع بین الصلوٰتین کے وہ تمام واقعات جو نبی کریم ﷺ سے منقول ہیں اُن میں جمع حقیقی مراد نہیں بلکہ جمع صوری مراد ہے جیسا کہ امام اعظم ابو حنیفہؒ کا مسلک ہے کہ جمع بین الصلوٰتین حقیقی صرف عرفات اور مزدلفہ میں مشروع ہے اس کے علاوہ کہیں جائز نہیں، خواہ عذر ہو یا نہ ہو، البتہ جمع صوری جائز ہے اس طور پر کہ ظہر کی نماز بالکل آخر وقت میں اور عصر کی نماز بالکل شروع وقت میں ادا کی جائے، اس طرح دونوں نمازیں در حقیقت اپنے اپنے وقت میں ہی ادا  ہوں گی ہاں ایک ساتھ ہونے کی وجہ سے صورۃً جمع بین الصلوٰتین کہہ دیا گیا ہے، جیسا کہ امام بخاریؒ نے اپنی کتاب بخاری جلد اوّل کے صفحہ ۲۲۸ پر ""کتاب المناسک باب متیٰ یصلی الفجر بجمع ""(ای بمزدلفۃ) کے تحت حضرت عبد اللہ بن عمر رضی اللہ عنہما کی ایک روایت بیان کی ہے کہ میں نے دیکھا کہ جب آپ ﷺ کو کسی سفر میں جلدی جانے کا ارادہ ہوتا تو مغرب کی نماز مؤخر فرمادیتے یہاں تک کہ مغرب اور عشاء کو جمع کردیتے، اسی طرح حضرت سالم فرماتے ہیں کہ حضرت عبد اللہ ابن عمرؓ کو بھی جب کبھی سفر میں جلدی جانا ہوتا تو نمازِ مغرب سے فارغ ہونے کے بعد کچھ دیر انتظار فرماتے تھے اور اس کے بعد نمازِ عشاء پڑھتے تھے، خود حافظ ابن حجرؓ نے بھی اپنی کتاب ""فتح الباری شرح بخاری ""کی جلد ۲ صفحہ ۴۶۵؍ پر اس حدیث کے تحت فرمایا ہے کہ اس سے مراد جمع صوری ہی ہوسکتی ہے۔ لہٰذا سوال میں مذکور حدیث کی بناء پر جمع حقیقی مراد لے کر دو نمازوں کو ایک وقت میں پڑھنا درست نہیں اس سے احتراز چاہئے۔ (۱) آیت کریمہ: ان الصلوٰۃ کانت علی المؤمنین کتاب موقوتا۔ ترجمہ: بے شک نماز مسلمانوں پر فرض ہے اپنے مقررہ  وقتوں پر۔ (سورۂ نساء آیت نمبر ۱۰۳) (۲) فویل للمصلین الذین ہم عن صلوٰتہم ساہون۔ ترجمہ: پھر خرابی ہے ان نمازیوں کی جو اپنی نماز سے بے خبر ہیں۔ (سورۂ ماعون آیت نمبر ۴) (۳) حافظوا علی الصلوٰت والصلوٰۃ والسطٰی۔ ترجمہ: محافظت کرو سب نمازوں کی اور درمیان والی نماز کی۔ (سورۂ بقرہ آیت نمبر ۲۳۸) (۴) عن نافع و عبد اﷲ بن واقد اَن مؤذن ابن عمر قال الصلوٰۃ قال سِرسرِ حتٰی اذا کان قبل غیوب الشفق نزل فصلی المغرب ثم انتظر حتیٰ غاب الشفق فصلی العشاء ثم قال إن رسول اﷲ ﷺ کان اذا عجل بہ امر ضع مثل الذی ضعت فسار فی ذالک الیوم واللیلۃ مسیرۃ ثلاثٍ۔ اھـ ترجمہ: حضرت نافع اور عبد اللہ ابن واقد سے روایت ہے کہ ابن عمرؓ کے مؤذن نے کہا کہ نماز کا وقت ہے تو ابن عمرؓ نے فرمایا کہ چلو ،چلو ،یہاں تک کہ غیوبِ شفق سے پہلے اتر گئے اور مغرب کی نماز پڑھی پھر تھوڑی دیر تک انتظار کیا یہاں کہ تک کہ شفق غائب ہوگیا پھر عشاء کی نماز پڑھی پھر فرمایا کہ آپ ﷺ کو جب کسی کام میں جلدی ہوتی تو اس طرح کرتے جیسے میں نے کیا تو اس دن رات میں تین دن رات کا سفر کیا۔ (ابو داؤد: ج۱، ص۱۷۱)- (۵) قال ابن عباسؓ قال صلیتُ مع النبی ﷺ ثمانیًا جمیعًا وسبعًا جمیعا قلت یا ابا الشعثآء اظنہ اخر الظہر وعجل العصر واخر المغرب وعجل العشاء قال وانا اظن ذالک۔ اھـ ترجمہ: ابن عباسؓ سے روایت ہے فرماتے ہیں کہ میں نے آپ ﷺ کے ساتھ نماز پڑھی آٹھ رکعت ایک ساتھ اور سات رکعت ایک ساتھ، میں نے کہا اے ابا الشعثآء میں اس کو گمان کرتا ہوں کہ ظہر کو مؤخر کیا ہوگا اور عصر میں جلدی کی ہوگی اور مغرب کو مؤخر کیا ہوگا اور عشاء میں جلدی کی ہوگی، ابن عباسؓ نے فرمایا کہ میں بھی یہ گمان کرتا ہوں۔ (ج۱، ص۲۴۶)- …(۲)… اس حدیث مبارکہ ’’الماء طہور لا ینجسہ شیء‘‘ یعنی پانی پاک ہے اسے کوئی چیز ناپاک نہیں کرسکتی، اس میں ’’الماء‘‘ کے لفظ پر ’’الف لام‘‘ عہد خارج کا ہے اس سے مراد خاص بیر بضاعہ کا پانی ہے اور ’’لا ینجسہ شیء‘‘ کا مطلب ’’لا ینجسہ شیء مما تتوہمون‘‘ ہے یعنی صحابہ کرامؓ نے جب بیر بضاعہ کے بارے میں رسول اللہ ﷺ سے پوچھا کہ کیا ان کنویں کا پانی پاک ہے؟ کہ یہ کنواں نشیبی زمین میں واقع ہے ا ور اس کے چاروں طرف آبادی ہے تو آبادی کی نجاستیں اور حیض و نفاس وغیرہ کے گندے کپڑے وغیرہ جو ہر طرف پڑے رہتے ہیں وہ ہوا سے اُڑ کر یا بارش کے پانی سے بہہ کر اسی کنویں میں گرتے ہیں چنانچہ ان خیالات کے بناء پر صحابہ کرام کو اس کے ناپاک ہونے کا وہم پیدا ہوگیا مگر یہ خیالات محض وساوس اور اوہام تھے اور مشاہدہ پر مبنی نہیں تھے، اس لئے آپ ﷺ نے ان وسوسوں کو ختم کرنے کیلئے علیٰ اسلوبِ الحکیم جواب ارشاد فرمایا ’’إن الماء طہور لا ینجسہ شیء‘‘۔ اور بعض دیگر حضرات نے یہ توجیہ بیان کی ہے کہ زمانۂ جاہلیت  میں اس کنویں میں گندگیاں اور غلاظتیں وغیرہ ڈالی جاتی تھیں اگرچہ اسلام کے بعد یہ سلسلہ ختم ہوگیا ہے مگر دل میں شک و شبہ باقی تھا کہ اس کی دیواروں پر نجاست کے اثرات باقی ہوں گے اس پر صحابہ کرامؓ نے سوال کیا اور آپ نے مذکورہ بالا ارشاد کے ذریعہ اس کے وہم اور شک کو دور فرمادیا چنانچہ حضراتِ محدثین نے اس کے علاوہ اور بھی اس حدیث کی توجیہات بیان فرمائی ہیں۔ لہٰذا آپ ﷺ کے اس فرمان کی وجہ سے ہر قسم کے پانی پر (خواہ وہ تھوڑا ہو یا زیادہ اور اس کا رنگ، بو اور مزہ تبدیل ہوچکا ہو یا نہ) یہ حکم لگانا  کہ یہ پاک ہے، اس کو کوئی چیز ناپاک نہیں کرسکتی احادیثِ صحیحہ صریحہ کی روشنی میں قطعاً درست نہیں، جیسے ترمذی کے باب کراہیۃ البول فی الماءِ الراکد کے تحت حضرت ابوہریرہؓ کی حدیث: (۱) لا یبولن احدکم فی الماء الدائم ثم یتوضاء منہ۔ اھـ ترجمہ: فرماتے ہیں کہ حضور اکرم ﷺ نے فرمایا تم میں سے کوئی کھڑے پانی میں پیشاب نہ کرے (یہ کتنی عجیب  بات ہے) کہ پھر اس سے وضو بھی کرے گا۔ (ترمذی: ج۱، ص۲۱)- (۲) عن ابی ہریرۃؓ عن النبی ﷺ قال اذا ستیفظ احدکم من اللیل فلا یُدخِل یدہ فی الاناءِحتٰی یفرغ علیہا مرتین أو ثلٰثا فانہ لا یدری این باتت یدہ۔ اھـ ترجمہ: ابوہریرہؓ کی روایت ہے کہتے ہیں کہ رسول اللہ ﷺ نے فرمایا کہ جب تم میں سے کوئی رات کو اُٹھے تو اپنے ہاتھ برتن میں نہ ڈالے یہاں کہ اس پر دو یا تین دفعہ پانی نہ بہائے، کیونکہ اس کو معلوم نہیں کہ اس کے ہاتھ نے رات کہاں گزاری۔ (ترمذی: ج۱، ص۱۳)- (۳) مسلم شریف باب حکم ولوغ الکلب کے تحت حدیث ولوغ الکلب وغیرہ جیسی احادیث اس پر شاہد ہیں۔ …(۳)… اس سوال میں ابو موسیٰ اشعریؓ کی روایت سے آپ کیا ثابت کرنا چاہتے ہیں یا کیا پوچھنا چاہتے ہیں یا اپنے کس دعویٰ پر بطورِ استشہاد  پیش کررہے ہیں؟ براہِ کرم اس کی وضاحت فرماکر دوبارہ اس کا حکم معلوم کرلیا جائے۔ …(۴)… حضرت مغیرہ بن شعبہؓ کی اس روایت سے موزوں کے دونوں جانب (یعنی اوپر نیچے کی طرف) مسح کرنے کو ثابت کرنا درست نہیں ایک تو اس وجہ سے کہ حضراتِ محدثین نے اس حدیث کو بعض وجوہ کی بناء پر معلول قرار دیا ہے مثلاً  ۱۔  یہ کہ امام ترمذیؒ نے اپنی کتاب ترمذی میں جب یہ حدیث بیان کی ہے تو اس کے معلول ہونے کی علت اس طرح بیان فرمائی ہے کہ ’’یہی روایت عبد اللہ بن مبارک‘‘ نے بھی ثور بن یزید سے نقل  کی ہے اس میں سند ’’کاتب المغیرہ‘‘ پر ختم ہوگئی ہے اور حضرت مغیرہ بن شعبہ کا کوئی ذکر نہیں گویا عبد اللہ بن مبارک کی سند میں یہ حدیث مسندات المغیرہ میں سے نہیں بلکہ کاتب المغیرہ کی مرسل ہے ولید ابن مسلم کو وہم ہوا  اور انہوں نے اسے موصولاً روایت کردیا اسی بناء پر امام ترمذی لم یسندہ عن ثور بن یزید غیر الولید بن مسلم فرماتے ہیں۔  ۲۔  اور امام ابو داؤد نے اس حدیث کو روایت کرنے کے بعد اس کے معلول ہونے کی یہ علت بیان فرمائی ہے کہ ثور بن یزید نے یہ حدیث رجاء بن حیوٰۃ سے نہیں سنی، گویا یہ حدیث منقطع ہے، اسی طرح بعض دیگر محدثین کرام نے بھی اس حدیث کے معلول ہونے کی علتیں اور وجوہات بیان فرمائی ہیں۔ اس تفصیل کے بعد واضح ہو کہ موزوں کے اوپر کے حصہ پر مسح کرنا ضروری ہے ان کے نیچے کا مسح کرنا مشروع نہیں جیسا کہ امام ترمذیؒ نے اپنی کتاب کے ""باب فی المسح علی الخفین ظاہرہما ""کے تحت حضرت مغیرہ بن شعبہ ہی کی روایت نقل کی ہے، جس کا ترجمہ یہ ہے کہ حضرت مغیرہ بن شعبہ فرماتے ہیں کہ میں نے رسول اللہ ﷺ کو موزوں کے ظاہر پر مسح کرتے ہوئے دیکھا، اس حدیث پر امام ترمذی نے فرمایا کہ یہ حدیث حسن ہے، نیز یہی حدیث امام بخاریؒ نے تاریخِ کبیر میں عن عروۃ عن المغیرہ کے طریق سے روایت کی ہے اور اسے صحیح قرار دیا ہے، اسی طرح امام ابو داؤد نے اپنی معروف کتاب سننِ ابی داؤد میں"" اسناد حسن"" کے ساتھ حضرت علیؓ کا یہ ارشاد نقل کیا ہے: عن علیؓ قال لو کان الدین بالرای لکان اسفل الخف اولی بالمسح من أعلاہ وقد رأیت رسول اﷲ ﷺ یمسح علٰی ظاہر خفیہ وکذا فی بلوغ المرام وفی التلخیص۔ (ج۱، ص۵۹)- ترجمہ: حضرت علیؓ سے روایت ہے فرماتے ہیں اگر دین رائے سے ہوتا تو موزے کا نیچے والا حصہ زیادہ مناسب تھا مسح کیلئے موزے کے اوپر والے حصے سے اور تحقیق میں نے رسول اللہ ﷺ کو دیکھا کہ موزوں کے اوپر والے حصے پر مسح فرماتے تھے۔ چنانچہ اس طرح بعض دوسری  احادیث سے بھی آپ ﷺ سے موزوں کے ظاہر پر مسح کرنا ثابت ہے، لہٰذا صرف حدیثِ مذکور کی بناء پر  موزوں کے دونوں جانب مسح کرنے کا جواز ثابت کرنا یا اسے لازم اور ضروری قرار دینا احادیثِ صحیحہ صریحہ کی روشنی میں درست نہیں، جیسا کہ تفصیل بالا سے اس کی وضاحت ہوگئی ہے۔ (۵) اس حدیث پاک کے بیان کرنے سے بظاہر ہر سائل یہ بتانا چاہتا ہے کہ ناپاک برتن اور ناپاک کپڑوں وغیرہ کو پاک کرنے کیلئے صرف ایک مرتبہ دھونا ہی کافی ہے تین یا اس سے زیادہ مرتبہ دھونا ضروری نہیں، حالانکہ اس کا یہ خیال درست نہیں اس لئے کہ نجاست دو طرح کی ہوتی ہے، ایک مرئیہ (یعنی وہ جو خشک ہونے پر دیکھنے میں نظر آئے) اور دوسری غیر مرئیہ (یعنی وہ جو دیکھنے میں نظر نہ آئے) نجاستِ مرئیہ میں ناپاک برتن اور کپڑے وغیرہ کی پاکیزگی اس وقت تک حاصل نہیں ہوسکتی جب تک نجاست کی عین یعنی ذات اس شئی پر لگی ہوئی ہو، پھر اس کا ازالہ جتنی مرتبہ دھونے سے ہو اتنی مرتبہ دھونا ضروری ہے، البتہ نجاست غیر مرئیہ میں خواہ نجاست کا یقین ہو جیسے کتا کسی برتن کو چاٹ لے تو اسے تین مرتبہ دھوکر پاک کرنے کے بارے میں فرمایا گیا ہے، اسی طرح اگر نجاست کا یقین نہ ہو بلکہ محض احتمال ہو جیسے سونے کی حالت میں ہاتھوں کے نجس ہوجانے کے احتمال پر بھی اِنہیں تین مرتبہ دھونے کا حکم دیا گیا ہے پھر  اس معاملہ میں مبتلیٰ بہ کی رائے کا اعتبار ہے کہ اُسے جتنی مرتبہ دھونے سے طہارت کا ظنِ غالب یا یقین ہوجائے تو اتنی مرتبہ دھونا ضروری ہے خواہ وہ ایک مرتبہ ہی کیوں نہ ہو، مگر عام طور پر تین مرتبہ دھونے سے ظنِ غالب حاصل ہوجاتا ہے اس لئے احناف رحمہم اللہ نے ایسی ناپاک اشیاء کو تین مرتبہ دھونے کا حکم دیا ہے۔ (۶) جاننا چاہئے کہ پیشاب کسی چھوٹے دودھ پیتے بچے، بچی کا ہو یا کسی نوجوان اور بوڑھے کا  ہو  اسے نجس قرار دیا  گیا ہے اور احادیث میں اس سے بچنے کی بڑی تاکید کی گئی ہے اور اس میں کسی خاص نوع کے افراد کے پیشاب کی تخصیص نہیں کی گئی اور پھر بعض احادیث میں ’’صب علیہ الماء‘‘ اور ’’اتبعہ الماء‘‘ کے الفاظ بھی وارد ہوئے ہیں جو غسل یعنی دھونے پر صریح بھی ہیں جیسے آثار السنن جلد اوّل کے ص۱۷؍ پر حضرت عائشہ رضی اللہ عنہا کی حدیث ہے جس کا ترجمہ یہ ہے کہ ’’آپ ﷺ کے پاس چھوٹے بچے لاۓ جاتے تھے پس ایک مرتبہ ایک بچہ لایا گیا جس نے آپ ﷺ پر پیشاب کردیا، تو آپ ﷺ نے فرمایا اس پر پانی بہادو‘‘ اس حدیث مبارک میں آپ ﷺ نے بچہ کے پیشاب کے بعد اس پر پانی بہانے اور دھونے کا حکم فرمایا، نیز جن احادیث مبارکہ میں بچے کے پیشاب کے ساتھ لفظ ’’رَش اور نضح‘‘ بمعنی چھینٹے مارنا وارد ہوا ہے اُن کے بھی ایسے معنیٰ مراد لئے جاسکتے ہیں جو دوسری روایات کے مطابق ہیں اور وہ معنیٰ ""غسلِ خفیف"" ہے کہ ان دونوں لفظوں کے یہ معنیٰ بھی متعارف ہیں چنانچہ خود امام شافعیؒ نے بھی کئی ایک احادیث میں لفظ ’’رش اور نضح‘‘ سے دھونا مراد لیا ہے، اسی طرح امام مسلمؒ نے لڑکے کے پیشاب کی تطہیر کے سلسلہ میں اپنی کتاب صحیح مسلم میں ’’النفح، الرش، الصب اور اتباع الماء‘‘ چار قسم کے الفاظ استعمال فرمائے ہیں اور ان سب روایات پر عمل غسل یعنی دھونے کی صورت میں ہی ممکن ہوسکتا ہے، لہٰذا  لڑکی اور لڑکے کے پیشاب سے پاکی حاصل کرنے کیلئے دھونا ہی ضروری ہے، ان میں کوئی فرق نہیں اور چھینٹے مارنے سے گندگی مزید بڑھے گی کم نہیں ہوگی لہٰذا چھینٹے مارنے سے احتراز کرنا چاہئے پھر احادیثِ مبارکہ میں ان دونوں کے پیشاب کے حکم کو الگ الگ بیان کرنے کی یہ وجہ ہے کہ بچی کا پیشاب بمقابلہ بچے کے پیشاب کے غلیظ اور زیادہ  بدبودار ہوتا ہے البتہ غذا کے استعمال سے بچے کے پیشاب میں بھی غلظت ہوجاتی ہے اس کے بعد یعنی دودھ چھڑانے کے زمانہ کے بعد ان میں کوئی فرق نہیں رہتا۔  واﷲ اعلم وعلمہ اتم!",قرآن و حدیث,تحقیق و تخریج حدیث,58902,1995-02-02,https://www.onlinefatawa.com/view_fatwa_unicode/58902/%D9%85%D8%AE%D8%AA%D9%84%D9%81-%D8%A7%D8%AD%D8%A7%D8%AF%DB%8C%D8%AB-%DA%A9%DB%8C-%D9%81%D9%82%DB%81%DB%8C-%D8%AA%D8%B4%D8%B1%DB%8C%D8%AD
کیا فرماتے ہیں علماءِ کرام اس مسئلہ کے بارے میں کہ مجھے عیسائی جماعت کے کئے ہوئے اعتراض کے جواب دینے میں آپ کی مدد کی ضرورت ہے،محمد ﷺ نے لکھا کیونکہ قرآنِ کریم آج تک سو فیصد محفوظ ہے اس لئے آج کی جدید عربی بھی وہ پرانی اور صحیح عربی کے طرز پر بولی جاتی ہے صرف و نحو کے اعتبار سے،میں آپ سے عرض کرنا چاہتا ہوں کہ جس طرح مسلمانوں کا خیال ہے کہ قرآن سو فیصد محفوظ ہے یہ درست نہیں ہے مجھے یقین ہے کہ آپ کو مندرجہ ذیل حدیثوں کا علم ضرور ہوگا جو میرے اس دعویٰ پر شاہد ہیں: (۱) بخاری شریف میں حضرت زیدؓ ذکر کرتے ہیں کہ قرآن کی دو مفقود آیتوں کو تلاش کررہا ہوں۔ (۲) بخاری شریف میں اسی طرح ایک اور روایت ہے (۳) بخاری شریف میں ہے کہ یہ آیت بھی مفقود ہے جس میں ہے کہ : ’’آپ لوگوں کو ہمارے طرف سے پیغام پہنچادیں کہ ہم نے اپنے رب سے ملاقات کی اور وہ ہم سے خوش ہے اور ہم کو بھی راضی کیا‘‘۔ (۴) مؤطا میں ہے کہ حضرت عائشہؓ نے کاتب سے ایک آیت کا اضافہ کروایا کیونکہ ان کو حضور ﷺ کا اسی طرح پڑھنا یاد تھا۔ اعتراض: سو فیصد محفوظ ہے……؟ میں سمجھتا ہوں کہ آپ اس میں ……میں پھنس گئے ہیں۔,قرآنِ کریم بلاشبہ سوفیصد محفوظ ہے اور قیامت تک ربِّ ذوالجلال نے اس کی حفاظت کا ذمہ لیا ہے، لہٰذا قرآنِ کریم کی حفاظت پر شبہ کرنا، بلاشبہ ناجائز اور کفر ہے۔ اس کے بعد واضح ہوکہ صورتِ مسئولہ میں سائل نے قرآنِ کریم پر اعتراض کرنے کیلئے جن کتابوں کا نام لیا ہے اور بطورِ دلیل چند احادیث کا حوالہ بھی پیش کیا ہے، اس میں انتہائی درجہ خیانت اور بد دیانتی کا مظاہرہ کیا ہے، ہمیں یقین ہے کہ اگر وہ مذکور کتابوں کی پوری، پوری عبارتوں کو پڑھتے اور سیاق و سباق کو بھی دیکھتے تو  اسے سوال کرنے اور پھر اس کے بعد جواب کا انتظار کرنے کی تکلیف نہ اُٹھانی پڑتی، چنانچہ وہ احادیثِ مبارکہ مکمل طور پر ذیل میں نقل کی جارہی ہیں: (۱) حضرت زید بن ثابت کے بیٹے خارجہ بن زید بن ثابت (قرآنِ کریم جمع کرنے کی ابتدائی حالت بیان کرتے ہوئے فرماتے ہیں) کہ انہوں نے زید بن ثابت سے سنا، فرمایا! مصحف میں نقل کرتے وقت میں نے ’’سورۂ احزاب کی ایک آیت (لکھی ہوئی) نہیں پائی جو میں رسول اللہ ﷺ کو پڑھتے ہوئے سنا کرتا تھا، پس ہم نے اسے تلاش کیا تو حضرت خزیمہ بن ثابت انصاریؓ کے (جن کے اکیلے گواہی کو نبی کریم ﷺ نے دو آدمیوں کے برابر قرار دیا تھا ) پاس پائی (وہ آیت یہ تھی) ’’من المؤمنین رجالٌ صدقوا ما عاہدوا اللہ علیہ‘‘  تو ہم نے اسے اس کی سورۃ میں ملاکر مصحف میں لکھا دیا۔ (بخاری: ج۲، ص۷۴۶)- (۲) ابن سباق کہتے ہیں کہ حضرت زید بن ثابتؓ نے فرمایا کہ میری طرف ابوبکر صدیقؓ نے  پیغام بھیجا اور فرمایا کہ آپ رسول اللہ ﷺ کیلئے وحی لکھا کرتے تھے، لہٰذا آپ (مختلف لوگوں  سے جن کے پاس جتنا حصہ ہو) تلاش کرکے (جمع کریں) تو میں نے تلاش کرنا شروع کردیا یہاں تک کہ سورۂ توبہ کی آخری دو آیتیں میں نے ابو خزیمہ انصاری کے پاس پائی، جو ان کے علاوہ میں نے کسی اور کے پاس (لکھی ہوئی) نہیں پائی، وہ آیتیں ’’لقد جائکم رسول من انفسکم عزیز علیہ ما عنتم‘‘ آخر تک ہیں۔ (بخاری: ج۲، ص۷۴۶)- (۳)حضرت انسؓ سے روایت ہے کہ نبی کریم ﷺ نے ’’بنی سلیم‘‘ کے چند لوگ ’’بنی عامر‘‘ کی طرف بھیجے جو ستر (۷۰) آدمی تھے جب وہ (بنو عامر کے پاس گئے) تو ان کو میرے ماموں نے کہا کہ میں تم سے پہلے جاتا ہوں، اگر انہوں نے مجھے امان دی تو ان کو رسول اللہ ﷺ کا پیغام پہنچادوں گا اور اگر انہوں نے امان نہیں دی (بلکہ مخالفت پر اُتر آئے) تو (حمایت کیلئے) تم میرے قریب ہو ہی، چنانچہ انہوں نے ا ن کو  امان دے دی، تو درمیان کلام جب وہ ان کو نبی کریم ﷺ کی بات سنارہے تھے، اچانک انہوں نے اپنے میں سے ایک آدمی کو اشارہ کیا، تو اس نے (میرے ماموں) کو نیزہ مارا جو ان کے پار ہوگیا، تو فرمایا ’’اللہ اکبر‘‘ رب کعبہ کی قسم میں تو کامیاب ہوگیا، پھر وہ (قوم والے) دوسرے صحابہ کی طرف مائل ہوئے اور ان کوقتل کیا، مگر ایک لنگڑا آدمی پہاڑ پر چڑھ گیا، حدیث کے راوی ہمام کہتے ہیں میرے خیال میں ان کے ساتھ (کوئی) دوسرا (بھی) تھا تو جبرئیل علیہ السلام نے نبی کریم ﷺ کو خبر دی کہ ’’تحقیق وہ اپنے رب سے مل گئے وہ ان سے خوش ہوگئے اور ان کو راضی کیا، پس ہم پڑھتے تھے کہ ’’آپ ہماری قوم کو پیغام پہنچادیں کہ ہم نے اپنے رب سے ملاقات کی وہ ہم سے خوش ہوئے اور ہمیں بھی خوش کیا‘‘ پھر اس کے بعد یہ آیت منسوخ ہوگئی۔ (بخاری: ج۱، ص۳۹۳)- (۴) جہاں تک ’’مؑؤطا‘‘ میں ام المؤمنین حضرت عائشہ صدیقہ رضی اللہ عنہا والی روایت کا تعلق ہے تو  وہ تفسیر  پر محمول ہے اور امام محمدؒ بھی اس کو ’’باب التفسیر‘‘ میں ہی لائے ہیں اس لئے کہ یہ لفظ ’’وصلوٰۃ العصر‘‘ جن کا حضرت عائشہ نے لکھنے کو فرمایا تھا منسوخ التلاوۃ ہے چنانچہ مسلم شریف میں ہے حضرت براء بن عازبؓ فرماتے ہیں کہ یہ آیت ’’حافظوا علی الصلوات وصلوٰۃ العصر‘‘ نازل ہوئی تو جب تک اللہ نے چاہا ہم اس کو پڑھتے رہے پھر اس کو اللہ تعالیٰ نے منسوخ فرمادیا، پس یہ آیت نازل ہوئی: ’’حافظوا علی الصلوات والصلوٰۃ الوسطیٰ‘‘ (مسلم: ج۱، ص۲۲۷) اور پھر محدثین کے ہاں حضرت عائشہؓ کی مذکور تفسیری زیادتی بھی اس وقت کی ہے جب قرآنِ کریم کو مصاحف میں ابھی جمع نہیں کیا گیا تھا۔ مذکورہ بالا احادیث کی مکمل عبارت پڑھنے سے بخوبی معلوم ہوجاتا ہے کہ سائل نے احادیثِ رسول پیش کرنے میں کس خیانت اور قرآن پر اعتراض کرنے میں کس قدر ظلم و زیادتی کا مظاہرہ کیا ہے: ’’چہ دلاور است دردے کہ بکف چراغ دارد‘‘،	اگر وہ پوری مکمل حدیث پڑھ لیتے تو انہیں یہ اعتراض قطعاً  وارد  نہ ہوتے، جیسا کہ شروع میں بھی عرض کیا جاچکا ہے۔ لہٰذا اس قسم کے اعتراض کرنے اور اس قسم کی باتوں کو عوام میں پھیلانے سے احتراز لازم ہے۔,قرآن و حدیث,تحقیق و تخریج حدیث,58904,1998-02-02,https://www.onlinefatawa.com/view_fatwa_unicode/58904/%DA%A9%DB%8C%D8%A7-%D9%82%D8%B1%D8%A7%D9%93%D9%86-%D9%BE%D8%A7%DA%A9-%DA%A9%DB%8C-%DA%A9%DA%86%DA%BE-%DA%AF%D9%85%D8%B4%D8%AF%DB%81-%D8%A7%D9%93%DB%8C%D8%A7%D8%AA-%DB%81%DB%8C%DA%BA%D8%9F
کیا فرماتے ہیں علماءِ کرام اس مسئلہ کے بارے میں کہ کیا مندرجہ ذیل واقعات درست ہیں؟ (۱) حضرت ابوہریرہؓ فرماتے ہیں کہ جب میں ایمان لایا تو میں اونٹ چراتا تھا تو مجھے دیر ہوگئی جنگل میں، تو میں نے یعنی حضرت ابوہریرہ نے اسی جنگل میں یہ کہا کہ میں نے اپنی جان ان جنات کے بڑے کو حوالے کی ہے تو غیب سے آواز آئی کہ تم ایک اللہ پر ایمان لاؤ  اور جاؤ  ، مدینہ منورہ میں ایک نبی ہے اس پر ایمان لاؤ ، آیا یہ واقعہ سچ ہے یا نہیں؟ پھر یہ واقعہ حضرت عمرؓ کو بیان کیا تو انہوں نے یہ فرمایا کہ اگر آپ کا یہ واقعہ سچ نہ ہو ا تو میں آپ کو سزا دوں گا آپ اس واقعہ کا گواہ پیش کریں تو حضرت عثمانؓ نے فرمایا کہ اس کا گواہ میں ہوں۔ (۲) ایک چرواہا بکریاں چراہا رہا تھا کہ وہاں پر بھیڑیئے نے اس سے یہ کہا کہ جاؤ مدینہ جاؤ  اور وہاں پر ایک نبی ہے، اس پر ایمان لے آؤ ،  وہ آئے اور حضور ﷺ پر ایمان لے آئے، آیا یہ واقعہ بھی صحیح ہے یا نہیں؟ اور اس میں یہ بھی ہے کہ حضور ﷺ کو وحی کے ذریعے معلوم ہو ا  ا س واقعہ کا تو اچانک وہی چرواہا آگیا۔ (۳) اور ایک صحابی کے بارے میں آتا ہے کہ ان کو  بت نے دعوت دی کہ تم اللہ پر ایمان لے آؤ  ،اس لئے کہ ہمارا دور چلا گیا، ان صحابی کا نام کیا ہے اور یہ واقعہ صحیح ہے یا نہیں؟ امید ہے کہ مدلل جواب دے کر مشکور فرمائیں گے۔,(۱) سوال میں مذکور تینوں واقعات درست اور کتبِ حدیث میں موجود ہیں چنانچہ پہلا واقعہ حضرت ابوہریرہؓ کے ساتھ پیش نہیں آیا بلکہ حضرت ابوہریرہؓ اس حدیث کے راوی ہیں اور یہ واقعہ حضرت خریم بن فاتکؓ کے ساتھ پیش آیا جس کی پوری تفصیل حیاۃ الصحابہ جلد۳، صفحہ ۵۶۶ پر موجود ہے۔ (۲) اور دوسرا واقعہ ایک چرواہے کا ہے مگر اس میں یہ بات کہ ’’آپ ﷺ کو بذریعہ وحی معلوم ہوگیا تھا،ا لخ‘‘ نہیں ہے اس کی پوری تفصیل بھی حیاۃ الصحابہ جلد ۳، ص۶۰۱ پر اور البدایہ والنہایہ جلد۶، ص۱۵۰ پر بھی موجود ہے۔ (۳) یہ واقعہ حضرت عباس بن مرداس اسلمی کے ساتھ پیش آیا اس کی تفصیل بھی حیاۃ الصحابہ جلد ۳، ص۵۷۱ پر موجود ہے۔,قرآن و حدیث,تحقیق و تخریج حدیث,58908,1996-02-02,https://www.onlinefatawa.com/view_fatwa_unicode/58908/%D8%AD%D8%B6%D8%B1%D8%AA-%D8%AE%D8%B1%DB%8C%D9%85-%D8%A8%D9%86-%D9%81%D8%A7%D8%AA%DA%A9%D8%93--%DA%A9%DB%92-%D8%A7%DB%8C%D9%85%D8%A7%D9%86-%D9%84%D8%A7%D9%86%DB%92-%DA%A9%D8%A7-%D9%88%D8%A7%D9%82%D8%B9%DB%81
کیا فرماتے ہیں علماءِ کرام و مفتیانِ عظام اس مسئلہ کے بارے میں کہ آپﷺ کا ارشاد ہے کہ دینِ اسلام پھیلاؤ ، کھانا کھلاؤ اور دشمنوں کی گردنوں کو  اُڑا دو ،تمہیں جنت عطاء کی جائے گی۔ اب پوچھنا یہ ہے کہ اس حدیث ِمبارک کا مطلب کیا ہے؟ اور اس حدیث میں دشمنوں کی گردنوں کو  اُڑادو  کی وضاحت چاہیے بمع حوالہ اور سند کے ۔ اللہ آپ حضرات کو جزاءِ خیر عطاء فرمائے۔,سوال میں جس حدیث کے متعلق وضاحت طلب کی گئی، اس جیسی حدیث جامع الترمذی جلد ثانی  کے ’’ابواب الأطعمۃ‘‘ میں موجود ہے، جو مندرجہ ذیل الفاظ کے ساتھ مروی ہے، لیکن اس حدیث میں سلام کے پھیلانے کا حکم ہے نہ کہ دین اسلام پھیلانے کا ۔ ترجمہ: حضرت ابوہریرہ رضی اللہ عنہ سے روایت ہے کہ نبی کریم ﷺ نے فرمایا کہ سلام پھیلاؤ، کھانا کھلاؤ اور (کافروں کے) سروں کو مارو تم جنتوں کے وارث بنا دئیے جاؤ گے۔ حدیثِ مذکور میں سروں کو مارنے سے مراد ’’جہاد فی سبیل اللہ ‘‘ہے۔,قرآن و حدیث,تحقیق و تخریج حدیث,58926,2010-03-02,https://www.onlinefatawa.com/view_fatwa_unicode/58926/%D8%AD%D8%AF%DB%8C%D8%AB-%DA%A9%DB%92-%D8%A7%D9%84%D9%81%D8%A7%D8%B8-%E2%80%99%E2%80%99%D8%AF%D8%B4%D9%85%D9%86%D9%88%DA%BA-%DA%A9%DB%8C-%DA%AF%D8%B1%D8%AF%D9%86%DB%8C%DA%BA-%D8%A7%DA%91%D8%A7%D9%88%D9%94%E2%80%98%E2%80%98-%DA%A9%D8%A7-%D9%85%D8%B7%D9%84%D8%A8
السلام علیکم! قیامت کےنزدیک حضرت مہدی کے ظہور کے بارےمیں جاننا ہے کہ کچھ لوگوں کا کہنا ہے کہ حضرت مہدی کے بارے میں جو روایات ہیں ان کا ذکر موطا امام مالکؒ  میں نہیں ہے، امام مالکؒ نے اپنی زندگی مدینہ میں گزاری، اس کا مطلب یہ ہےکہ مدینہ کے لوگ حضرت مہدی کے بارے میں نہیں جانتے تھے، حضرت مہدی کے بارے میں جو روایات ہیں وہ کوفی ہیں اور کوفیوں نے اپنی خود ساختہ روایات  گھڑی ہیں اسلام کے نام پر، اس لیے امام مالکؒ حضرت مہدی کے بارے میں کسی حدیث کا ذکر نہیں کرتے ہیں۔ صحیح بخاری و مسلم نے حضرت مہدی پر یقین نہیں کیا، کیونکہ ان کو کوئی ایسی حدیث نہیں ملی۔ اور اس نے یہ  بھی کہا کہ  مستدرک لکھنے والا شیعہ تھا۔,ظہورِ مہدی کے متعلق روایات اتنی مقدار میں موجود ہیں جو حدِ تواتر کو پہنچی ہوئی ہیں اور اس بناء پر یہ نظریہ تمام اہلِ سنت والجماعت کے نزدیک مسلّمات میں سے ہے اور صحاحِ ستہ میں سے چار کتب: مسلم ، ابوداؤد، ترمذی اور ابن ماجہ میں اس سے متعلقہ احادیثِ مبارکہ بکثرت موجود ہیں اور علماءِ اسلام نے اس موضوع پر مستقل کتابیں بھی تصنیف فرمائی ہیں، جبکہ امام مالک نے ’’مؤطا‘‘ اور امام بخاری نے اپنی کتب میں تمام احادیث کا احاطہ نہیں کیا ۔اور نہ ہی ان کا اس سلسلہ میں کوئی دعویٰ ہے اور عقلاً کسی چیز کا ذکر نہ کرنے سے یہ لازم نہیں آتا،  کہ اس کا وجود ہی تسلیم نہ ہو یا ان کو اس سلسلہ میں کوئی روایات ہی نہ پہنچی ہو، خصوصاً ’’مؤطا امام مالک‘‘ تو ان روایات پر مشتمل ہے ،جو فقہی احکام سے متعلق ہیں نہ کہ آپﷺ کی پیشنگوئی سےمتعلق، اس لیے سائل کا مذکور طرزِعمل جہالت اور پروپیگنڈہ پر مبنی ہے، اس سے احتراز لازم ہے۔,قرآن و حدیث,تحقیق و تخریج حدیث,58937,0000-00-00,https://www.onlinefatawa.com/view_fatwa_unicode/58937/%D8%B8%DB%81%D9%88%D8%B1%D9%90-%D9%85%DB%81%D8%AF%DB%8C-%D8%B3%DB%92-%D9%85%D8%AA%D8%B9%D9%84%D9%82-%D8%B1%D9%88%D8%A7%DB%8C%D8%A7%D8%AA-%D9%88-%D8%A7%D8%AD%D8%A7%D8%AF%DB%8C%D8%AB
کیا فرماتے ہیں علماءِ کرام و مفتیانِ عظام اس مسئلہ کے بارے میں کہ ہمارے ہاں ایک عالم صاحب نے ایک بیان کے موقع پر فرمایا کہ بٹگرام، بالاکوٹ، اور مظفرآباد کے علاقوں میں زلزلہ کے نتیجہ میں ہلاک ہونے والے شہادت کی موت کے ساتھ دنیا سے رخصت ہوئے ہیں، اس بات پر اعتراض کر تےہوئے ہمارے ہی علاقے کے ایک عام آدمی نے کہا کہ ان لوگوں کو اور اسی طرح اچانک ایکسیڈنٹ میں ہلاک ہونے والوں کو شہید کہنا بالکل درست نہیں ہے، اس لیے کہ حضورﷺ نے ایسی موت سے پناہ مانگی ہے، آپ سے درخواست ہے کہ اس مسئلہ کی وضاحت فرمائیں کہ مذکورہ دونوں صورتوں میں ہلاک ہونے والے شہید کہلانے کے حقدار ہیں یا نہیں؟  جزاکم اللہ خیراً,جو شخص ایمان کے حالت میں زلزلہ وغیرہ کسی حادثے میں مرجائے تو وہ شہیدِ حکمی ہے، مگر اس قسم کی موت کوئی پسندیدہ نہیں ہے، اس لیے آپﷺ نے اس سے پناہ مانگی ہے، جیسا کہ آپﷺ نے اس سے پنا ہ مانگی ہے  کہ ’’دوران جنگ ، میں واپس ہوتے ہوئے پیٹھ کی طرف سے مارا جاؤں گا‘‘ مگر اس کا یہ مطلب ہرگز  نہیں کہ اگر کوئی حالت ِ جنگ میں اس طرح مارا گیا تو وہ شہید نہیں کہلائےگا، بلکہ ایسا شخص حقیقی شہید کہلائے گا، اس لیے بلاوجہ شکوک و شبہات میں پڑنے سے احتراز چاہیے۔,قرآن و حدیث,تحقیق و تخریج حدیث,58938,2010-06-23,https://www.onlinefatawa.com/view_fatwa_unicode/58938/%D8%B2%D9%84%D8%B2%D9%84%DB%81-%D9%88-%D8%AF%DB%8C%DA%AF%D8%B1-%D8%AD%D8%A7%D8%AF%D8%AB%D8%A7%D8%AA-%D9%88-%D8%A2%D9%81%D8%A7%D8%AA-%D9%85%DB%8C%DA%BA-%D9%85%D8%B1%D9%86%DB%92-%D9%88%D8%A7%D9%84%D9%88%DA%BA-%DA%A9%D9%88-%D8%B4%DB%81%DB%8C%D8%AF-%DA%A9%DB%81%D9%86%D8%A7
کیا فرماتے ہیں علماءِ کرام و مفتیانِ عظام اس مسئلہ کے بارے میں کہ ایک حدیث شریف میں عموم کے ساتھ وارد ہوا ہے ’’سلوا اللہ العافیۃ‘‘ جبکہ دُرِّمختار میں علامہ حصکفیؒ  نے نقل فرمایا ہے: ’’ویحرم سؤال العافیۃ مدی الدھر‘‘ اس عبارت کی مراد کو واضح فرما کر اشکال رفع فرمائیں۔,حدیث پاک کے الفاظ ’’سلوا اللہ العافیۃ‘‘ اور علامہ حصکفیؒ کی عبارت میں کوئی تعارض نہیں۔ علامہؒ نے جس سوال (دعا) کو ناجائز کہا ہے، اس سے مراد ایسی اشیاء کے بارے  میں سوال ہے جن کا وقوع عادۃً محال ہو، (مثلاً اس طرح دعا کرنا کہ پوری عمر اس طرح عافیت ملے کہ تمام قُویٰ اور اعضاء بالکل ٹھیک رہیں، کوئی بیماری اور کمزوری لاحق نہ ہو تو یہ عادۃً محال ہے، اور عادۃً محال شئی مانگنا درست نہیں ہے، جیسا کہ کوئی شخص شادی کیے بغیر اللہ تعالیٰ سے اولاد مانگے) اور دعا کو قیود وشروط کے ساتھ مقید و مشروط کرنا، جس کی حدیث شریف میں بھی ممانعت آئی ہے۔ جبکہ حدیث میں عافیت کا سوال مطلقاً ہے نہ اس میں کسی عادۃً محال شئی کا سوال ہے اور نہ ہی قیود و شروط کے ساتھ مقید ومشروط ہے۔,قرآن و حدیث,تحقیق و تخریج حدیث,58947,2010-04-07,https://www.onlinefatawa.com/view_fatwa_unicode/58947/%D8%B9%D8%A7%D9%81%DB%8C%D8%AA-%DA%A9%DB%8C-%D8%AF%D8%B9%D8%A7-%D8%B3%DB%92-%D9%85%D8%AA%D8%B9%D9%84%D9%82%D8%8C-%D8%B9%D9%84%D8%A7%D9%85%DB%81-%D8%AD%D8%B5%DA%A9%D9%81%DB%8C-%D8%92-%DA%A9%DB%8C-%D8%B9%D8%A8%D8%A7%D8%B1%D8%AA-%DA%A9%D8%A7--%D8%AD%D8%AF%DB%8C%D8%AB-%DA%A9%DB%92-%D8%B3%D8%A7%D8%AA%DA%BE-%D8%AA%D8%B9%D8%A7%D8%B1%D8%B6
کیا بلند و بالا عمارتوں کی تعمیر اسلام میں ناجائز ہے، کیا اس سلسلے میں کوئی حدیث ہے؟,بلند وبالا عمارتیں بنانا ممنوع نہیں، مگر یہ دنیا کی بےثباتی کو دل سے نکالنے والا عمل ہے، اس لیے اس قسم کے کاموں میں لگ کر فکرِ آخرت سے غافل نہیں ہونا چاہیے۔,قرآن و حدیث,تحقیق و تخریج حدیث,58959,2005-07-23,https://www.onlinefatawa.com/view_fatwa_unicode/58959/%DA%A9%DB%8C%D8%A7-%D8%A8%D9%84%D9%86%D8%AF-%D9%88%D8%A8%D8%A7%D9%84%D8%A7-%D8%AA%D8%B9%D9%85%DB%8C%D8%B1%D8%A7%D8%AA-%DA%A9%DB%8C-%DA%A9%D8%B3%DB%8C-%D8%AD%D8%AF%DB%8C%D8%AB-%D9%85%DB%8C%DA%BA-%D9%85%D9%85%D8%A7%D9%86%D8%B9%D8%AA-%DB%81%DB%92-%D8%9F-
السلام علیکم!  درج ذیل حدیث کی سند کیا ہے؟ عبداللہ بن عمرؓ نے کہا کہ نبی کریم ﷺ نے صرف رفعِ یدین فرمایا نماز کی ابتداء کے وقت اور نہ کہ رکوع کے بعد یا پہلے؟ ( مسند حمیدی:۲/۲۷۷، مکتبہ سلفیہ مدینہ المنورۃ),مذکور حدیث صحیح ہے اور اس کی سند یہ ہے :ففی نصب الرایۃ : أَخْرَجَہ البیہقی فی الْخِلَافِیاتِ عَنْ عَبْدِ اللہ بْنِ عَوْنٍ الْخَرَّازِ ثَنَا معَنْ الزُّہری عَنْ سَالِمٍ عَنْ ابْنِ عُمَرَ أَنَّ النَّبِی- صَلَّی اللَّہ علیہ  وَسَلَّمَ -کانَ یرفع یدیہ، إذَا افْتَتَحَ الصَّلَاۃ، ثُمَّ لَایعُودُ، انْتَہی. (1/ 404) -,قرآن و حدیث,تحقیق و تخریج حدیث,58960,2006-04-21,https://www.onlinefatawa.com/view_fatwa_unicode/58960/%D8%B1%D9%81%D8%B9-%DB%8C%D8%AF%DB%8C%D9%86-%D8%B3%DB%92-%D9%85%D8%AA%D8%B9%D9%84%D9%82-%D8%B1%D9%88%D8%A7%DB%8C%D8%AA-%DA%A9%DB%8C-%D8%AA%D8%AD%D9%82%DB%8C%D9%82
حدیث کی تحقیق کے بارے میں سوال ہے کہ انس بن مالک سے روایت ہے کہ پیغمبرﷺ نے فرمایا ’’جب ایک شخص اپنا مکان چھوڑتا ہے اوروہ ’’بسم اللہ توکلت علی اللہ ولاحول و لاقوۃ إلا باللہ‘‘ کہتا ہے تو یہ کہا جاتا ہے کہ تمہاری رہنمائی کی گئی، خیال کیا گیا اور حفاظت کی گئی، اور شیطان اس سے دور ہوجاتا ہے۔ اور ایک دوسرا شیطان اس سے کہتا ہے اس شخص کا کون کیا بگاڑ سکتا ہے جس کی رہنمائی خیال اور حفاظت کی گئی ہو‘‘ جامع الترمذی میں اس کو صحیح قرار دیا گیا ہے اور ابوداؤد میں بھی۔ آپ کیا فرماتے ہیں؟,مذکور حدیث مرفوع ،متصل السند اور قابلِ عمل ہے، اور معمول کے طور پر اس کو اختیار کیا جا سکتا ہے۔,قرآن و حدیث,تحقیق و تخریج حدیث,58962,2005-05-14,https://www.onlinefatawa.com/view_fatwa_unicode/58962/-%DA%AF%DA%BE%D8%B1-%D8%B3%DB%92-%D9%86%DA%A9%D9%84%D8%AA%DB%92-%D9%88%D9%82%D8%AA-%DA%A9%DB%8C-%D8%AF%D8%B9%D8%A7-%D8%B3%DB%92-%D9%85%D8%AA%D8%B9%D9%84%D9%82-%D8%A7%DB%8C%DA%A9-%D8%B1%D9%88%D8%A7%DB%8C%D8%AA-%DA%A9%DB%8C-%D8%AA%D8%AD%D9%82%DB%8C%D9%82
کیا فرماتے ہیں علماءِ کرام و مفتیانِ عظام درج ذیل مسائل کے بارے میں کہ: 1.	ایک دن مقرر کر دینے سے کیا مراد ہے؟ 2.	 کیا ایسی مائیں اپنے فرائض اور حق سے ، جو اللہ کے ہیں ، اس زندگی میں مستثنیٰ ہیں؟ 3.	 کیا ایسی مائیں جہنم میں قطعی نہیں جائیں گی؟ 4.	 اگر ایک بچہ شیرخواری ( کی عمر) میں فوت ہوجائے تو کیا یہ استحقاق ماں کو ملتا ہے؟ حدیث: ابوشعبہؓ سے بیان ہے’’ عورتوں نے اللہ کے رسولﷺ سے درخواست کی‘‘ براہِ مہربانی ہمارے لیے ایک دن مقرر فرما دیجیے۔ تب پیغمبر نے تبلیغ کی اور کہا، ایک عورت جس کے تین بچے وفات پا جائیں وہ اس کو جہنم کی آگ سےمحفوظ کر لیں گے‘‘۔ یہ سن کر ایک عورت نے پوچھا ’’ اگر دو فوت ہوں تو؟ پیغمبر نے جواب دیا دو بھی (وفات پاکر) اس کو (ماں کو ) جہنم کی آگ سے محفوظ کر لیں گے‘‘۔ اور ابوہریرہ نے اضافہ کیا ہے وہ بچے بلوغت کی عمر سے نیچے ہوں (یعنی ان کی موت بلوغت سے پہلے ہوئی ہو) ۔(صحیح البخاری، ۲/۳۴۱)-,حدیثِ مبارک  میں ایک دن مقرر کر دینے سے مراد یہ ہے کہ انصار کی چند عورتوں نے حضور ﷺ سے مطالبہ کیا  کہ مردوں کی طرح ہمارے وعظ و نصیحت کے لیے بھی ایک دن مقرر فرما دیں،  حدیث ِمسئول میں مذکور فضائل سے یہ لازم نہیں آتا  کہ ایسی ماؤں کے ذمہ سے دیگر فرائض و واجباتِ شرعیہ ساقط ہو جائیں گے، بلکہ ان فضائل سے والدہ کی دلجوئی کے تحت اسے صبر کی تلقین کی گئی ہے اور آخرت میں بھی نجات کی بشارت بیان کی گئی ہے، اور بچوں  کی فوتگی پر صبر کے عمل کا درجہ بتایا گیا کہ اگر جنت میں دخول سے مانع کوئی عمل نہ پایا جاۓ اور ایک عورت کے پاس صرف یہی عمل ہو تو اکیلا یہی ایک عمل اس کے جنت میں داخلے کیلۓ کافی ہے ،پھر اس فضیلت کا تعلق حقوق اللہ سے ہے، اس طور پر کہ ایک عورت کے ذمہ کئی ایک حقوق اللہ واجب ہیں اور اس کے نابالغ بچے ایک یا دو فوت ہوگئے ہیں تو ان حقوق اللہ سے درگزر فرما کر جنت میں داخل فرما دیا جائےگا ،  اور یہ فضیلت جس طرح دو یا تین نابالغ بچوں کے فوت ہونے سے حاصل ہوتی ہے اسی طرح ایک بچے کے فوت ہونے پر بھی اللہ ربّ العزّت مرحمت فرما دیتے ہیں، مگر اس سے کفر اور شرک جیسے گناہ یاحقوق العباد کے تلف کرنے جیسے گناہ مستثنیٰ ہیں کہ ان پرمؤاخذہ ہوگا۔ تاہم مشرک تو ہمیشہ کے لیےدوزخ کا ایندھن رہیں گے، البتہ مسلمان گناہگار اپنے گناہوں کی سزا بھگت کر جنت میں داخل کر دیئے جائیں گے۔,قرآن و حدیث,تحقیق و تخریج حدیث,58963,2001-10-14,https://www.onlinefatawa.com/view_fatwa_unicode/58963/%D8%A8%DA%86%D9%88%DA%BA-%DA%A9%DB%8C-%D8%A8%DA%86%D9%BE%D9%86-%D9%85%DB%8C%DA%BA-%D9%81%D9%88%D8%AA%DA%AF%DB%8C-%DA%A9%DB%92-%D8%A8%D8%A7%D8%B1%DB%92-%D8%AD%D8%AF%DB%8C%D8%AB-%D8%A7%D8%A8%DB%8C-%D8%B4%D8%B9%D8%A8%DB%81-%D8%B3%DB%92-%D9%85%D8%AA%D8%B9%D9%84%D9%82-%D9%85%D8%AA%D8%B9%D8%AF%D8%AF-%D8%B3%D9%88%D8%A7%D9%84%D8%A7%D8%AA
کیا تمام علماء کا اس بات پر اتفاق ہے کہ بخاری شریف اور مسلم شریف کی احادیث درست ہیں یا بعض درست ہیں اور بعض نہیں؟,فی الجملہ ان کتب کی صحت پر ائمہ محدثین کا اتفاق ہے، اگرچہ کتبِ رجال میں ان کی بھی بعض روایات پر سنداً ومتناً  کلام ہے۔,قرآن و حدیث,تحقیق و تخریج حدیث,58965,2005-07-08,https://www.onlinefatawa.com/view_fatwa_unicode/58965/-%D8%A7%D8%AD%D8%A7%D8%AF%DB%8C%D8%AB%D9%90-%D8%B5%D8%AD%DB%8C%D8%AD--%D8%A8%D8%AE%D8%A7%D8%B1%DB%8C-%D9%88-%D8%B5%D8%AD%DB%8C%D8%AD--%D9%85%D8%B3%D9%84%D9%85-%DA%A9%DB%8C-%D8%B5%D8%AD%D8%AA-%D9%BE%D8%B1-%D8%AA%D9%85%D8%A7%D9%85-%D8%B9%D9%84%D9%85%D8%A7%D8%A1-%DA%A9%DB%92--%D8%A7%D8%AA%D9%81%D8%A7%D9%82-%D8%B3%DB%92-%D9%85%D8%AA%D8%B9%D9%84%D9%82
کیا فرماتے ہیں علماءِ کرام و مفتیانِ عظام اس مسئلہ کے بارے میں کہ علامہ کمال الدین دمیریؒ نے اپنی کتاب ’’حیٰوۃ الحیوان‘‘ میں یہ حدیث ذکر کی ہے ’’حضرت عبداللہ بن مہرؓ کہتے ہیں کہ رسول اللہﷺ نے ارشاد فرمایا کہ جو شخص یہ خواہش رکھتا ہو کہ اللہ تعالیٰ قیامت تک اس کے ایمان کی حفاظت فرماتے رہیں تو وہ اپنا معمول یہ بنالے کہ کسی سے گفتگو سے پہلے روزانہ مغرب کی سنتوں کے بعد دو رکعت اس طرح پڑھے کہ ہر رکعت میں ایک مرتبہ سورۃ فاتحہ اور سورۃ الفلق اور سورۃ الناس پڑھے اور پھر دو رکعت پڑھنے کے بعد سلام پھیردے تو اللہ تعالیٰ قیامت کے دن تک اس کے اعمال کی حفاظت فرماتے رہیں گے، راوی کہتے ہیں کہ یہ بہت بڑا فائدہ ہے۔ (حیوٰۃ الحیوان، ۱/۱۰۹) تو یہ حدیث سند کے اعتبار سے کیسی ہے؟ قابل عمل ہے یا نہیں؟ بیّنوا توجروا,باوجود تتبع اور تلاشِ بسیار کے اس حدیث کی تائید کسی معتبر کتبِ احادیث سے نہیں ہو سکی، لہٰذا دیگر اہلِ علم حضرات سےبھی رابطہ کر کے تشفِّی حاصل کر لینی چاہیے۔,قرآن و حدیث,تحقیق و تخریج حدیث,58966,2002-02-05,https://www.onlinefatawa.com/view_fatwa_unicode/58966/%D8%A7%DB%8C%D9%85%D8%A7%D9%86-%DA%A9%DB%8C-%D8%AD%D9%81%D8%A7%D8%B8%D8%AA-%D8%B3%DB%92-%D9%85%D8%AA%D8%B9%D9%84%D9%82-%D8%A7%DB%8C%DA%A9-%D8%AD%D8%AF%DB%8C%D8%AB-%DA%A9%DB%8C-%D8%AA%D8%AD%D9%82%DB%8C%D9%82
کیا فرماتے ہیں علماءِ کرام و مفتیانِ عظام اس شخص کے بارے میں کہ جو جمعہ کی تقریر میں ممبر پر بیٹھ کر یہ کہے کہ ’’امتِ مصطفیٰﷺ کے علماء کے درجات بنی اسرائیل کے نبیوں کی طرح ہیں‘‘۔ پھر جب اس سے استفسار کیا  کہ کس دلیل کے تحت آپ نے یہ بات کہی تو  جواباً وہ اس کی دلیل یہ دے کہ قرآنِ مجید میں نبی کریم کے علماء کی شان میں ہے کہ ’’﴿ أُوتُوا الْعِلْمَ دَرَجَاتٍ وَاللَّہ بِمَا تَعْمَلُونَ خَبِیر﴾ (المجادلۃ: 11)‘‘ دوسری دلیل یہ کہ روایت میں ہے کہ حضرت موسیٰ علیہ السلام نے امتِ مصطفیٰﷺ کے درجات دیکھنے کے بعد یہ تمنا کی تھی کہ اللہ عزوجل انہیں بھی امتِ مصطفیٰﷺ میں شامل فرما لے۔( تفسیر ابن کثیر) ان باتوں کے بعد کیا ایسے شخص کا ایمان باقی رہا؟ اور کیا وہ قوم کی امامت وخطابت کا اہل ہے؟,اگر آپ کے موصوف امام نے اس قسم کا بیان  کیا ہے تو اس کے باوجود وہ مؤمن بھی ہے اور اس کے پیچھے نماز بھی جائز ہے، تاہم امام موصوف کو چاہیے کہ واضح اور پختہ دلیل و ثبوت کے بغیر عوام الناس میں اس قسم کی باتیں بیان کرنے سے احتراز کرے، جبکہ مقتدیوں کو بلاوجہ اپنے امام سے بدگمان ہونے کی ضرورت نہیں۔ اس کے بعد واضح ہو کہ جس حدیث ’’عُلَمَاءُ أُمَّتِی  کأَنْبِیاءِ بَنِی  إِسْرَائیلَ‘‘ کی طرف امام موصوف نے اشارہ کیا ہے، وہ  ذیل میں علامہ سیوطیؒ کے حوالے سے نقل کی گئی ہے، مگر اس میں شک نہیں کہ اُمتِ محمدیہ علی صاحبہا الصلوٰۃ والسلام کے فضائل و درجات بہت زیادہ ہیں، اور یہ دیگر صحف اور کتبِ سماویہ میں بھی پائے جاتے ہیں، لیکن اس سب کے باوجود کسی بھی امتی کا درجہ کسی بھی نبی اور رسول سے بڑا نہیں سکتا۔ جیسا کہ شرح العقائد النسفیہ کی عبارت سے بھی بخوبی معلوم ہو رہا ہے۔ اور جہاں تک حضرت موسیٰ علیہ السلام کی دعا کا ذکر ہے تو وہ اس امت کے مرتبہ و مقام اور علوِّ شان و درجات کو بیان کرنا مقصود ہے، کہ خاتم النبیین حضرت محمدﷺ کی ختمِ نبوت کے طفیل جو عظیم ذمہ داری سونپی گئی ہے اس کی وجہ سے یہ انبیاء والی ذمہ داری میں شامل ہو گئی ہے۔ گو  کہ ان میں سے ہر فرد کی طرف  وحی نہیں آتی، وحی صرف انبیاء کی طرف آتی ہے، اور قربت بذریعہ وحی ایسا مقام ہے جسے پوری امت مجتمع ہو کر بھی حاصل نہیں کر سکتی، مگر مسئول تو بہر حال ہو گئی ہے۔ جس کا ثبوت کئی ایک روایات سے بھی ملتا ہے، اس لیے مقتدیوں کو بِلاوجہ پریشان ہونے کی بھی ضررورت نہیں۔,قرآن و حدیث,تحقیق و تخریج حدیث,58967,2010-08-05,https://www.onlinefatawa.com/view_fatwa_unicode/58967/
کیا فرماتے ہیں علماءِ کرام و مفتیانِ عظام اس مسئلہ کے بارے میں کہ میرا  ایک دوست کہہ رہا تھا کہ ’’یزید‘‘ جنتی ہے، کیونکہ صحیح بخاری کی ایک حدیث ہے، جس میں پیشین گوئی کی گئی ہے کہ ایک لشکر ہوگا جو سمندر کی جنگ لڑےگا، اس لشکر میں جو بھی شریک ہونگے وہ سب جنتی ہیں، اور یزید اس لشکر کے سپہ سالار تھے اس لیے وہ جنتی ہے،لیکن میرا ذہن اس بات کو  نہیں مانتا، کیونکہ یزید کے عہدِ خلافت میں بہت ظلم ہوا ، اور حضرت حسین رضی اللہ عنہ کی شہادت بھی ہوئی، اب آپ حضرات سے یہ معلوم کرنا ہے کہ کیا احادیث میں کسی ایسی جنگ کی پیشین گوئی آئی ہے جس میں شریک ہونے والوں کے لیے جنت کی بشارت ہو؟ اور کیا یزید نے ایسی جنگ کی سپہ سالاری کی ہے جس کی وجہ سے اس کو نجات یافتہ کہا جائے؟  شریعت کی روشنی میں رہنمائی فرمائیں۔,واضح ہو کہ یزید کے بارے میں اہلِ سنت و الجماعۃ کا اصل مسلک توقف کا ہے ،نہ تو اسے جنتی قرار دیا جائے اور نہ ہی اس کے نام کے ساتھ لعنت و ملامت کی جائے، بلکہ اس کا معاملہ اللہ پر چھوڑا جائے، یہی سلامتی کا راستہ ہے۔ سوال میں مذکور بخاری کے حوالے سے جس پیش گوئی کا ذکر کیا گیا ہے اس میں اس کا جنتی ہونا مصرح نہیں، بلکہ مغفور ہونا مذکور ہے۔ حدیث میں بشارت کے جو الفاظ ہیں وہ یہ ہیں: ’’أول جیش من أمتی یغزون مدینۃ قیصر مغفور لہم‘‘(4/ 42)- ’’ میری اُمت کا پہلا لشکر جو قیصر (ملک روم) کے خلاف جہاد کرےگا اس کی مغفرت کی جائے گی‘‘ (اور اس غزوے کی قیادت یزید بن معاویہ نے کی تھی)، جبکہ حدیث کا مطلب یہ ہے کہ اس غزوے میں شریک ہونے والوں کے وہ گناہ جو اس سے پہلے سرزد ہوئے اس غزوے کی وجہ سے معاف کیے جائیں گے نہ کہ بعد میں سرزد ہونے والے گناہ، اور وجہ اس کی یہ ہے کہ جہاد کفّارات کی قبیل سے ہے اور کفارات کی یہ شان ہوتی ہے کہ اس سے پہلے سرزد ہونے والے گناہوں کو مٹاتے ہیں نہ کہ بعد کے  گناہوں کو، لہٰذا اس غزوے کے بعد جو گناہ اور مظالم سرزد ہوئے، وہ اللہ کے سپرد ہے، اگر چاہے تو معاف کرے اور اگر چاہے تو سزا دے، ہمیں اس معاملہ میں پڑ کر اپنا وقت ضائع کرنے کے بجائے ایسے احکاماتِ شرعیہ سیکھنے کی فکر کرنی چاہیے جو قبر اور آخرت میں کار آمد ہوں۔,قرآن و حدیث,تحقیق و تخریج حدیث,58973,2009-05-27,https://www.onlinefatawa.com/view_fatwa_unicode/58973/-%D8%A8%D8%AD%D8%B1%DB%8C-%D9%84%D8%B4%DA%A9%D8%B1-%DA%A9%DB%8C-%D9%82%DB%8C%D8%A7%D8%AF%D8%AA-%DA%A9%DB%8C-%D8%A8%D9%86%D8%A7%D8%A1-%D9%BE%D8%B1-%DB%8C%D8%B2%DB%8C%D8%AF-%DA%A9%D9%88-%D8%AC%D9%86%D8%AA%DB%8C-%D9%82%D8%B1%D8%A7%D8%B1-%D8%AF%DB%8C%D9%86%D8%A7
اختلافی مسائل قرآن و عقائد سے متعلق :محققین علماء ِکرام کی رائے قرآن وحدیث اور فقہ کی روشنی میں یہ ہے کہ ایک لاکھ چوبیس ہزار پیغمبروں (کم وبیش) میں سے کوئی بھی بت پرست نہیں تھا، جبکہ فاروق اعظمؓ ۲۶ سال کی عمر میں اسلام لائے ، دوسری طرف ایک حدیث کا مفہوم ہے کہ’’اگر میرے بعد نبی ہوتا تو  وہ عمر ہوتا‘‘ اب حدیثِ مبارک  کی صحت پر اعتراض یہ ہے کہ اللہ رب العزت یہ کیسے چاہیں گے کہ ایک سابقہ بت پرست نبی ہو جائے؟,نبی کریمﷺ کا فرمانِ مذکور حضرت عمرؓ کے اعلانِ نبوت کی غرض سے نہیں تھا، بلکہ آپؓ کی سلامتِ طبع اور اصابتِ رائے کو دیکھ کر آپؓ کی فضیلت بتانے کی غرض سے تھا، کہ آپؓ انبیاء کرام ؑ جیسی صفات کے حامل شخص ہیں، اس لیے مذکور اعتراض بالکل بےجا ، اور روایت و   درایت سے ناواقفی پر مبنی ہے، لہٰذا اس قسم کی باتوں سے احتراز لازم ہے۔,قرآن و حدیث,تحقیق و تخریج حدیث,59040,2004-11-23,https://www.onlinefatawa.com/view_fatwa_unicode/59040/-%E2%80%99%E2%80%99%D8%A7%DA%AF%D8%B1-%D9%85%DB%8C%D8%B1%DB%92-%D8%A8%D8%B9%D8%AF-%D9%86%D8%A8%DB%8C-%DB%81%D9%88%D8%AA%D8%A7-%D8%AA%D9%88-%D9%88%DB%81-%D8%B9%D9%85%D8%B1-%DB%81%D9%88%D8%AA%D8%A7%E2%80%98%E2%80%98-%DA%A9%D8%A7-%D9%85%D8%B7%D9%84%D8%A8
محترم ومکرم جناب مفتی صاحب! السلام علیکم ورحمۃ اللہ ! گذارش ہے کہ میں سنّی مسلمان ہوں اور آج تک  یہ سنتے آئے ہیں کہ احادیث کی کتابوں میں صحاحِ ستہ مسلم ہیں اور ان میں بخاری و مسِلم کا سب سے اُونچا مقام ہے، بلکہ بعض علماء سے  یہ بھی سنا ہے کہ اللہ تعالیٰ کی کتاب یعنی قرآن مجید کے بعد سب سے زیادہ صحیح ،بخاری شریف ہے، مگر میرے ایک دوست مجھے کہہ رہے رہے کہ بخاری صحیح نہیں ہے جس کی وجہ سے میں پریشان ہوگیا ہوں، براہِ کرم میری رہنمائی فرمائیں۔ اللہ تعالیٰ آپ لوگوں جزاء خیر عطا فرمائے۔,صحتِ روایت میں صحیح بخاری کا بہت بڑا مقام ہے، مگر اس کا یہ مطلب نہیں کہ اس کی ہر حدیث قابلِ عمل ہے، اس لیے کہ اس میں بہت سی روایات ابتداءِ اسلام کے دور کی ہیں وغیرہ وغیرہ، تاہم کسی شخص کا اس کی صحت سے مطلقاً انکار درست نہیں، ہاں! اگر اس سے مذکور قول کی وجہ  معلوم کرلی جائے تو اس میں شرعاً کوئی حرج نہیں۔,قرآن و حدیث,تحقیق و تخریج حدیث,59045,2010-02-13,https://www.onlinefatawa.com/view_fatwa_unicode/59045/%D8%A8%D8%AE%D8%A7%D8%B1%DB%8C-%D8%B4%D8%B1%DB%8C%D9%81-%DA%A9%DB%8C-%D8%B5%D8%AD%D8%AA-%D8%B3%DB%92-%D9%85%D8%AA%D8%B9%D9%84%D9%82-%D8%B3%D9%88%D8%A7%D9%84
کیا فرماتے ہیں علمائے کرام اس مسئلہ کے بارے میں کہ: نمازِ جنازہ میں جو درود پڑھا جاتا ہے، اس میں رحمت و ترحمت اور بچے، بچی کیلئے جو الفاظ منقول ہیں،  آیا بعینہٖ یہ الفاظ احادیث سے ثابت ہیں یا نہیں؟ کیونکہ بعض حضرات اس پر نکیر کرتے ہیں کہ، یہ الفاظ حدیث سے ثابت نہیں، تم بدعت و گناہ میں مبتلا ہو ، اور دوسروں کو بھی اس کی تلقین کرتے ہو، لہٰذا مہربانی فرماکر ان ہی الفاظ کو احادیث کی جس کتاب میں موجود ہوں، حوالہ لکھ کر عنایت فرمائیں!,محترم باوجود کوشش و جستجو اور اپنے پاس موجود کتب احادیث میں تلاش کے کسی ایک جگہ پر ایسا درود شریف جس میں ’’کَمَا صَلَّیْتَ وَسَلَّمْتَ وَبَارَکْتَ وَتَرَحَّمْتَ الخ‘‘ جیسے کلمات طیبات ایک ہی جگہ منقول ہوں ،نظر سے نہیں گزرا، مگر یہ کلمات میت کے حق میں اچھے معنی کو متضمن ہونے کے ساتھ مختلف روایات میں بھی علیحدہ علیحدہ کلمات مذکور ہیں ،اور نمازِ جنازہ میں دوسری تکبیر کے بعد مطلقاً درود پڑھنے کا ذکر ہے ،کسی خاص درود یا کلمات کا کوئی ذکر نہیں، اس بناء پر بعض اسسلاف نے مذکور کلمات سے مرکب درود کے پڑھنے کا  ذکر کیا ہے، اگرچہ درودِ ابراہیمی ’’نماز والا درود شریف‘‘ پڑھنا افضل ہے، بعض روایات سے اس کے پڑھنے کی تائید بھی ہوتی ہے، یہی وجہ ہے کہ عند الاحناف بھی اصحّ اور مفتی بہ قول یہی ہے۔ جبکہ بچے اور بچی کے میت پر پڑھی جانے والی دُعا کچھ کلمات کی کمی کے ساتھ مختلف کتب احادیث ’’بخاری: ج۱، ص۱۷۸، اعلاء السنن: ج۸، ص۲۲۳‘‘ میں موجود ہے اور صاحبِ بدائع نے اس کا ماثور ہونا بیان کیا ہے۔ لہٰذا جو حضرات مذکور دعاؤں کے بے اصل اور بدعت ہونے کے قائل ہیں انہیں چاہئے کہ بلا تحقیق اس قسم کی باتوں سے احتراز کریں۔,قرآن و حدیث,تحقیق و تخریج حدیث,59165,2000-05-07,https://www.onlinefatawa.com/view_fatwa_unicode/59165/%D9%86%D9%85%D8%A7%D8%B2-%D8%AC%D9%86%D8%A7%D8%B2%DB%81-%D9%85%DB%8C%DA%BA-%D9%BE%DA%91%DA%BE%DB%92-%D8%AC%D8%A7%D9%86%DB%92-%D9%88%D8%A7%D9%84%DB%92-%D9%85%D8%B1%D9%88%D8%AC--%D8%AF%D8%B1%D9%88%D8%AF-%DA%A9%DB%92-%D8%A7%D9%84%D9%81%D8%A7%D8%B8-%D8%AD%D8%AF%DB%8C%D8%AB-%D8%B3%DB%92-%D8%AB%D8%A7%D8%A8%D8%AA-%DB%81%DB%92-%D8%9F
کیا فرماتے ہیں علمائے کرام درج ذیل مسائل کے بارے میں کہ: (۱) دعائے قنوت کیلئے رفع یدین کرنا  کہاں سے ثابت ہے؟ کیا دعائے قنوت کے وقت رفع یدین سے دلیل پکڑنا  کہ، رکوع سے قبل و  بعد بھی رفع یدین کیا جاسکتا ہے، صحیح ہے؟ (۲) نماز میں سرڈھانپنا شرائط صلوٰۃ میں سے ہے یا ارکان میں سے ہے؟ ایک آدمی باوجود اس کے کہ، سر ڈھانپنے پر قادر ہے، نہیں ڈھانپتا ،تو اس کا کیا حکم ہے؟ جبکہ یہی اس کی ہمیشہ عادت رہی. (۳) جمعہ کی دوسری آذان دینا کیسا ہے؟ کہاں سے ثابت ہے؟ قرآن و حدیث کی روشنی میں ثابت کریں، بندہ آپ کا ممنون و مشکور ہوگا۔,وتر کی تیسری رکعت میں رکوع سے پہلے دعائے قنوت کیلئے رفع الیدین احادیثِ صحیحہ سے ثابت ہے، اور اس سے رکوع سے قبل اور بعد رفع الیدین کرنے پر استدلال کرنا درست نہیں۔ (۲) نماز میں سر ڈھانپنا آدابِ الصلوٰۃ میں سے ہے، لہٰذا بلا عذر محض سستی کی بناء پر نماز میں سر نہ ڈھانپنا اور اس کو عادت بنالینا، مکروہ ہے۔ (۳) نمازِ جمعہ کیلئے مذکورہ اذان تو نبی کریم ﷺ کے دور سے ثابت اور ضروری ہے، البتہ پہلی اذان کا تعلق صرف حضرت عثمان ذوالنورینؓ کے دورِ خلافت میں اجماعِ صحابہ سے ہے کہ، آپ نے دور دراز رہنے والے مسلمانوں کی شرکتِ جمعہ کی خاطر اس اذان کو شروع کروایا تھا، اور صحابہ میں سے کسی نے بھی اس پر نکیر نہ کی۔,قرآن و حدیث,تحقیق و تخریج حدیث,59247,2000-02-20,https://www.onlinefatawa.com/view_fatwa_unicode/59247/%D9%86%D9%85%D8%A7%D8%B2-%D9%85%DB%8C%DA%BA-%D8%B3%D8%B1-%DA%88%DA%BE%D8%A7%D9%86%D9%BE%D9%86%DB%92-%DA%A9%D8%A7-%D8%AD%DA%A9%D9%85-%D8%A7%D9%88%D8%B1-%D8%AF%D8%B9%D8%A7%D8%A6%DB%92-%D9%82%D9%86%D9%88%D8%AA-%DA%A9%DB%8C%D9%84%D8%A6%DB%92-%D8%B1%D9%81%D8%B9-%DB%8C%D8%AF%DB%8C%D9%86-%D8%A7%D9%88%D8%B1--%D8%AC%D9%85%D8%B9%DB%81-%DA%A9%DB%8C-%D8%AF%D9%88%D8%B3%D8%B1%DB%8C-%D8%A7%D9%93%D8%B0%D8%A7%D9%86-%DA%A9%D8%A7-%D8%AB%D8%A8%D9%88%D8%AA
مفتی صاحب!  بیت الخلاء میں جاتے ہوئے ٹوپی پہننے یا سر ڈھانکنے کا ثبوت کسی حدیث سے ثابت ہے؟,۱۔ جی ہاں! درج ذیل متعدّد احادیث و روایات سے سر ڈھانک کر بیت الخلاء جانے کا ثبوت ملتا ہے:,قرآن و حدیث,تحقیق و تخریج حدیث,59264,2009-11-10,https://www.onlinefatawa.com/view_fatwa_unicode/59264/%DA%A9%DB%8C%D8%A7-%D8%A8%DB%8C%D8%AA-%D8%A7%D9%84%D8%AE%D9%84%D8%A7%D8%A1-%D8%AC%D8%A7%D8%AA%DB%92-%DB%81%D9%88%D8%A6%DB%92-%D8%B3%D8%B1%DA%88%DA%BE%D8%A7%D9%86%DA%A9%D9%86%D8%A7-%D8%AB%D8%A7%D8%A8%D8%AA-%DB%81%DB%92-%D8%9F
کیا فرماتے ہیں علماءِ کرام ومفتیانِ عظام اس مسئلہ کے بارے میں کہ کیا حدیث سے ثابت ہے کہ مسلمان کا جھوٹا پاک ہے اور جہاں تک سننے میں آیا ہے کہ مسلمان کے جھوٹے میں شِفاء ہے، جبکہ دورِ جدید کی تحقیق نے ثابت کیا ہے کہ گلے کی بیماریاں جھوٹا پینے سے ہوتی ہیں اور ایک تحقیق یہ بھی ہے کہ ہیپا ٹائٹس بی (یرقان کی بگڑی ہوئی ایک صورت) بھی ہو سکتی ہے، اب مسئلہ یہ ہے کہ حدیث اور  مذکورتحقیق کی کیا تطبیق ہے؟,بلاشبہ مسلمان کا جھوٹا پاک اور باعثِ شِفاء ہے اور دورِ جدید کی تحقیق کا مطلب اگر یہ ہو کہ کسی شخص کے گلے میں اگر بیماری ہو تو اس کے جراثیم دوسرے کی طرف منتقل ہونے کا امکان ہے تو یہ حدیث کے خلاف نہیں، اس لۓ کہ حدیث سے صحت مند اور عوارض سے پاک مسلمان متبادر ہے اور اگر تحقیقِ جدید مسلمان کے جھوٹے کو مطلقاً باعثِ بیماری قرار دے رہی ہو تو ایسی تحقیق کا حدیث کے مقابلہ میں کوئی اعتبار نہیں۔,قرآن و حدیث,تحقیق و تخریج حدیث,59277,2003-09-06,https://www.onlinefatawa.com/view_fatwa_unicode/59277/%D9%85%D8%B3%D9%84%D9%85%D8%A7%D9%86-%DA%A9%DB%92-%D8%AC%DA%BE%D9%88%D9%B9%DB%92-%D8%B3%DB%92-%D9%85%D8%AA%D8%B9%D9%84%D9%82-%D8%AD%D8%AF%DB%8C%D8%AB-%D8%A7%D9%88%D8%B1-%D8%AC%D8%AF%DB%8C%D8%AF-%D8%AA%D8%AD%D9%82%DB%8C%D9%82-%DA%A9%DB%92-%D8%AF%D8%B1%D9%85%DB%8C%D8%A7%D9%86-%D8%B8%D8%A7%DB%81%D8%B1%DB%8C-%D8%AA%D8%B9%D8%A7%D8%B1%D8%B6-%D8%A7%D9%88%D8%B1-%D8%A7%D8%B3-%DA%A9%DB%8C-%D8%AA%D8%B7%D8%A8%DB%8C%D9%82
کیا فرماتے ہیں علماءِ کرام اس روایت کے بارے میں کہ ’’لیس منا من دعا الی عصبیۃ‘‘ کیا یہ حدیث ہے ؟ اور اگر یہ واقعۃً حدیث ہے تو اس سے قومی ، لسانی، علاقائی ، کونسا تعصب مراد ہے؟ براہِ کرم قرآن و سنت کی روشنی میں وضاحت عنایت فرمائیں۔,یہ بلاشبہ حدیث ہے اور ان الفاظ کے ساتھ ابوداؤد (جلد2ص351) پر موجود ہے: ’’قال رسول اللہ  -صلی اللہ علیہ و سلم - لیس منا من دعا الی عصبیۃ  الحدیث‘‘  اور اس کے تحت مذکور تینوں قسم کی باطل عصبیتیں آجاتی ہیں۔,قرآن و حدیث,تحقیق و تخریج حدیث,60102,2006-02-07,https://www.onlinefatawa.com/view_fatwa_unicode/60102/%D8%AD%D8%AF%DB%8C%D8%AB-%D8%B4%D8%B1%DB%8C%D9%81-%D9%85%DB%8C%DA%BA-%D9%88%D8%A7%D8%B1%D8%AF-%D8%B9%D8%B5%D8%A8%DB%8C%D8%AA-%D8%B3%DB%92-%D9%85%D8%B1%D8%A7%D8%AF
حضرت علی رضی اللہ عنہ سے روایت ہے کہ نبی علیہ السلام ایک مرتبہ ایک قبر کے پاس سے گزرے تو لبیک کہہ کر دوڑے اور قبر کے قریب پہنچ کر سجدہ کیا اور رونے لگے، کچھ دیر بعد آپ نے سجدے سے سر اٹھایا اور خوش ہو کر قبر سے لپٹ گئے، پھر مسجد شریف کی طرف واپس آئے، میں نے سبب پوچھا تو آپ نے فرمایا اس پر عذاب ہورہا تھا، اس نے مجھ سے فریاد کی کہ میرے ہر طرف آگ ہے ، میں نے اللہ سے اس پر ہو نے کا سبب پوچھا ،ارشاد ہوا یہ دنیا میں فحش بکتا تھا  ، پھر میں نے اس کے لۓ اللہ سے دعا کی ، اللہ نے اسے بخش دیا ،صحابہ  نے کہا اللہ سے دعا کیجیۓ کہ وہ آپ کی امت پر عذابِ قبر آسان کر دے  ، فوراً حضرت جبرائیل علیہ السلام نے حاضر ہو کر کہا کہ آپ  کی امت میں جو کوئی شب میں دو رکعت نماز اس طرح ادا کرے کہ ہر رکعت میں فاتحہ کے بعد ایک مرتبہ آیت الکرسی اور تین مرتبہ ’’اذا زلزلت الارض‘‘پڑھے گا، اللہ اس کو عذابِ قبر سے محفوظ رکھے گا ،پوچھنا یہ ہے کہ یہ روایت صحیح ہے یا نہیں؟ اگر صحیح ہے تو کس کتاب میں موجود ہے؟ اس کا حوالہ درکار ہے۔,بہ ظاہر یہ حدیث من گھڑت معلوم ہوتی ہے، تاہم دیگر اہلِ فتویٰ سے بھی رجوع کر لیا جائے تو بہتر ہے ۔,قرآن و حدیث,تحقیق و تخریج حدیث,60115,2006-04-21,https://www.onlinefatawa.com/view_fatwa_unicode/60115/%D8%AD%D8%B6%D9%88%D8%B1-%EF%B7%BA-%DA%A9%DB%8C-%D8%AF%D8%B9%D8%A7-%D8%B3%DB%92%D9%85%D8%AF%D9%81%D9%88%D9%86--%D9%85%DB%8C%D8%AA-%DA%A9%DB%8C-%D8%A8%D8%AE%D8%B4%D8%B4-%DA%A9%D8%A7-%D9%88%D8%A7%D9%82%D8%B9%DB%81
کیا فرماتے ہیں علماءِ کرام اس مسئلہ میں کہ تبلیغی جماعت والے ایک فضیلت بیان کرتے ہیں کہ اللہ تعالیٰ کے راستے میں ایک نماز پڑھنے پر انچاس کروڑ نمازوں کا ثواب ملتا ہے، ایسے ہی جو شخص اللہ کے راستے میں اپنی جان پر ایک روپیہ خرچ کرتا ہے، اسے سات لاکھ روپے خرچ کرنے کا ثواب ملتا ہے، آیا ان کا ثبوت قرآن و حدیث سے ملتا ہے ؟,درجِ  ذیل دونوں احادیثِ مبارکہ کی روشنی میں مذکور ثواب کا ثبوت اگرچہ اوّلاً جہاد اور غزوہ میں نکلنے سے متعلق ہے ،مگر حدیث میں مذکور لفظ فی ’’سبیل اللہ‘‘ عام ہونے کی وجہ سے دوسرے امورِ دینیہ کو بھی متضمن ہے، اس لۓ  تبلیغی جماعت میں نکلنے سے متعلق بھی اس سے استدلال کیا جا سکتا ہے اور بلاشبہ جائز ہے۔,قرآن و حدیث,تحقیق و تخریج حدیث,60152,2004-07-14,https://www.onlinefatawa.com/view_fatwa_unicode/60152/%E2%80%99%E2%80%99%D8%A7%D9%84%D9%84%DB%81-%DA%A9%DB%92-%D8%B1%D8%A7%D8%B3%D8%AA%DB%92-%D9%85%DB%8C%DA%BA-%D8%A7%DB%8C%DA%A9-%D9%86%D9%85%D8%A7%D8%B2-%D9%BE%DA%91%DA%BE%D9%86%DB%92-%D9%BE%D8%B1-%D8%A7%D9%86%DA%86%D8%A7%D8%B3-%DA%A9%D8%B1%D9%88%DA%91-%D9%86%D9%85%D8%A7%D8%B2%D9%88%DA%BA-%DA%A9%D8%A7-%D8%AB%D9%88%D8%A7%D8%A8-
"السلام علیکم ! مجھے آپ سے عرض یہ ہے کہ دس محرم الحرام کے دن اپنے گھر کا دسترخوان وسیع کرنے کے بارے میں آپ سے مسئلہ معلوم کرنا ہے، اس بارے میں کوئی حدیث ہے کہ آپ  صلی اللہ علیہ وسلم نے فرمایا کہ اپنے گھر کا دسترخوان دس محرم کو وسیع کرو ،ہمارے ایک ساتھی نے دس محرم الحرام کو اپنے گھر کا دستر خوان بھی وسیع کیا ، اور لوگوں کو اپنے گھر دعوت دے کر بلوایا ، اسی بارے میں بہشتی زیور میں مولانا اشرف علی تھانوی نے یہ عبارت لکھی ہے ""شرع میں صرف اتنی اصل ہے کہ رسول اللہ صلی اللہ علیہ و سلم نے یو ں فرمایا ہےکہ جو شخص اس دن اپنے گھر والوں پر خوب کھانے پینے کی فراغت رکھے سال بھر تک اس کی روزی میں برکت ہوتی ہے"" , آپ سے درخواست ہے کہ ہمارے ساتھی نے دس محرم کو دعوت دے کر لوگوں کو گھر پر کھانے کیلۓ  بلوایا،آیا یہ صحیح ہے یا غلط  ؟قرآن و حدیث کی روشنی میں ہماری رہنمائی فرمائیں۔",جی ہاں ! سوال میں جس حدیث مبارک کی طرف نشاندہی کی گئی ہے، یہ مشکوۃ المصابیح کے( 1/ 60۱)پر موجود ہے ،  اس میں مطلقاً اپنے اہل و عیال پر وسعت کا ذکر ہے ،  مگر اس دن کی دعوت کو ضروری سمجھنا ، یا اس میں تمام متعلقین کے بلانے کو ضروری سمجھنا درست نہیں، اس سے احتراز لازم ہے۔,قرآن و حدیث,تحقیق و تخریج حدیث,60154,2014-01-01,https://www.onlinefatawa.com/view_fatwa_unicode/60154/%D8%AF%D8%B3-%D9%85%D8%AD%D8%B1%D9%85-%D8%A7%D9%84%D8%AD%D8%B1%D8%A7%D9%85-%DA%A9%D9%88-%D8%AF%D8%B3%D8%AA%D8%B1%D8%AE%D9%88%D8%A7%D9%86-%D9%88%D8%B3%DB%8C%D8%B9-%DA%A9%D8%B1%D9%86%DB%92-%DA%A9%D8%A7-%D9%85%D8%B7%D9%84%D8%A8-%D8%A7%D9%88%D8%B1-%D8%AB%D8%A8%D9%88%D8%AA--
۱۔ کیا بخاری و مسلم کی تمام احادیثِ نبوی صلی اللہ علیہ و سلم بالاتفاق و باجماعِ امت سنداً صحیح اور درست ہیں؟ ۲۔ ہمیں کچھ لوگوں نے بتایا ہے کہ صحیح بخاری و مسلم کی احادیث پر یا ان کے راویوں پر بعض بڑے بزرگوں نے جرح وغیرہ کی ہے، آپ ہمیں بتائیں کہ اگر کسی نے صحیح بخاری یا مسلم کی احادیث کو ضعیف کہا ہو تو ان کا یہ قول شاذ ہوگا  ؟ اس طرح اگر کسی نے راویوں پر جرح کی ہے تو ان کتابوں کے راویوں کی کہیں توثیق وغیرہ بھی ہوگی ، لہٰذا ان راویوں پر جرح معتبر نہ ہوگی۔ میرے ناقص علم کے مطابق صحیح بخاری و مسلم میں کوئی حدیث بھی سنداً ضعیف نہیں ہے اور تمام کی تمام احادیث تمام مسلمانوں کے نزدیک صحیح اور درست ہیں۔ ۳۔ ایک صاحب نے ہمیں بتایا کہ مسلمانوں میں بشمول صحاحِ ستہ ۲۲ کتابیں مقبولیت کا درجہ رکھتی ہیں ،  براہِ مہربانی ان مقبول احادیث کی کتابوں کے نام لکھ دیجیے جتنی بھی ہوں، جو کہ مسلمانوں کے نزدیک مستند و مقبول سمجھی جاتی ہوں ، نیز  یہ بھی بتائیں کیا ان سب کے اردو ایڈیشن بھی بازار میں آچکے ہیں۔ ۴۔ صحیح بخاری و مسلم کے اس اردو ایڈیشن کا نام بتائیں(بمعہ مصنف جنہوں نے اردو میں ترجمہ کیا ہو) جو کہ بالاتفاق مسلمانوں میں جہاں جہاں اردو بولی جاتی ہو  ، مقبول ہو اور کوئی یہ نہ کہہ سکے یعنی مسلمان اردو بولنے والوں میں کوئی یہ نہ کہہ سکے، کہ یہ اردو زبان کا ایڈیشن بلحاظ ترجمہ معتبر نہیں ہے، یعنی کسی بھی طبقے کا بڑا عالم ایسی بات نہ کہہ سکے۔,(۲،۱) جمہور علماء و محدّثین کا اس پر اجماع ہے کہ قرآن کریم کے بعد کتاب کی صحت کے اعتبار سے بخاری و مسلم کا درجہ ہے اور ان دونوں کے تمام راوی ثقہ، عادل اور قابلِ اعتماد ہیں اور ان دونوں کی تمام کی تمام احادیث صحیح ہیں، لہٰذا ان کے بعض راویوں پر بعض علماء کی جرح خلافِ اجماع ہے، جس کا کوئی اعتبار نہیں۔ ۳۔علمِ حدیث کی بہت ساری کتابیں معتبر اور مقبول ہیں، البتہ ان کتابوں کے درجات مختلف ہیں، ان میں سے بعض کتابیں تو صرف احادیثِ صحیحہ پر مشتمل ہیں، جیسے صحیح بخاری ، صحیح مسلم، صحیح ابنِ خزیمہ، صحیح ابنِ حبان، صحیح ابنِ عوانہ، مستدرک حاکم،  وغیرہ ، جبکہ دسری بعض کتابیں ایسی ہیں، جس میں صحیح ، حسن اور بعض ضعیف احادیث بھی پائی جاتی ہیں، جیسے ابوداؤد، ترمذی، نسائی، ابن ماجہ، دارمی اور سنن بیہقی وغیرہ۔ ۴۔ صحیح بخاری کے بعض اردو تراجم اور شروحات علماءِ دیوبند کے ہاتھوں سے نکل کر شائع ہو چکی ہیں ،جبکہ صحیح مسلم کا ہمیں معلوم نہیں،  اس سلسلہ میں آپ خود کتب خانوں سے معلوم کرلیں یا دیگر اہلِ علم کے طبقہ میں سے کسی سے بھی معلوم کر سکتے ہیں۔,قرآن و حدیث,تحقیق و تخریج حدیث,60203,2002-10-15,https://www.onlinefatawa.com/view_fatwa_unicode/60203/%D8%B1%D9%88%D8%A7%DB%8C%D8%A7%D8%AA%D9%90-%D8%A8%D8%AE%D8%A7%D8%B1%DB%8C-%D9%88-%D9%85%D8%B3%D9%84%D9%85-%DA%A9%DB%8C-%D8%B3%D9%86%D8%AF%DB%8C-%D8%AD%DB%8C%D8%AB%DB%8C%D8%AA-%D8%A7%D9%88%D8%B1-%D9%85%D8%B3%D8%AA%D9%86%D8%AF-%DA%A9%D8%AA%D8%A8%D9%90-%D8%AD%D8%AF%DB%8C%D8%AB
السلام علیکم! کیا فرماتے علماءِ کرام اس مسئلہ کے بارے میں کہ ایک ٹی وی شو میں ایک نوجوان (سنّی) مولوی صاحب نے حضرت عائشہؓ کے حوالے سے یہ حدیث بیان کی کہ حضرت علیؓ کا چہرہ مبارک دیکھنا عبادت ہے ،  شو میں بیٹھے ہوئے ایک اور مولانا نے اس کی تفصیل بتائی کہ ایک روز بی بی عائشہؓ صدیقہ نے اپنے والد حضرت ابوبکر صدیقؓ سے سوال کیا کہ آپ حضرت علیؓ کے چہرہ کو ہر وقت اتنے غور سے کیوں دیکھتے رہتے ہیں؟ آپ نے جواباً فرمایا : کہ میں نے حضور نبی اکرم صلی اللہ علیہ و سلم کو یہ کہتے ہوئے سنا ہے کہ ’’علیؓ کا  چہرہ دیکھنا عبادت ہے‘‘ شو میں تشریف فرما دیگر علماءِ کرام نے خاموشی اپنائے رکھی ، جس سے ظاہر ہوتا تھا کہ وہ سب بھی اس پر متفق تھے۔ از راہ نوازش مذکورہ بالا حدیث کی حقیقت سے مطّلع فرمائیں ،  ہم نے علماءِ کرام سے ہمیشہ یہی سنا اور دینی کتابوں میں یہی پڑھا کہ ازروئے حدیث بیت اللہ اور اپنے والدین کے چہروں کو محبت سے دیکھنا عبادت ہے، اگر صحابہ کرام میں سے کسی کو یہ مرتبہ حاصل ہوتا تو حضرت ابوبکر  اس کے سب سے زیادہ مستحق تھے، جنہیں’’افضل البشر بعد الانبیاء بالتحقیق‘‘ کا مقامِ  عالی حاصل ہے، بہر حال اگر حضرت علیؓ کے تعلق سے حدیث مستند ہے تو اسے ماننا ہی ہوگا۔ سوال کا تعلق ایمان سے ہے نہ کہ مسلک سے، لہٰذا التماس ہے کہ جواب ضرور عنایت فرمائیں۔,حدیث کے نام سے یہ الفاظ اگر چہ بعض کتب میں ملتے ہیں ، مگر محققین ، علامہ سیوطی ، ملاقاری ، علامہ ابن الجوزی رحمہم اللہ نے اس کو من گھڑت قرار دیا ہے اور بخاری شریف کی شرح ’’عمدۃ القاری‘‘ میں علامہ عینی رحمۃ اللہ علیہ نے لکھا ہے کہ اس حدیث کا گھڑنے والا حسن بن علی بن زکریا العدوی الرازی ہے ، ٹی وی شو میں بعض نو آموز اہلِ علم کے اس قسم کی روایات ذکر کرنے اور دیگر کے اس پر سکوت سے اس کو مستند قرار نہیں دیا جاسکتا۔,قرآن و حدیث,تحقیق و تخریج حدیث,60266,2016-05-05,https://www.onlinefatawa.com/view_fatwa_unicode/60266/%E2%80%99%E2%80%99%D8%AD%D8%B6%D8%B1%D8%AA-%D8%B9%D9%84%DB%8C%D8%93-%DA%A9%D8%A7-%DA%86%DB%81%D8%B1%DB%81--%D8%AF%DB%8C%DA%A9%DA%BE%D9%86%D8%A7-%D8%B9%D8%A8%D8%A7%D8%AF%D8%AA-%DB%81%DB%92%E2%80%98%E2%80%98-%D8%A7%D8%B3--%D8%B1%D9%88%D8%A7%DB%8C%D8%AA-%DA%A9%DB%8C-%D8%AA%D8%AD%D9%82%DB%8C%D9%82
ایک حدیث جو جمعہ کو خطبہ میں تمام پاکستان میں بیان کی جاتی ہے کہ ’’السلطان  المسلم ظل اللہ و رمحہ و من أھانہ  أھانہ اللہ‘‘  تو اس  کی سند اور صحت درکار ہے۔,مذکور حدیث کتبِ حدیث میں سے ’’مشکوٰۃ ، ترمذی ، اور کنزالعمال‘‘ جیسی معتبر کتب میں مذکور ہے، اس کی سند میں کسی قسم کا کوئی کلام نہیں اور یہ مختلف طرق سے مروی ہے، تا ہم سلطان سے مسلمان حاکم اور اس کی اتباع سے وہ احکام مراد ہیں جو قرآن و سنت کے متضاد نہ ہوں ، ورنہ خلافِ شریعت امور میں اس کی اطاعت لازم نہیں۔,قرآن و حدیث,تحقیق و تخریج حدیث,60302,2003-02-04,https://www.onlinefatawa.com/view_fatwa_unicode/60302/%E2%80%99%E2%80%99%D8%A7%D9%84%D8%B3%D9%84%D8%B7%D8%A7%D9%86--%D8%A7%D9%84%D9%85%D8%B3%D9%84%D9%85-%D8%B8%D9%84-%D8%A7%D9%84%D9%84%DB%81-%D9%88--%D8%B1%D9%85%D8%AD%DB%81-%D9%88-%D9%85%D9%86-%D8%A3%DA%BE%D8%A7%D9%86%DB%81-%D8%A3%DA%BE%D8%A7%D9%86%DB%81-%D8%A7%D9%84%D9%84%DB%81%E2%80%98%E2%80%98%D8%AD%D8%AF%DB%8C%D8%AB-%DA%A9%DB%8C-%D8%AA%D8%AD%D9%82%DB%8C%D9%82
کیا فرماتے ہیں علماءِ کرام و مفتیان ِعظام اس حدیث مبارکہ کے بارے میں : (قولہ علیہ السلام و من تعلق تمیمۃ فقد اشرک) اس حدیث کے راوی کا نام ،  ترجمہ و  تشریح ذکر فرما دیں ، نیز یہ حدیث کونسی کتاب میں مذکور ہے ؟,یہ حدیث حضرت عقبہ بن عامر رضی اللہ عنہ سے مسند احمد (۵/ ۱۵۶) میں ان الفاظ سے مروی ہے : عن عقبۃ بن عامر الجہنی أن رسول اللہ  صلی اللہ علیہ وسلم  أقبل الیہ رہط فبایع تسعۃ  و أمسک عن واحد فقالوا یا رسول اللہ بایعت تسعۃ و ترکت ھذا  قال ان علیہ تمیمۃ فأدخل یدہ فقطعہا فبایعہ و قال من علق تمیمۃ  فقد أشرک اھ۔مسند أحمد بن حنبل اھ (رقم الحدیث ۱۶۹۶۹)۔ اس حدیث کا پسِ منظر یہ ہے کہ اہلِ جاہلیت  تمیمہ (تعویذ وغیرہ)  کو مؤثر باالذات سمجھ کر دفعِ مضرات و  مصائب کے لیے گلے میں ڈالا کرتے تھے ، چنانچہ ایسا ہی ایک شخص جب آپ علیہ الصلاۃ و السلام سے بیعت کے لیے حاضر ہوا تو آپ نے اس کے اس باطل اور غلط نظریہ کی تردید  کے طور پر مذکور الفاظ ارشاد فرمائے۔,قرآن و حدیث,تحقیق و تخریج حدیث,60340,2003-05-19,https://www.onlinefatawa.com/view_fatwa_unicode/60340/%DA%A9%DB%8C%D8%A7%D8%AA%D8%B9%D9%88%DB%8C%D8%B2%D9%84%D9%B9%DA%A9%D8%A7%D9%86%DB%92-%DA%A9%D9%88%D8%AD%D8%AF%DB%8C%D8%AB-%D9%85%DB%8C%DA%BA-%D8%B4%D8%B1%DA%A9-%DA%A9%DB%81%D8%A7%DA%AF%DB%8C%D8%A7%DB%81%DB%92%D8%9F
کیا فرماتے ہیں مفتیانِ کرام اس مسئلہ کے بارے میں کہ یہ جو  کہا جاتا ہے کہ ماں کے قدموں تلے جنت ہے ، یہ تمام ماؤں کے لیے ہے یا کچھ ماؤں کی تخصیص ہے ؟ مثلاً : کیا ان ماؤں کے قدموں کے تلے جنت ہوگی جو اپنی اولاد کی پرورش میں غفلت برتتی  ہیں؟,ماؤں کے قدموں تلے جنت کا مطلب یہ ہے کہ ان کی خدمت سے جنت ملتی ہے اور یہ تمام ماؤں کے لیے عام ہے ،  وہ کیسی بھی ہوں اور کسی ماں کا اولاد کی تربیت میں غفلت برتنا اس فضیلت پر اثرانداز بھی نہیں ہو سکتا ، البتہ ماں کو چاہیے کہ اولاد کی تربیت میں کوتاہی سے احتراز کرے۔,قرآن و حدیث,تحقیق و تخریج حدیث,60343,2005-08-17,https://www.onlinefatawa.com/view_fatwa_unicode/60343/
کیا فرماتے ہیں مفتیانِ کرام اس مسئلہ کے بارے میں کہ کیا بخاری شریف میں ہے کہ حضرت ابراہیم علیہ السلام نے جھوٹ بولا ہے ؟ اگر ہے تو  اس کا حوالہ اور اس کا مطلب سمجھا دیں ،  یہ بات ایک شیعہ نے کہی ہے۔,بخاری کی ایک حدیث میں اگر چہ ’’ کذب‘‘ کی نسبت حضرت ابراہیم علیہ السلام کی طرف کی گئی ہے مگر وہ باتفاقِ جمیع مسلمین اپنی حقیقت پر محمول نہیں ، بلکہ اس سے مراد ’’توریہ‘‘ ہے اور’’ توریہ ‘‘ذومعنی جملے استعمال کرنے کو کہا جاتا ہے ، کہ ایک بات کے دو مطلب ہوں ، سننے  والا اس سے کچھ مراد لے اور بولنے والے کی مراد کچھ ہو  ، حضرت ابراہیم علیہ السلام نے بھی ایسا ہی کیا ، کہ ظالم بادشاہ کے ظلم سے بچنے کے لیے حضرت سارہ سے متعلق فرمایا کہ ’’یہ میری بہن ہے‘‘، بادشاہ نے حقیقی بہن سمجھا اور آپ کا مطلب ،  اسے اسلامی برادری کے اعتبار سے بہن کہنا تھا،  اور ظاہر ہےکہ کوئی بھی عقلمند اسے جھوٹ قرار نہیں دے سکتا ،  اور حدیث میں اس پر’’ کذب‘‘ کا اطلاق  محض ظاہری الفاظ کے اعتبار سے ہے ۔,قرآن و حدیث,تحقیق و تخریج حدیث,60346,2006-06-14,https://www.onlinefatawa.com/view_fatwa_unicode/60346/%D8%A8%D8%AE%D8%A7%D8%B1%DB%8C-%D8%B4%D8%B1%DB%8C%D9%81-%D9%85%DB%8C%DA%BA-%D8%AD%D8%B6%D8%B1%D8%AA-%D8%A7%D8%A8%D8%B1%D8%A7%DB%81%DB%8C%D9%85-%D8%B9%D9%84%DB%8C%DB%81-%D8%A7%D9%84%D8%B3%D9%84%D8%A7%D9%85-%DA%A9%DB%92-%D8%AC%DA%BE%D9%88%D9%B9-%D8%A8%D9%88%D9%84%D9%86%DB%92-%DA%A9%D8%A7-%D8%B0%DA%A9%D8%B1
پیغمبر کے اس قول کی کیا حیثیت ہے؟ ’’ ایک شادی شدہ اور خاندان رکھنے والے شخص کی دو  رکعت نماز کا ثواب ۸۲ گنا زیادہ  ہے  یا ستر(۷۰) گنا زیادہ ہے ، اس شخص کے مقابلے میں جو اکیلا ہے ، غیر شادی شدہ ہے‘‘ کیا یہ حدیث مستند ہے ؟ اور اس کا حوالہ کیا ہے؟ کیا اس طرح کے اور بھی اقوال ہیں؟,علامہ ابن حجر رحمہ اللہ نے ، اپنی معروف کتاب ’’الموضوعات‘‘ میں  ، سوال میں مذکور احادیث کی سند پر کلام کر کے اسے واضح طور پر موضوع اور ضعیف قرار دیا ہے ،  لہٰذا اس پر اعتماد سے احتراز چاہیے ،  اگر چہ فضیلت اور ترغیب کے باب میں کمزور رویات بھی قابلِ قبول ہوتی ہیں۔,قرآن و حدیث,تحقیق و تخریج حدیث,60360,2022-03-24,https://www.onlinefatawa.com/view_fatwa_unicode/60360/%D8%B4%D8%A7%D8%AF%DB%8C-%D8%B4%D8%AF%DB%81-%D8%B4%D8%AE%D8%B5-%DA%A9%DB%8C-%D9%86%D9%85%D8%A7%D8%B2--%DA%A9%DB%8C-%D8%B3%D8%AA%D8%B1-%DA%AF%D9%86%D8%A7-%D9%88%D8%A7%D9%84%DB%8C-%D8%AD%D8%AF%DB%8C%D8%AB-
محترم جناب مفتی صاحب! السلام علیکم: غیرمسلم جو نیک کام کرتے ہیں اس پر انہیں اجر ملے گا یا نہیں؟ اگرچہ سورۃ آل عمران کے اندر فرمایا گیا ہے کہ اسلام کے سوا کوئی دین قابل قبول نہیں، میرے ایک دوست کو یہ تردد ہے، کہ بہت سے غیر مسلم ایسے ہیں جو انسانیت کی بڑی خدمت کرتے ہیں، تو ان کے بارے میں یہ کہنا کہ انہیں اجر و ثواب نہیں ملےگا بعید القیاس ہے؟ اور یہ بھی بتائیں کہ ایک غیر مسلم جو اسلام سے ناواقف ہے اور مسلمانوں میں سے کسی نے اس تک دین کی دعوت بھی نہیں پہنچائی، لیکن اس کے باوجود وہ نیک کاموں میں لگا ہوا ہو؟ الحمد للہ ہم تو مسلمان ہیں لیکن  العیاذ باللہ اگر ہم کسی غیرمسلم گھرانے میں پیدا ہوتے تو ہم بھی آج غیر مسلم ہوتے، اس میں کوئی شک نہیں کہ انہیں اسلام کی دعوت دینا ہماری ذمہ داری ہے، لیکن ایک غیر مسلم جو اسلام کی طرف نہیں بلایا گیا، اس کی نیکیوں کے بارے میں کیا کہا جائے گا؟,اسلام کی دعوت ہر خاص و عام تک اجمالی طور پر پہنج چکی ہے، انکی بے خبری کا ثبوت کسی کے پاس نہیں، جبکہ آج کا دور جو کہ جدید ٹیکنا لوجی کا دور کہلاتا ہے، اس میں کسی کا اسلام سے بے خبر ہونا خلاف عقل ہونے کی وجہ سے ممکن نہیں، جبکہ کسی نیکی کی صحت اور آخرت میں کار آمد ہونے کے لئے ایمان شرط ہے، اس لئے آخرت میں وہ مستحق اجر ہوگا، جو ایمان کا سرمایہ بھی رکھتا ہو، اس کے بعد واضح ہوکہ وہ کافر لوگ جو بظاہر نیک اعمال کرتے ہیں، ان کا یہ طرز عمل بلاشبہ مستحسن ہے، مگر قانون شریعت یہ  ہے کہ اللہ تعالٰی انکو دنیا میں ہی اس کا بدلہ کسی نہ کسی صورت جیسے صحت اور تندرستی وغیرہ میں عطا فرکرمعاملہ بے باق فرما دیتے ہیں، اس لئے وہ  آخرت میں کسی چیز کے حقدار نہیں ہوتے، لہذ اس سلسلہ میں پریشان ہونے کی ضرورت نہیں۔,عقائد,قیامت و آخرت,752,,https://www.onlinefatawa.com/view_fatwa_unicode/752/%DA%A9%DB%8C%D8%A7-%D8%BA%DB%8C%D8%B1-%D9%85%D8%B3%D9%84%D9%85%D9%88%DA%BA-%DA%A9%DB%92-%D9%86%DB%8C%DA%A9-%D8%A7%D8%B9%D9%85%D8%A7%D9%84-%D9%BE%D8%B1-%D8%A7%D9%86%DB%81%DB%8C%DA%BA-%D8%A7%D8%AC%D8%B1-%D9%88-%D8%AB%D9%88%D8%A7%D8%A8-%D9%85%D9%84%DB%92-%DA%AF%D8%A7-%DB%8C%D8%A7-%D9%86%DB%81%DB%8C%DA%BA%D8%9F
ایک کتاب میں لکھا ہے کہ حضرت امام مہدی دو یا تین سال بعد ظاہر ہوجایں گے؟,واضح ہوکہ ظہور امام مہدی ایک ایسامسلم امر ہے، جس کی وضاحت احادیث مبارکہ میں بخوبی موجود ہے، اس ظہور اور وقوع سے پہلے اور بعد میں بھی بڑی بڑی علامات بیان کی گئی ہیں، مگر ان علامات کے ظہور اور وقوع کے لئے خاص سال اور مہینے کی تعیین نہیں کی گئی ، بلکہ مطلقاً قرب قیامت بیان کیا گیا ہے، کسی شخص کا یہ دعویٰ کرنا کہ اتنے سال اور اتنے مہینے فلاں علامت کے ظہور میں رہ گئے ہیں، بلاشبہ غلط اور باطل ہے، اور مسلمانوں میں تفریق و انتشار پھیلانے کے مترادف ہے، جس سے احتراز لازم ہے۔,عقائد,قیامت و آخرت,1472,,https://www.onlinefatawa.com/view_fatwa_unicode/1472/%DA%A9%DB%8C%D8%A7-%D8%A7%D9%85%D8%A7%D9%85-%D9%85%DB%81%D8%AF%DB%8C-%DA%A9%D9%88-%D8%B8%D8%A7%DB%81%D8%B1-%DB%81%D9%88%D9%86%DB%92-%D9%85%DB%8C%DA%BA-%D8%A7%DB%8C%DA%A9-%D8%AF%D9%88-%D8%B3%D8%A7%D9%84-%D8%A8%D8%A7%D9%82%DB%8C-%DB%81%DB%8C%DA%BA-%D8%9F
محترم جناب مفتی صاحب! میں نے ایک انٹرنیٹ میل میں پڑھا تھا کہ ایک دن سورج مغرب سے طلوع ہوگا، اور توبہ کا دروازہ بند کردیا جائے گا، اور یہ قیامت کی سب سے بڑی نشانی ہوگی، براہ مہربانی آپ اس باب کو قرآن و حدیث سے سمجھائیں؟,واضح ہوکہ قیامت کی بعض نشانیاں ایسی ہیں جن کے وقوع کے بعد توبہ کا دروازہ بند ہوجائے گا، اور اس وقت کسی کافر یا فاسق کی توبہ قبول نہ ہوگی، اور یہ مضمون قرآن کریم سے بھی اجمالاً یا اشارۃً ثابت ہے، لیکن قرآن  مجید میں نےاسکی وضاحت نہیں  کہ وہ کونسی نشانی ہے، البتہ احادیث سے واضح ہوتا ہے کہ اس سے مراد آفتاب کا مغرب سے طلوع ہونا ہے،اور اس سلسلہ میں کئی احادیث بھی موجود ہیں۔ملاحظہ ہو,عقائد,قیامت و آخرت,1580,,https://www.onlinefatawa.com/view_fatwa_unicode/1580/%D9%82%D8%B1%D8%A8-%D9%82%DB%8C%D8%A7%D9%85%D8%AA-%D9%85%DB%8C%DA%BA-%D8%B3%D9%88%D8%B1%D8%AC-%D9%85%D8%BA%D8%B1%D8%A8-%D8%B3%DB%92-%D8%B7%D9%84%D9%88%D8%B9-%DB%81%D9%88%DA%AF%D8%A7%D8%8C-%D8%A7%D8%B3-%DA%A9%DB%8C-%D9%88%D8%B6%D8%A7%D8%AD%D8%AA-%D8%9F
جناب مفتی صاحب! السلام علیکم! ایک دوست کافی عرصہ سے بحث کر رہا ہے کہ قبر میں عذاب نہیں ہوتا ، نہ ہی منکر نکیر سوال کرتے ہیں، کیونکہ قرآن میں نہیں آیا  ہے کہ عذاب قبر ہوگا اور یہ کہ منکر نکیر  قبر میں سوال کریں گے۔ جناب! آپ اس مسئلہ میں فتویٰ دیں، کیونکہ شاید میرا دوست گمراہ ہو رہا ہے اور مزید لوگوں کو بھی گمراہ کر رہا ہے۔,اہل سنت والجماعت کا عقیدہ ہے کہ قبر کا عذاب و ثواب اور منکر نکیر کا سوال کرنا برحق ہے، ائمہ اربعہ اس پر متفق ہے، جبکہ اس بارے میں قرآن وحدیث کی متعدد نصوصِ متواترہ وارد ہیں جو ذیل میں نقل کی جارہی ہیں، مگر یہ عذاب دنیاوی آنکھوں سے نظر نہیں آسکتا، اس لیے کہ یہ عالمِ برزخ سے متعلق ہے جیسا کہ سونے والا کوئی اچھا یا برا خواب دیکھ رہا ہو تو ساتھ بیٹھنے والے کو اس کا احساس تک نہیں ہوتا، مزید تفصیل کے لیے ’’تسکین الصدور فی احوال الموتیٰ فی البرزخ والقبور‘‘ (مؤلفہ مولانا سرفراز خان صفدر مدظلہ) اور دیگر کتبِ عقائد کا مطالعہ مفید رہےگا، جبکہ سائل کے مذکور دوست کا یہ طرزِ عمل انتہائی خطرناک ہے جو موجبِ ضلالت کے علاوہ موجبِ کفر بھی بن سکتا ہے، کیونکہ یہ ایسا عقیدہ ہے جس کے بغیر ایمان کی تکمیل نہیں، اس لیے اُسے اپنے مذکور طرزِ عمل سے احتراز لازم ہے۔ و قال اللہ تعالیٰ: ﴿وَلَوْ تَرَى إِذِ الظَّالِمُونَ فِي غَمَرَاتِ الْمَوْتِ وَالْمَلَائِكَةُ بَاسِطُو أَيْدِيهِمْ أَخْرِجُوا أَنْفُسَكُمُ الْيَوْمَ تُجْزَوْنَ عَذَابَ الْهُونِ بِمَا كُنْتُمْ تَقُولُونَ عَلَى اللَّهِ غَيْرَ الْحَقِّ وَكُنْتُمْ عَنْ آيَاتِهِ تَسْتَكْبِرُونَ﴾ (الأنعام: 93) خروجِ نفس اور روح کے بعد ’’الْيَوْمَ تُجْزَوْنَ عَذَابَ الْهُونِ‘‘ میں جس عذاب کا ذکر کیا گیا ہے یہی اصطلاحِ شریعت میں عذابِ قبر اور عذابِ برزخ کہلاتا ہے۔ ( ماخوذ از کتاب الروح:ص:۹۳) و قال اللہ تعالیٰ: ﴿وَلَوْ تَرَى إِذْ يَتَوَفَّى الَّذِينَ كَفَرُوا الْمَلَائِكَةُ يَضْرِبُونَ وُجُوهَهُمْ وَأَدْبَارَهُمْ وَذُوقُوا عَذَابَ الْحَرِيقِ﴾ (الأنفال: 50) مرنے کے بعد جو ’’عَذَابَ الْحَرِيقِ‘‘ کافروں کا چکھایا جائےگا وہی عذابِ قبر اور عذاب ِبرزخ ہے۔ وقال اللہ تعالیٰ: ﴿النَّارُ يُعْرَضُونَ عَلَيْهَا غُدُوًّا وَعَشِيًّا وَيَوْمَ تَقُومُ السَّاعَةُ أَدْخِلُوا آلَ فِرْعَوْنَ أَشَدَّ الْعَذَابِ﴿ (غافر: 46) اس ارشاد سے صاف طور پر معلوم ہوا کہ صبح و شام یعنی دوام و استمرار کے ساتھ فرعون کو آگ کے عذاب پر پیش کیا جاتا ہے اور وہی عذابِ قبر اور عذابِ برزخ کہلاتا ہے، کیونکہ قیامت کا عذاب تو ’’يَوْمَ تَقُومُ السَّاعَةُ‘‘ کے الفاظ سے بیان کیا گیا ہے جو ’’أَشَدَّ الْعَذَابِ‘‘ ہوگا۔ و قال اللہ تعالیٰ: ﴿مِمَّا خَطِيئَاتِهِمْ أُغْرِقُوا فَأُدْخِلُوا نَارًا فَلَمْ يَجِدُوا لَهُمْ مِنْ دُونِ اللَّهِ أَنْصَارًا﴾ (نوح: 25) اس آیتِ کریمہ سے معلوم ہوا کہ حضرت نوح علیہ السلام کی مجرم قوم غرقاب ہوتے ہی فوراً عذاب میں مبتلا ہو گئی جس سے صاف معلوم ہوتا ہے کہ اس سے مراد عذابِ قبر ہے۔,عقائد,قیامت و آخرت,3255,2020-10-26,https://www.onlinefatawa.com/view_fatwa_unicode/3255/%D8%B9%D8%B0%D8%A7%D8%A8%D9%90-%D9%82%D8%A8%D8%B1-%D8%A7%D9%88%D8%B1-%D9%85%D9%86%DA%A9%D8%B1-%D9%86%DA%A9%DB%8C%D8%B1-%DA%A9%D8%A7-%D8%B3%D9%88%D8%A7%D9%84-%DA%A9%D8%B1%D9%86%D8%A7-%D8%A8%D8%B1%D8%AD%D9%82-%DB%81%DB%92-%DB%8C%D8%A7-%D9%86%DB%81%DB%8C%DA%BA%D8%9F
السلام علیکم! کیا فرماتے ہیں مفتیانِ کرام اس حدیث پاک کے بارے میں کہ میرا صحابی ایک مٹھی جو اللہ کی راہ میں خیرات کرے اور غیر صحابی احد برابر سونا خیرات کرے تو وہ صحابی  کی خیرات کے برابر نہیں ہو سکتا ،  حضرت مگر وہ غیر صحابی ،  بظاہر عمل میں تو صحابی سے بڑھ گیا ، اس نے اُحد کے برابر سونا خیرات کیا اور صحابی  نے ایک مٹھی ، ٹھیک ہے ثواب نہیں بڑھا ، مگر بظاہر دیکھنے میں وہ غیرصحابی بڑھ گیا ؟,اس سے صحابہ کرام رضوان اللہ علیہم کے عمل کی فضیلت اور ان کا  اپنی ضرورت پر دوسروں کی ضرورت کو ترجیح دینے اور ان کے اخلاص کا بیان کرنا مقصود ہے ، جو یقیناً بعد کے لوگوں میں مفقود ہے۔,قرآن و حدیث,تحقیق و تخریج حدیث,60379,2003-06-14,https://www.onlinefatawa.com/view_fatwa_unicode/60379/-%E2%80%99%E2%80%99%D8%B5%D8%AD%D8%A7%D8%A8%DB%8C-%DA%A9%DB%8C-%D9%85%D9%B9%DA%BE%DB%8C-%D8%A8%DA%BE%D8%B1-%D8%AE%DB%8C%D8%B1%D8%A7%D8%AA--%D8%8C-%D8%BA%DB%8C%D8%B1-%D8%B5%D8%AD%D8%A7%D8%A8%DB%8C-%DA%A9%DB%8C-%D8%A7%D8%AD%D8%AF-%D9%BE%DB%81%D8%A7%DA%91-%DA%A9%DB%92-%D8%A8%D8%B1%D8%A7%D8%A8%D8%B1-%D8%AE%DB%8C%D8%B1%D8%A7%D8%AA-%D8%B3%DB%92-%D8%A8%DB%81%D8%AA%D8%B1-%DB%81%DB%92%E2%80%98%E2%80%98-%DA%A9%D8%A7-%D9%85%D8%B7%D9%84%D8%A8
"نبی پاک صلی اللہ علیہ و سلم نے فرمایا  کہ میری امت میں ۷۳ فرقے ہونگے ، یہ بتائیں کہ یہ فرقے مسلمانوں میں ہونگے یا  اس میں سب شامل ہیں؟ مثلاً عیسائی ، قادیانی ,نصرانی",اس سے اُمتِ اجابت ،  یعنی مسلمانوں کے فرقے مراد ہیں اور ان کا جہنمی ہونا عملی غلطیوں اور گناہوں کی بنا پر ہوگا۔,قرآن و حدیث,تحقیق و تخریج حدیث,60380,2003-06-14,https://www.onlinefatawa.com/view_fatwa_unicode/60380/
مندرجہ ذیل بات کی سند بیان کریں اور مکمل اسناد دیں: سالم بیان کرتے ہیں ، سیدنا عبداللہ بن عمر کے حوالے سے ، کہ رسول اللہ صلی اللہ علیہ و سلم نماز کی ادائیگی کی ابتداء میں ہاتھوں کو اٹھاتے اور اس کو دوبارہ نہیں  لوٹا یا کرتے تھےالخ۔ امام بیہیقی۔ امام حاکم کہتے ہیں کہ یہ گھڑی ہوئی  حدیث ہے کیا یہ درست ہے؟,"مذکور حدیث سنداً و  متناً ، بلاشبہ صحیح اور قابلِ اعتماد ہے ، جبکہ اس کی سند کے تمام"" رواۃ"" کے احوال بھی لکھے جاتے ہیں ، ان پر بھی غور کیا جا سکتا ہے۔",قرآن و حدیث,تحقیق و تخریج حدیث,60390,2007-06-14,https://www.onlinefatawa.com/view_fatwa_unicode/60390/%D8%AA%DA%A9%D8%A8%DB%8C%D8%B1%D9%90-%D8%A7%D9%88%D9%84%DB%8C-%D9%85%DB%8C%DA%BA-%D8%B1%D9%81%D8%B9%D9%90-%DB%8C%D8%AF%DB%8C%D9%86-%DA%A9%DB%92-%D8%A8%D8%B9%D8%AF-%D8%8C-%D9%BE%DA%BE%D8%B1--%D8%A7%D8%B9%D8%A7%D8%AF%DB%81-%D9%86%DB%81-%DA%A9%D8%B1%D9%86%DB%92-%DA%A9%DB%8C-%D8%AD%D8%AF%DB%8C%D8%AB-%DA%A9%DB%8C-%D8%B3%D9%86%D8%AF
مسلم شریف کی ایک روایت ہے  ، جس کا مفہوم یہ ہے کہ حضرت جابر ؓسے روایت ہےکہ  نبی کریمﷺ اپنی وفات شریف سے ایک مہینہ پہلے فرماتے تھے کہ تم لوگ مجھ سے قیامت کے بارے میں پوچھتے ہو اور اس کا علم تو اللہ ہی کے پاس ہے اور میں اللہ کی قسم کھاکر کہہ سکتا ہوں روئے زمین پر کوئی متنفس اس طرح نہیں کہ اس پر سو سال گذرے اور وہ اس وقت زندہ باقی رہے ،  اس حدیث کا مطلب سمجھا دیں۔,یہ آپ ﷺ کی پیشنگوئی تھی جو حرف بحرف سچی ثابت ہوئی اور اس سے مقصود متعلقہ ذمہ داریوں کا احساس دلانا تھا کہ وقت مختصر ہے اور ذمہ داریاں انتہائی اہم اور طویل ہیں، اس لیے ان کی فکر کرنی چاہیے۔,قرآن و حدیث,تحقیق و تخریج حدیث,60444,2006-12-25,https://www.onlinefatawa.com/view_fatwa_unicode/60444/%D9%82%DB%8C%D8%A7%D9%85%D8%AA-%D8%B3%DB%92-%D9%85%D8%AA%D8%B9%D9%84%D9%82-%D8%A7%DB%8C%DA%A9-%D8%AD%D8%AF%DB%8C%D8%AB-%DA%A9%DB%8C-%D8%AA%D8%B4%D8%B1%DB%8C%D8%AD
کیا حدیث میں ایسا ذکر ہے کہ پیغمبر قبرستان گئے اور قبر  پر لگے ہوئے اونچے پتھر کو توڑ ڈالا اور فرمایا کہ’’ قبر پر سیری کی طرف چھوٹے پتھر لگایا کرو‘‘۔ حوالہ کیا ہے؟,مذکور الفاظ میں کوئی حدیث ہماری نظر سے نہیں گزری ، البتہ وہ حدیثِ مبارک ،  کہ جس میں اس بات کا حکم ہے کہ اگر کسی قبر پر کوئی تعمیر بنی تو اسے عام قبروں کے برابر کر دیا جائے مع ترجمہ درج ذیل ہے: ففی صحیح مسلم:  عن أبی الہیاج الأسدی، قال: قال لی علی بن أبی طالب: ألا أبعثک علی ما بعثنی علیہ رسول اللہ- صلی اللہ علیہ وسلم - ؟ ’’أن لا تدع تمثالا إلا طمستہ ولا قبرا مشرفا إلا سویتہ‘‘ اھ(2/ 666)۔ حدیث کے الفاظ اس طرح ہیں کہ حضورﷺ نے حضرت علیؓ کو بھیجا کہ تصویروں کو مٹاؤ ، اور اونچی قبروں کو زمین کے برابر کرو  اور سوال میں مذکور الفاظ کا حدیث میں ذکر نہیں ہے۔,قرآن و حدیث,تحقیق و تخریج حدیث,60473,2005-06-15,https://www.onlinefatawa.com/view_fatwa_unicode/60473/%D9%82%D8%A8%D8%B1%D9%88%DA%BA-%D9%BE%D8%B1-%DA%86%DA%BE%D9%88%D9%B9%DB%92-%D9%BE%D8%AA%DA%BE%D8%B1-%D9%86%D8%B5%D8%A8-%DA%A9%D8%B1%D9%86%DB%92-%D8%B3%DB%92-%D9%85%D8%AA%D8%B9%D9%84%D9%82-%D8%AD%D8%AF%DB%8C%D8%AB-%DA%A9%DB%8C-%D8%AA%D8%AD%D9%82%DB%8C%D9%82
مفتی صاحب! مجھے پوچھنا یہ ہے کہ جھنم کی آگ کس رنگ کی ہوگی؟سنا ہے کہ وہ کالی ہوگی، کیا یہ صحیح ہے؟,درج ذیل روایت حدیث سے بخوبی معلوم ہورہاہے کہ جہنم کی آگ کو ایک ہزار سال تک بھڑکایا گیا تو وہ سرخ ہوگئی، اور پھر ایک ہزار سال تک اسے بھڑکایا اور جلایا گیا تو وہ سفید ہوگئی، اور اس پر مزید ایک ہزار سال تک بھڑکایا گیا اور جلایا گیا تو وہ سیاہ ہوگئی، پس وہ اب کالی سیاہ ہے۔,عقائد,قیامت و آخرت,4644,,https://www.onlinefatawa.com/view_fatwa_unicode/4644/%D8%AC%DB%81%D9%86%D9%85-%DA%A9%DB%8C-%D8%A2%DA%AF-%DA%A9%D8%B3-%D8%B1%D9%86%DA%AF-%DA%A9%DB%8C-%DB%81%DB%92%D8%9F
محترم جناب مفتی صاحب! میرا آفس کلفٹن میں ہے اور میرے راستے میں دو مزار پڑتے ہیں،اکثر میں نے کچھ لوگوں کو دیکھا ہے کہ وہ مزار کے پاس سے گزرتے ہوئے مزار کی طرف سلام کے انداز میں اپنے ہاتھ سے سلام کرتے ہیں جیسے صاحب مزار کو سلام کر رہے ہوں،میرا سوال یہ ہے کہ آیا یہ شرعی طریقہ ہے سلام کا؟ تفصیلی جواب کا متمنی۔,"مردوں کو سلام کرنے کا مذکور طریقہ شرعاً درست نہیں،البتہ اہل مقابر کو سلام کرنے کا مسنون طریقہ یہ ہے کہ جب قبرستان سے گزرے تو "" السلام  علیکم دار قوم مؤمنین و انا انشاء اللہ بکم لاحقون و نسال اللہ لنا و لکم العافیہ"" پڑھے۔",عقائد,قیامت و آخرت,5455,,https://www.onlinefatawa.com/view_fatwa_unicode/5455/%D9%85%D8%B2%D8%A7%D8%B1%D9%88%DA%BA-%DA%A9%DB%92-%D9%BE%D8%A7%D8%B3-%D8%B3%DB%92-%DA%AF%D8%B2%D8%B1%D8%AA%DB%92-%DB%81%D9%88%D8%A6%DB%92-%D8%A7%D9%86%DA%BE%DB%8C%DA%BA-%D8%AC%DA%BE%DA%A9-%DA%A9%D8%B1-%D8%B3%D9%84%D8%A7%D9%85-%DA%A9%D8%B1%D9%86%DB%92-%DA%A9%D8%A7-%D8%AD%DA%A9%D9%85-
جناب مفتی صاحب! جیسا کہ ہم سب جانتے ہیں کہ  انسان کی سزا و جزا کا فیصلہ اللہ سبحانہ وتعالیٰ نے قیامت کے روز کرنا ہے تو پھر یہ عذابِ قبر کیسا حساب ہے؟ کیا اس کا فیصلہ قیامت سے پہلے ہو جاتا ہے اس بات میں کتنی سچائی ہے؟,پوری سزا و جزا تو آخرت میں ملے گی، جبکہ ہر شخص کا فیصلہ اس کے اعمال کے مطابق چکایاجائے گا ، لیکن بعض کی کچھ جزا و سزا دنیا میں بھی ملتی ہے۔ جیسا کہ بہت سی آیات و احادیث میں مضمون آیا ہے اور تجربہ و مشاہدہ بھی اس کی تصدیق کرتا ہے اسی طرح بعض اعمال پر قبر میں بھی جزا وسزا ہوتی ہے۔ اور یہ مضمون بھی احادیث ِمتواترہ میں موجود ہے اس سے آپ کا یہ شُبہ جاتا رہا کہ ابھی مقدمہ ہی پیش نہیں ہوا تو سزا کیسی ؟ اس کا جواب یہ ہے کہ پوری سزا تو مقدمہ پیش ہونے اور فیصلہ چکائے جانے کے بعد ہی ہوگی۔ برزخ میں جو سزا ہوگی اس کی مثال ایسی ہے جیسے مجرم کو حوالات میں رکھا جاتا ہے۔ علاوہ ازیں یہ بھی ممکن ہے کہ کچھ لوگوں کے لیے برزخ کی سزا کفارہ سئیات بن جائے۔ جیسا کہ دنیوی پریشانیاں اور مصیبتیں اہلِ ایمان کے لیے کفارہ سئیات ہیں۔ بہرحال قبر کا عذاب و ثواب برحق ہے اس پر ایمان لانا واجب ہے اور اس سے ہر مومن کو پناہ مانگتے رہنا چاہیے۔ حضرت عائشہؓ فرمائی ہیں کہ آنحضرتﷺ ہر نماز کے بعد عذابِ قبر سے پناہ مانگتے تھے۔ متفق علیہ(مشکاۃ المصابیح) (از آپ کے مسائل اور ان کا حل),عقائد,قیامت و آخرت,5620,2020-10-26,https://www.onlinefatawa.com/view_fatwa_unicode/5620/%D8%AC%D8%B2%D8%A7%D8%A1-%D9%88%D8%B3%D8%B2%D8%A7-%DA%A9%D8%A7-%D9%81%DB%8C%D8%B5%D9%84%DB%81-%D9%82%DB%8C%D8%A7%D9%85%D8%AA-%DA%A9%DB%92-%D8%AF%D9%86-%DB%81%D9%88%DA%AF%D8%A7-%D8%AA%D9%88-%D9%BE%DA%BE%D8%B1-%D8%B9%D8%B0%D8%A7%D8%A8%D9%90-%D9%82%D8%A8%D8%B1-%DA%A9%DB%8C%D9%88%DA%BA%D8%9F
کیا فرماتے ہیں علماءِ کرام و مفتیانِ عظام اس مسئلہ کے  بارے میں کہ عام طور پر یہ بیان کیا جاتا ہے کہ مرد اگر  اذان کا جواب دے تو اس کو ایک لاکھ نیکیاں ملتی ہیں اور اگر عورت جواب دے تو اس کو ڈیڑھ لاکھ( ۱۵۰۰۰۰) نیکیاں ملتی ہیں ،  آیا اس کا ثبوت قرآن و حدیث میں کہیں موجود ہے؟ مدلل جواب عنایت فرمائیں۔,عورتوں کے اذان کا جواب دینے کی صورت میں مذکور نیکیاں ملنے کی تصریح تو نہیں ملی، البتہ کنز العمال میں یہ حدیث منقول ہے کہ نبی کریم صلی اللہ علیہ و سلم نے عورتوں کو مخاطب کر کے فرمایا کہ تمہیں ہر ہر کلمہ اذان کا جواب دینے سےایک لاکھ نیکیاں ملیں گی اور ہر کلمہ کا جواب دینے پر ایک ہزار درجات بلند اور ایک ہزار گناہ معاف ہوں گے، جبکہ مردوں کو اس کا دوہرا اجر ملنے کی بشارت ہے۔,قرآن و حدیث,تحقیق و تخریج حدیث,60522,2004-11-21,https://www.onlinefatawa.com/view_fatwa_unicode/60522/
مفتی صاحب! سنن ابوداؤد میں ذکر ہے محمدﷺ کے حوالے سے ’’میں آلِ ہند کی طرف سے ٹھنڈی ہو ا محسوس کرتا ہوں‘‘۔ کیا آپ اس کی تصدیق کر سکتے ہیں؟,محترم! جس کتاب میں آپ نے یہ حدیث دیکھی ہے یہ بندہ کے پاس موجود نہیں، اس لیے مذکور عبارت کے حدیث ہونے، نہ ہونے یا ضعیف مرسل وغیرہ ہونے سے بحث کرنا یقیناً مشکل امر ہے، الّا یہ کہ جس کتاب میں آپ نے یہ حدیث دیکھی ہے اس کامکمل نام اور جہاں سے وہ کتا ب چھپی ہے اُس مطبع کا نام اور جلد و صفحہ بھی بیان کر دیا جائے، یا دوسرے علماء سے رجوع کریں۔ واللہ اعلم بالصواب!,قرآن و حدیث,تحقیق و تخریج حدیث,60637,2003-10-23,https://www.onlinefatawa.com/view_fatwa_unicode/60637/%E2%80%99%E2%80%99%D9%85%DB%8C%DA%BA-%D8%A7%D9%93%D9%84%D9%90-%DB%81%D9%86%D8%AF-%DA%A9%DB%8C-%D8%B7%D8%B1%D9%81-%D8%B3%DB%92-%D9%B9%DA%BE%D9%86%DA%88%DB%8C-%DB%81%D9%88%D8%A7-%D9%85%D8%AD%D8%B3%D9%88%D8%B3-%DA%A9%D8%B1%D8%AA%D8%A7-%DB%81%D9%88%DA%BA%E2%80%98%E2%80%98-%D9%85%D8%B6%D9%85%D9%88%D9%86-%D9%88%D8%A7%D9%84%DB%8C-%D8%AD%D8%AF%DB%8C%D8%AB-%DA%A9%DB%8C-%D8%AA%D8%AD%D9%82%DB%8C%D9%82
کیا فرماتے ہیں علماءِ کرام و مفتیانِ عظام اس مسئلہ کے بارے میں کہ ایک شخص یہ کہتا ہے کہ قرآن و حدیث سے صرف دو  کلمے ثابت ہیں یعنی کلمۂ  توحید و کلمۂ شہادت ،  اس کے علاوہ جو چھ کلمات مشہور ہیں وہ صحیح احادیث سے ثابت نہیں، آیا اس شخص کا یہ کہنا صحیح ہے؟ براہِ کرم شش کلمات کا ثبوت احادیثِ صحیحہ و  کتبِ مستندہ سے پیش فرمائیں۔,"واضح ہو کہ شش کلمے جو مشہور اور معروف ہیں، اگرچہ ان کی تعداد، ان کے نام و  ترتیب وغیرہ شرعاً فرض و  واجب اور سنت میں سے کسی کے زمرہ میں نہیں آتے، ان کے نام ، تعداد اور ترتیب وغیرہ محض اس وجہ سے قائم کیے گئے ہیں تاکہ ان ناموں اور ترتیب کے اعتبار سے یاد کر کے ان مواقع میں پڑھناآسان ہو جائے جن میں پڑھنے کی نبی کریم نے تعلیم دی ہے اور اس پر جو فضائل بیان فرمائے ہیں وہ بھی حاصل کیے جا سکیں ،  ان میں سے پہلے دو کلموں ( یعنی کلمہ طیبہ اور کلمہ شہادت) کو تو حصولِ ایمان میں بنیادی حیثیت حاصل ہے جبکہ دیگر چاروں حصولِ فضیلت اور تقویتِ ایمان کے لیے ہیں اور انہی وجوہات کی بناء پر بچوں کو شروع سے ہی یاد کروائے جاتے ہیں۔ اور جہاں تک ان کے الفاظ کے ثبوت کا تعلق ہے تو واضح ہو کہ پہلا کلمہ کنزالعمال میں ’’فی فضل الشھادتین‘‘ کے تحت ، دوسرا کلمہ بخاری شریف میں باب مایتخیر من الدعاء بعد التشھد کے تحت مذکور ہے: ففی صحیح البخاری: ’’أشہد أن لا الہ الا اللہ و أشہد أن محمدا عبدہ و  رسولہ‘‘(1/ 166)۔ تیسرا کلمہ: و فی  الترغیب و الترھیب: وعن أبی ھریرۃ  رضی  اللہ عنہ  عن النبی  صَلی اللہ علیہ وَسلم   قال: من قال حین یأوی الی فراشہ: (لا الہ الا اللہ وحدہ لا شریک لہ، لہ الملک، ولہ الحمدُ، وھو علی کل شئی قدیر، لا حول و لا قوۃ الا باللہ العلی العظم، سبحان اللہ، و الحمد للہ، و لا الہ الا اللہ، و اللہ اکبر) (1/ 390) و ھکذا فی صحیح مسلم ( ۱/۲۴۵)۔ چوتھا کلمہ جامع الترمذی ’’باب ما یقول اذا دخل السوق‘‘ کے تحت حضرت عمر رضی اللہ عنہ سے مروی ہے: و فی سنن الترمذی: أن رسول اللہ - صلی اللہ علیہ وسلم - قال: من دخل السوق، فقال: لا الہ الا اللہ وحدہ لا شریک لہ، لہ الملک و لہ الحمد یحی و  یمیت، و ھو حی لا یموت، بیدہ الخیر و ھو علی کل شئی قدیر، کتب اللہ لہ ألف ألف حسنۃ، ومحا عنہ ألف ألف سیئۃ، و رفع لہ ألف ألف درجۃ. (5/ 367)کذا فی االترغیب و  رواہ ابن ماجہ۔ پانچواں کلمہ بخاری شریف ’’کتاب الدعوات فی باب افضل الاستغفار‘‘ کے تحت حضرت شداد بن اوس سے مروی ہے: و  فی صحیح البخاری: شداد بن أوس - رضی اللہ عنہ - : عن النبی - صلی اللہ علیہ وسلم - : ""سید الاستغفار أن تقول: اللھم أنت ربی لا الہ الا أنت، خلقتنی و انا عبدک، و  انا علی عہدک و وعدک ما استطعت، أعوذ بک من شر ما صنعت، أبوء لک بنعمتک علی، و ابوء لک بذنبی فاغفر لی، فانہ لا یغفر الذنوب الا أنت "" قال: «ومن قالہا من النہار موقنا بہا، فمات من یومہ قبل أن یمسی، فہو من أہل الجنۃ، ومن قالہا من اللیل و ھو موقن بہا، فمات قبل أن یصبح، فہو من أہل الجنۃ»(8/7 6)۔ جبکہ چھٹا کلمہ مسند احمد (ص:۴۵۱/۱) اور ترمذی میں ( ۲/۱۸) کے تحت مذکور ہے اس کے علاوہ دیگر کتب حدیث سے بھی ان کا ثبوت ملتاہے۔ واللہ أعلم بالصواب",قرآن و حدیث,تحقیق و تخریج حدیث,60659,2008-10-25,https://www.onlinefatawa.com/view_fatwa_unicode/60659/%DA%86%DA%BE-%DA%A9%D9%84%D9%85%D9%88%DA%BA-%DA%A9%D8%A7-%D8%AB%D8%A8%D9%88%D8%AA-%D8%8C-%D8%A7%D8%AD%D8%A7%D8%AF%DB%8C%D8%AB%D9%90-%D9%85%D8%A8%D8%A7%D8%B1%DA%A9%DB%81-%DA%A9%DB%8C-%D8%B1%D9%88%D8%B4%D9%86%DB%8C-%D9%85%DB%8C%DA%BA
کیا فرماتے ہیں علماءِ کرام و مفتیانِ عظام اس حدیث کے متعلق کہ ’’اصحابی کالنجوم بأیہم اقتدیتم اھتدیتم‘‘ یہ حدیث صحیح ہے یا ضعیف ہے؟,یہ حدیث مختلف اسانید سےمنقول ہے اور ان میں محدثین نے کلام فرمایا ہے، مگر من حیث المجموع وہ اسانید ایک دوسرے کےلیے مؤیّد بن رہی ہیں اور دوسری احادیثِ صحیحہ سے بھی اس کی تائید ہوتی ہے، اس لیے یہ حدیث معنیً صحیح اور سنداً درجہ حسن کو پہنچتی ہے۔,قرآن و حدیث,تحقیق و تخریج حدیث,60698,2002-11-26,https://www.onlinefatawa.com/view_fatwa_unicode/60698/%E2%80%99%E2%80%99%D8%A7%D8%B5%D8%AD%D8%A7%D8%A8%DB%8C-%DA%A9%D8%A7%D9%84%D9%86%D8%AC%D9%88%D9%85-%E2%80%98%E2%80%98-%D9%88%D8%A7%D9%84%DB%8C-%D8%AD%D8%AF%DB%8C%D8%AB--%DA%A9%DB%8C-%D8%A7%D8%B3%D9%86%D8%A7%D8%AF%DB%8C--%D8%AD%DB%8C%D8%AB%DB%8C%D8%AA
کیا فرماتے ہیں علماءِ کرام و مفتیانِ عظام اس مسئلہ کے بارے میں کہ ہمارے ہاں ایک غیرمقّلد ہے،وہ دعویٰ سے کہتا ہے کہ اللہ کے نبیﷺ کی حدیث ہے اور حوالہ ابن ماجہ کا دیتا ہے ،یہ کہتا ہے کہ اللہ کے نبیؐ نے فرمایا کہ بیت اللہ کے امام سے گناہ نہیں ہوتا ، یہ بات کہاں تک درست ہے ؟حدیث میں کوئی ایسی بات ہے یا نہیں؟ یا کسی بزرگ کا قول ہے، حدیث میں گناہِ صغیرہ کا ذکر ہے یا کبیرہ کا ؟ یا سرے سے ہی یہ بات غلط ہے؟ اس مسئلہ کی وضاحت فرمائیں۔,واضح ہو کہ انسانوں میں انبیاء علیہم الصلوٰۃ و التسلیمات کے علاوہ کوئی شخص گناہوں سے معصوم نہیں اور احادیثِ مبارکہ میں بشمول بیت اللہ کے امام کے، کسی فرد سے متعلق گناہوں سے معصوم ہونا چاہے وہ صغیرہ ہو ں یا کبیرہ ،منقول نہیں ہے، اس لیے مذکور غیرمقلد کایہ قول غلط بیانی، جھوٹ اور سرکار دو عالم ﷺ کی شان میں بہتان پر مبنی ہے اور احادیثِ مبارکہ میں ایسے شخص کے بارےمیں جو حضورﷺ سےمنسوب جھوٹی احادیث بیان کرے سخت قسم کی وعیدیں وارد ہوئی ہیں، چنانچہ ایک مشہور حدیث میں حضورﷺ نے ارشاد فرمایا کہ جو شخص میری طرف غلط بات کو منسوب کرے اسے چاہیے کہ اپنا ٹھکانہ جہنم میں بنالے، اس لیے اس شخص کو چاہیے اپنے اس گناہ پر ندامت و صدقِ دل کے ساتھ توبہ و استغفار کرے اور آئندہ کے لیے ایسی احادیث گھڑنے سے احتراز کرے۔,قرآن و حدیث,تحقیق و تخریج حدیث,60726,2009-04-20,https://www.onlinefatawa.com/view_fatwa_unicode/60726/%E2%80%99%E2%80%99%D8%A8%DB%8C%D8%AA-%D8%A7%D9%84%D9%84%DB%81-%DA%A9%DB%92-%D8%A7%D9%85%D8%A7%D9%85-%D8%B3%DB%92-%DA%AF%D9%86%D8%A7%DB%81-%D9%86%DB%81%DB%8C%DA%BA-%DB%81%D9%88%D8%AA%D8%A7%E2%80%98%E2%80%98-%D8%AD%D8%AF%DB%8C%D8%AB-%D8%9F
محترم جناب مفتی صاحب !دینِ اسلام میں سیاست کی حدود کیا ہیں ؟ کیا ملک کی موجودہ سیاست درست سمت پر ہے ؟,سیاست کا لغوی معنی اصلاح و تدبیر کے ہے اور شریعت کی نظر میں ہر وہ تدبیر جو اپنی ذات، گھر، یا ملک کی اصلاح کے لئے اختیار کی جائے وہ سیاست کے زمرے میں آتی ہے ۔ اور شریعت میں اس کی کوئی خاص صورت متعین نہیں، ہاں شریعت کے دائرے میں رہ کر یا صحیح  تدابیر اختیار کی جائیں تو یہ بہت بڑی نیکی اور حسبِ استطاعت ہر شخص پر لازم ہے۔ اور یہ دین کا اہم ترین شعبہ ہے جس کے ذریعہ دین کی تنفیذ ممکن ہو سکتی ہے۔ البتہ مروّجہ سیاست میں عموماً ایسی تدابیر اختیار کی جاتی ہیں جو شریعت سے متصادم ہوتی ہیں اس لئے ایسی سیاست سے کا شریعتِ مطہّرہ سے کوئی واسطہ نہیں۔,معاملات,حکومت و سیاست,774,,https://www.onlinefatawa.com/view_fatwa_unicode/774/-%D8%A7%D8%B3%D9%84%D8%A7%D9%85-%D9%85%DB%8C%DA%BA-%D8%B3%DB%8C%D8%A7%D8%B3%D8%AA-%DA%A9%DB%8C-%D8%AD%D8%AF%D9%88%D8%AF--%D8%8C%D8%A7%D9%88%D8%B1-%D9%85%D9%88%D8%AC%D9%88%D8%AF%DB%81-%D8%B3%DB%8C%D8%A7%D8%B3%D8%AA--%DA%A9%DB%8C-%D8%B4%D8%B1%D8%B9%DB%8C-%D8%AD%DB%8C%D8%AB%DB%8C%D8%AA
کیا شرعی لحاظ سے ایسی جماعت کی سپورٹ کرنا جائز ہے جو اپنے آپ کو لبرل کہتی ہو؟ اور جس پر ہزاروں بے گناہ انسانوں کا خون ہو۔,ایسی تنظیم اور جماعت کی معاونت شرعاً جائز نہیں، اس سے احتراز لازم ہے۔,معاملات,حکومت و سیاست,3747,,https://www.onlinefatawa.com/view_fatwa_unicode/3747/%D8%B8%D8%A7%D9%84%D9%85-%D8%AC%D9%85%D8%A7%D8%B9%D8%AA-%DA%A9%DB%8C-%D8%AD%D9%85%D8%A7%DB%8C%D8%AA-%DA%A9%D8%A7-%D8%AD%DA%A9%D9%85
میرے ایک دوست نے مجھ سے کہا کہ قرآن کریم میں جنت کے اندر جو غلمان (خوبصورت چھوٹے بچے) کا ذکر ہے ان سے جماع بھی کرسکتے ہیں؟ براہِ کرم راہنمائی فرمائیں۔,سائل کے دوست کی مذکور بات کم علمی اور جہالت پر مبنی ہے، کیونکہ لواطت (پیچھے کے راستے میں جماع کرنا) شرعاً حرام اور عقل و طبع کے خلاف ہونے کی وجہ سے سلیم الفطرۃ و شریف چیز سے پاک ہے جس سے طبیعت گھن و کراہت محسوس کرے۔ نیز جنت میں اس قسم کے غلط و ناپاک خیالات بھی نہیں آئیں گے۔ لہٰذا اس قسم کی واہیات میں پڑ کر اپنا وقت ضائع کرنے کے بجائے اللہ تعالیٰ کی یاد اس کی عبادت کا ہتمام کرنے کی اشد ضرورت ہے۔ اور جو وہاں ہونے والا ہے وہ خود بخود سامنے آجائےگا۔,عقائد,قیامت و آخرت,6484,2020-10-26,https://www.onlinefatawa.com/view_fatwa_unicode/6484/%DA%A9%DB%8C%D8%A7-%D8%AC%D9%86%D8%AA-%D9%85%DB%8C%DA%BA-%D8%BA%D9%84%D9%85%D8%A7%D9%86-%D8%B3%DB%92-%D8%B5%D8%AD%D8%A8%D8%AA-%D8%A8%DA%BE%DB%8C-%D8%AC%D8%A7%D8%A6%D8%B2-%DB%81%D9%88%DA%AF%DB%8C%D8%9F
السلام علیکم! کیا محرم کی دس تاریخ کو قیامت ہوگی؟ اس کے بارے میں کوئی صحیح حوالہ موجود ہو تو راہنمائی فرمائیں۔,قیامت کا وقوع کب ہوگا، اس کا یقینی علم تو صرف اللہ تعالیٰ کے پاس ہے، مخلوق میں سے کسی کے پاس اس  کا یقینی علم نہیں، البتہ حضورﷺ کو قبل از قیامت کی چند علامات بتائی گئی ہیں، جیسا کہ کتب ِحدیث میں تفصیلاً مذکور ہے، چنانچہ ایک صحیح حدیث میں آیا ہے کہ قیامت جمعہ کے روز قائم ہوگی، البتہ جمعہ دس محرم کو ہوگا اس کے بارے میں کوئی صحیح اور صریح حوالہ نہیں ملا۔,عقائد,قیامت و آخرت,6900,2020-10-26,https://www.onlinefatawa.com/view_fatwa_unicode/6900/%DA%A9%DB%8C%D8%A7-%D9%85%D8%AD%D8%B1%D9%85-%DA%A9%DB%8C-%D8%AF%D8%B3-%D8%AA%D8%A7%D8%B1%DB%8C%D8%AE-%DA%A9%D9%88-%D9%82%DB%8C%D8%A7%D9%85%D8%AA-%D9%82%D8%A7%D8%A6%D9%85-%DB%81%D9%88%DA%AF%DB%8C%D8%9F
کیا فرماتے ہیں علماءِ کرام و مفتیانِ عظام اس مسئلہ کے بارے میں کہ حضرت ابوبکر صدیق رضی اللہ تعالیٰ عنہ کو ایک انگوٹھی دی اور کہا کہ اُس میں ’’لااِلٰه إلا اللہ‘‘ لکھوا کر لاؤ، آپ نے راستہ میں سوچا کہ اذان میں ’’لاالٰه إلا اللہ محمد رسول اللہ‘‘ہے اور اللہ پاک کے نام کے ساتھ حضرت محمدﷺ کا نام آتا ہے، اس لیے  اس نے حکم دیا کہ اس میں  ’’لاالٰه إلا اللہ محمد رسول اللہ‘‘لکھوا کر لاؤ، پھر حضرت  جبرائیل علیہ السلام نے حکم دیا  کہ انگوٹھی کے اندر ابوبکر صدیق رضی اللہ تعالیٰ عنہ کا نام لکھ دو، حضرت ابوبکر صدیق رضی اللہ تعالیٰ عنہ نے انگوٹھی حضرت محمدﷺ کو دے دی، حضرت محمدﷺ نے انگوٹھی دیکھ کر کہا کہ ابوبکر صدیقؓ میں نے’’ لا اِلٰه اِلا اللہ‘‘ لکھوانے کےلیے کہا تھا اور تم  ’’لااِلٰه إلااِللہ محمد رسول اللہ ‘‘اور اپنا نام بھی لکھوا کر لے آئے تو حضرت ابوبکر صدیق رضی اللہ عنہ نے عرض کیا کہ یا رسول اللہ ﷺ میں نے محمد ﷺ اپنی طرف سے لکھوایا ہے، اپنا نام نہیں لکھوایا، اتنے میں جبرائیل علیہ السلام آتے ہیں اور کہتے ہیں کہ حضرت محمدﷺ اللہ پاک نے کہا کہ انگوٹھی کے اندر ابوبکر صدیق رضی اللہ عنہ کا نام لکھ دو تو میں نے لکھ دیا۔ اب معلوم یہ کرنا کہ انگوٹھی میں’’ لااِلٰه إلا اللہ محمد رسول اللہ ابوبکر صدیق‘‘ رضی اللہ تعالیٰ عنہ کیا انگوٹھی میں یہ سب ایسے ہی لکھا ہوا تھا تو کیا یہ بات کسی سند کے ساتھ ثابت ہے؟ نوٹ: میں نے دارلعلوم امجدیہ سے فتوی لیا ہے، انہوں نے تفسیرِ نعیمی اور تفسیر ِکبیر کی روایت سے فتویٰ دیا ہے کہ انگوٹھی پر حضرت ابوبکر صدیقؓ کا نام بھی تھا، لیکن فتویٰ میں انہوں نے کوئی حوالہ درج نہیں کیا ،صرف اتنا لکھ دیا  کہ تفسیرِ نعیمی اور تفسیرِ کبیر سے یہ بات درست ہے۔ اس فتویٰ سے میں مطمئن نہیں ہوں ۔ براہ ِمہربانی مکمل حوالے کے ساتھ تفصیلی جواب عنایت فرمائیں۔,تفسیر ِکبیر میں یہ واقعہ ان الفاظ میں موجود ہے: ترجمہ: نبی کریمﷺ سے مروی ہے کہ آپﷺ نے اپنی انگوٹھی مبارک حضرت ابوبکر صدیقؓ کے سپرد کر کے فرمایا کہ اس میں لکھوالو ’’لَا إِلہ إِلَّا اللَّہ مُحَمَّدٌ رَسُولُ اللَّہ‘‘ چنانچہ حضرت ابوبکر رضی اللہ عنہ نے انگوٹھی ایک نقاش کو کندہ کرنے کے لیے دی اور کہا کہ اس میں’’لَا إِلَہ  إِلَّا اللَّہ مُحَمَّدٌ رَسُولُ اللَّہ‘‘ کا نقش بنا کردو تو نقاش نے اس کو لکھ دیا ، پھر حضرت ابوبکرؓ اس کو لے کر آنحضرت ﷺ کے دربار میں حاضر ہوئے ، آپﷺ نے اس میں ’’لَا إِلَہ إِلَّا اللَّہ  مُحَمَّدٌ رَسُولُ اللَّہ ابوبکر الصدیق‘‘ کے الفاظ لکھے ہوئے دیکھے تو فرمانے لگے اے ابوبکر! یہ زوائد کیا ہیں؟ تو حضرت ابوبکرؓ نےکہا یا رسول اللہﷺ! مجھے یہ بات  گوارہ نہیں ہوئی کہ اللہ کے اسمِ گرامی اور آپ کے اسمِ گرامی کے درمیان تفریق ڈالوں،  اس دوران جبریل علیہ السلام تشریف لائے اور کہا یا رسول اللہ ﷺ ابوبکر کا نام میں نے خود لکھوایا، کیونکہ ان کو گوارہ نہیں ہوا کہ اللہ کے نام اور رسول اللہ ﷺ کے نام کے درمیان تفریق ڈالیں، پس اللہ کو بھی یہ بات گوارہ نہیں ہوئی کہ آپ کےاور ابوبکر کے نام کے درمیان تفریق ڈالیں۔ (۱/۱۵۳)۔ اور’’نزهة المجالس‘‘ میں بھی اس واقعہ کو تفسیر کبیر کے حوالے سے نقل کیا گیا ہے ،جس سے معلوم ہوتا ہے کہ انگوٹھی میں ’’لَا إِلَہ إِلَّا اللَّہ  مُحَمَّدٌ رَسُولُ اللَّہ ابوبکر صدیق‘‘ لکھا گیا تھا ، جو حضرت ابوبکر صدیقؓ کی فضیلت کو بتا رہا ہے،مگر اس حدیث کی سند کسی کتاب میں نظر سے نہیں گزری اور نہ ہی یہ واقعہ کتبِ احادیث کی کسی معتبر کتاب میں دستیاب ہو سکا، اس لیے اس طرز کی انگوٹھی  کو مسنون یا مستحب قرار نہیں دیا جا سکتا۔ جبکہ صحیح احادیث سے یہ ثابت ہے کہ نبی کریم کی انگوٹھی میں جو تحریر تھی وہ صرف ’’محمد رسول اللہ‘‘ کی تھی جو مخصوص انداز میں کندہ کر  کےبنائی گئی تھی، جس کی ترتیب یہ تھی کہ نیچے سے اوپر تین سطروں میں’’ محمد رسول اللہ‘‘مکتوب تھا۔,قرآن و حدیث,تحقیق و تخریج حدیث,60836,2006-10-11,https://www.onlinefatawa.com/view_fatwa_unicode/60836/%D9%86%D8%A8%DB%8C-%DA%A9%D8%B1%DB%8C%D9%85%D8%90-%DA%A9%DB%8C-%D8%A7%D9%86%DA%AF%D9%88%D9%B9%DA%BE%DB%8C-%D9%BE%D8%B1-%D9%86%D9%82%D8%B4-%D8%B3%DB%92-%D9%85%D8%AA%D8%B9%D9%84%D9%82-%D9%88%D8%A7%D9%82%D8%B9%DB%81-%DA%A9%DB%8C-%D8%AA%D8%AD%D9%82%DB%8C%D9%82
کیا فرماتے ہیں علماء ِکرام و مفتیان ِعظام اس مسئلہ کے بارے میں کہ   اس حدیث کے بارے میں حوالہ کے ساتھ بتائیں کہ ’’ جس نے مجھے خواب میں دیکھا اس نے مجھے دیکھا‘‘۔,۱۔ اس حدیث کے اہل علم نے کئی ایک معانی اور مقاصد بیان کیے ہیں، جس میں سے چند یہ ہیں: ۱۔ جس نے مجھے خواب میں دیکھا اس نے مجھے دیکھا عالمِ شہود اور عالم ِنظام میں، یعنی یہ حقانیت اور سچائی میں ایسا ہوگا، جیسے مجھے حالتِ بیداری میں دیکھا۔ ۲۔ جس نے مجھے خواب میں دیکھا خبر دیدو کہ یہ خواب سچا ہے اس نے حقیقۃً مجھے ہی دیکھا ہے یہ ’’اضغاث احلام‘‘ نہیں ہے۔ ۳۔ جس نے مجھے عالم خواب میں دیکھا اللہ تعالیٰ عالمِ مشاہدہ میں بھی اسے میری زیارت کرائیں گے، دنیا میں ہو یا آخرت میں، اس کے علاوہ اور معانی و مقاصد بھی بیان کیے گئے ہیں۔,قرآن و حدیث,تحقیق و تخریج حدیث,60837,2003-02-03,https://www.onlinefatawa.com/view_fatwa_unicode/60837/-%D8%AD%D8%AF%DB%8C%D8%AB-%E2%80%99%E2%80%99%D9%85%D9%86-%D8%B1%D8%A2%D9%86%DB%8C-%D9%81%DB%8C-%D8%A7%D9%84%D9%85%D9%86%D8%A7%D9%85-%D9%81%D9%82%D8%AF-%D8%B1%D8%A2%D9%86%DB%8C%E2%80%98%E2%80%98-%DA%A9%DB%8C-%D8%AA%D8%B4%D8%B1%DB%8C%D8%AD
کیا فرماتے ہیں علماءِ کرام و مفتیانِ عظام اس مسئلہ کے بارے میں کہ آیا ایک مٹھی داڑھی رکھنا حدیث سے ثابت ہے؟ براہ ِکرم حدیث سے دلیل پیش کر کے تنازع کو ختم فرمادیں۔,ترمذی شریف میں ہے کہ نبی کریمﷺ اپنی داڑھی مبارک سے طولا و عرضاً بال کاٹا کرتے تھے اور بعض کتابوں میں شرح سرعۃ الاسلام کے حوالے سے یہ حدیث منقول ہے کہ اس کی مقدار ایک مٹھی کی حد تک ہوتی تھی، جبکہ حضرت عبداللہ ابن عمررضی اللہ عنہ جو جلیل القدر صحابی اور سنت کا بہت زیادہ اتباع کرنے میں مشہور و معروف ہیں، ان سے متعلق بخاری میں یہ حدیث منقول ہے کہ جب حج یا عمرہ کرتے تو داڑھی کا جو حصہ ایک مٹھی سے زائد ہوتا اس کو کٹوا دیتے ، جبکہ اس کے برخلاف ایک مٹھی سے کم آپﷺ اور آپ کے صحابہ کرام میں سے کسی سے ثابت نہیں۔,قرآن و حدیث,تحقیق و تخریج حدیث,60863,2008-03-25,https://www.onlinefatawa.com/view_fatwa_unicode/60863/%D8%A7%DB%8C%DA%A9-%D9%85%D8%B4%D8%AA-%D8%AF%D8%A7%DA%91%DA%BE%DB%8C-%DA%A9%D8%A7-%D8%AB%D8%A8%D9%88%D8%AA-%D8%AD%D8%AF%DB%8C%D8%AB-%D8%B3%DB%92-
میرا مسلک دیوبندی ہے اور میں پوچھنا چاہ رہاہوں کہ سیاست میں حصہ لینا اسلام میں جائز ہے؟ کیا میں مولانا فضل الرحمٰن صاحب کی پارٹی میں شمولیت اختیار کرسکتاہوں؟,سیاست اسلام کا ایک بنیادی شعبہ ہے اور اس میں حصہ لینا تمام اہلِ اسلام کے لیے عام حالات میں یہ بھی ایک فرض کفایہ ہے اور اسلامی طرز پر سیاست کرنے اور اس فریضہ کو ادا کرنے کیلیے بعض علماء تحریکی سیاست کے میدان میں مصروف عمل ہیں، مگر آج کل سیاست میں عموماً جھوٹ، غلط بیانی، الزام تراشی، کردار کشی، دھوکہ دہی جیسے کئی ایک بڑے اور سنگین گناہوں کا ارتکاب کیا جاتاہے، اس لیے کوئی عالم یا غیر عالم ان اُمور کی اصلاح وسیاست اسلامیہ کو پروان چڑھانے کی غرض سے سیاسی میدان میں اُترے یا کسی جماعت میں شامل ہو تو اس کا یہ عمل بلا شبہ جائز اور مستحسن شمار ہوگا۔ واللہ اعلم!,معاملات,حکومت و سیاست,11695,2020-10-26,https://www.onlinefatawa.com/view_fatwa_unicode/11695/%D8%B3%DB%8C%D8%A7%D8%B3%D8%AA-%D9%85%DB%8C%DA%BA-%D8%AD%D8%B5%DB%81-%D9%84%DB%8C%D9%86%D8%A7
برائے مہربانی دلائل کے ساتھ ہاں یا نہ  میں جواب دیں،کیا یہ قطعی عقیدہ ہے کہ صرف اللہ تعالی کو ہی قیامت کے دن کا علم ہے اور اللہ تعالی نے یہ علم کسی کو نہیں دیا۔,جی ہاں! قیامت کے دن کا علم صرف اللہ تعالی کو ہے اور اللہ تعالی کے سوا کسی کو یہ معلوم نہیں کہ قیامت کب آئے گی،یہی قطعی عقیدہ ہے،ذیل میں  آیاتِ کریمہ اور حدیث جبرئیل ملاحظہ ہو!,عقائد,قیامت و آخرت,7180,,https://www.onlinefatawa.com/view_fatwa_unicode/7180/%D8%B5%D8%B1%D9%81-%D8%A7%D9%84%D9%84%DB%81-%D8%AA%D8%B9%D8%A7%D9%84%DB%8C-%DB%81%DB%8C-%DA%A9%D9%88-%D9%82%DB%8C%D8%A7%D9%85%D8%AA-%DA%A9%DB%92-%D8%AF%D9%86-%DA%A9%D8%A7-%D8%B9%D9%84%D9%85-%DB%81%DB%92-%D8%9F
دجال کب  پیدا ہو گا ؟ اخبارات میں دجال کی  جو تصویر شائع ہوئی ہے کیا وہ حقیقت ہے ؟ نیز یہ بتا ئیں کہ دجال بچہ پیدا ہوگا یا یہ شخص ظاہر ہو گا؟,احادیث مبارکہ کی رو سے دجال کا ظہور ہو گا نہ کہ پیدائش ، اس لئے اخبارات کی فرضی تصاویر کا اعتبار نہیں۔,عقائد,قیامت و آخرت,7210,2009-09-07,https://www.onlinefatawa.com/view_fatwa_unicode/7210/%D8%AF%D8%AC%D8%A7%D9%84-%DA%A9%D8%A8-%D9%BE%DB%8C%D8%AF%D8%A7-%DB%81%D9%88%DA%AF%D8%A7-%D8%9F
کیا فرماتے ہیں علماء ِکرام و مفتیانِ عظام اس مسئلہ کے بارے میں کہ ایک حدیث کی تحقیق کرنی ہے وہ حدیث یہ ہے کہ حضور اقدسﷺ اور آپ کے صحابہ کرام بیٹھے شہد کھا رہے تھے کہ اچانک شہد سے بال نکل آیا، اس پر آپﷺ نے ارشاد فرمایا کہ تم اسلام کے متعلق کوئی مثال پیش کرو تو ایک صحابی رضی اللہ کھڑے ہوئے اور ارشاد فرمایا کہ اسلام شہد سے بھی زیادہ میٹھا ہے، اس سے آگے حدیث معلوم نہیں؟ آپ سے معلوم یہ کرنا ہے کیا یہ حدیث کتبِ حدیث میں صحیح ہے یا نہیں؟ اگر صحیح ہے تو پوری حدیث مبارک کیا ہے؟ جواب دے کر عند اللہ ماجور ہوں۔,باوجود تتبع و تلاش کے یہ حدیث مبارک ہماری نظر سے نہیں گزری، اس لیے سائل کو چاہیے کہ مزید تحقیق کے لیے کسی اور دارالا فتاء سے بھی رجوع کرلے۔,قرآن و حدیث,تحقیق و تخریج حدیث,60887,2009-05-22,https://www.onlinefatawa.com/view_fatwa_unicode/60887/%D8%B4%DB%81%D8%AF-%D9%85%DB%8C%DA%BA-%D8%A8%D8%A7%D9%84-%D9%86%DA%A9%D9%84%D9%86%DB%92-%D8%B3%DB%92-%D9%85%D8%AA%D8%B9%D9%84%D9%82-%D8%B1%D9%88%D8%A7%DB%8C%D8%AA-%DA%A9%DB%8C-%D8%AA%D8%AD%D9%82%DB%8C%D9%82
"محترم علماءِ کرام! السلام علیکم! براہِ کرم وضاحت فرمائیں، دورانِ طواف رکنِ یمانی سے حجرِ اسود کے درمیان"" ربنا آتنا""والی دعا کے بعد ایک اور دعا   اکثر کتابوں میں موجود ہے "" وادخلنا الجنۃ  مع الابرار بر حمتک  یا عزیزیا غفار یا رب العالمین"" کیا اتنا اضافہ کسی حدیث سے ثابت ہے یا کسی بھی موقع پر رسول الله  صلی اللہ علیہ و سلم  سے اس دعا کا مانگنا ثابت ہے؟ حوالے کے ساتھ تحریر فرمائیں ۔","تلاشِ بسیار کے باوجود دعا کے مذکور الفاظ "" وادخلنا الجنة مع الأبرار برحمتك یا عزيز یا غفار يا رب العالمین"" احادیثِ مبارکہ کی مستند کتب میں نہیں مل سکے، لیکن یہ کلمات چونکہ معنیٰ کے اعتبار سے درست ہیں، اس لئے   مذکور دعا کے آخر میں یہ کلمات بڑھانے میں شرعاً کوئی حرج نہیں، تاہم بہتریہ ہے کہ نبی کریم صلی اللہ علیہ وسلم سے منقول دعائیہ کلمات پر اکتفا کیا جائے۔",قرآن و حدیث,تحقیق و تخریج حدیث,62778,2023-03-09,https://www.onlinefatawa.com/view_fatwa_unicode/62778/%D8%B1%DA%A9%D9%86%D9%90-%DB%8C%D9%85%D8%A7%D9%86%DB%8C-%D8%A7%D9%88%D8%B1%D8%AD%D8%AC%D8%B1%D9%90-%D8%A7%D8%B3%D9%88%D8%AF-%DA%A9%DB%92-%D8%AF%D8%B1%D9%85%DB%8C%D8%A7%D9%86-%D9%BE%DA%91%DA%BE%DB%8C-%D8%AC%D8%A7%D9%86%DB%92-%D9%88%D8%A7%D9%84%DB%8C-%D8%AF%D8%B9%D8%A7-%D9%85%DB%8C%DA%BA--%D8%A7%D8%B6%D8%A7%D9%81%DB%8C-%DA%A9%D9%84%D9%85%D8%A7%D8%AA--%DA%A9%DB%8C-%D8%AA%D8%AD%D9%82%DB%8C%D9%82
میرا سوال اس حدیث سے متعلق ہے «الْمَرْأَةُ إِذَا صَلَّتْ خَمْسَهَا  وَصَامَتْ شَهْرَهَا وَأَحْصَنَتْ فَرْجَهَا وَأَطَاعَتْ بَعْلَهَا فَلْتَدْخُلْ مِنْ أَيِّ أَبْوَابِ الْجَنَّةِ شَاءَتْ» . خاص طور پر ( واحصنت فرجَها ) کیا ان میں وہ بھی شامل ہو سکتی ہے جس کا ماضی کچھ گناہوں میں رہا ہو،  لکن اس کی نیت توبہ کی ہو، تھوڑا واضح کر دیں کہ کون سی عورتیں اس میں شامل نہیں؟,کسی عورت کا غیر شرعی کاموں کا ارتکاب کرنا تو جائز نہیں ہے، جس کی وجہ سے وہ گناہ گار ہوگی،البتہ اگر کوئی گناہ گار بندہ گناہ کرنے کے بعد توبہ تائب ہوجاتا ہے تو چونکہ احادیث مبارکہ کی رو سے اس کے وہ گناہ معاف ہو جاتے ہیں اور وہ ایسا ہوتا ہے گویا اس نے وہ گناہ کئے ہی نہیں،اس لئے اگر کوئی عورت ناجائز اور گناہ کے کاموں میں مبتلا تھی، لیکن شادی کے بعد وہ صدق دل سے اللہ تعالیٰ کے حضور توبہ تائب ہو جائے تو اللہ تعالیٰ کی ذات عالی سے یہی امید ہے کہ وہ بھی سوال میں مذکور حدیث مبارک کی مصداق ہوگی۔,قرآن و حدیث,تحقیق و تخریج حدیث,64872,2023-05-28,https://www.onlinefatawa.com/view_fatwa_unicode/64872/%D9%88%D8%A7%D8%AD%D8%B5%D9%86%D8%AA-%D9%81%D8%B1%D8%AC%DB%81%D8%A7-%D8%A7%D9%84%D8%AE-%D8%AD%D8%AF%DB%8C%D8%AB-%DA%A9%DB%8C-%D9%85%D8%B5%D8%AF%D8%A7%D9%82-%D9%85%DB%8C%DA%BA-%DA%AF%D9%86%D8%A7%DB%81-%DA%AF%D8%A7%D8%B1-%D8%B9%D9%88%D8%B1%D8%AA-%D8%B4%D8%A7%D9%85%D9%84-%DB%81%D9%88-%DA%AF%DB%8C%D8%9F
ایک عورت جس کی عمر اٹھائیس سال ہے، ڈنمارک میں رہتی ہے، اور لاء پڑھ رہی ہے ،وہ حجاب پہنتی ہے، نقاب نہیں پہنتی باعزت خاتون ہے، اب اسکو لیڈی جج اور نائب حج بننے کا موقع ملا ہے، مسئلہ یہ ہیکہ اس کو یہ موقع قبول کرنا چاہیے؟ وہ ڈینش قانون کے مطابق فیصلہ کریں گے ،جہاں تک مجھے معلوم ہے عورت قاضی نہیں بن سکتی، لیکن اگر وہ ڈینش قانون کے مطابق فیصلہ کرے گی ،کیا وہ شرعی قانون کے حدود کے اندر ہوگا ؟ نیز اگر اس کو اس طرح بڑے پیمانے پر دیکھا جائے ،تو کیا مسلمانوں کے لیے ضروری نہیں کہ وہ یورپ کے اندر مختلف کاموں میں بڑے عہدے حاصل کریں ؟,اگر اس کے عہدہ کا تعلق عورتوں کے مسائل دیکھنا اور ان سے متعلق فیصلے کرنا ہو، اور مردوں سے اختلاط بھی نہ ہوتا ہو تو اس صورت میں مذکور عہدے پر فائز ہونے کی شرعا ًبھی گنجائش ہے، ورنہ اس سے احتراز چاہیئے ۔,معاملات,حکومت و سیاست,11700,,https://www.onlinefatawa.com/view_fatwa_unicode/11700/%DA%A9%DB%8C%D8%A7-%D8%B9%D9%88%D8%B1%D8%AA-%D8%8C%D8%AC%D8%AC-%D8%A8%D9%86-%D8%B3%DA%A9%D8%AA%DB%8C-%DB%81%DB%92-%D8%9F
السلام علیکم ورحمۃ اللہ وبرکاتہ! مفتی صاحب! میرا سوال موجودہ نظامِ حکومت کے بارے میں ہے، کیا جمہوریت حرام اور کفر کا نظام ہے، دوسری بات ’’حزب التحریر‘‘ نام کی ایک سیاسی جماعت ہے جو خلافت کی قیام کی محنت کر رہی ہے وہ کہتے ہیں کہ یہ مسائل کا حل خلافت کا قیام ہے ان کے بارے میں ہمارے علمائے کرام کیا فرماتے ہیں؟ ذرا تفصیل سے جواب دیں۔,جمہوریت کا لفظ اکثریتی پارٹی کی حکومت کے لیے مستعمل ہے اور یہ عموماً بطور لاحقہ استعمال ہوتاہے اور فی نفسہٖ اس پر کوئی حکم نہیں لگ سکتا، البتہ سابقہ ملاکر اسپر حکم لگے گا، اب اگر سابقہ مغربی ہو تو یہ مغربی جمہوریت شریعت سے متصادم ہے اور اسلامی ہو تو اسلامی جمہوریت کہلائے گی جو مسلمانوں کی اسلام پر مبنی نظریات والی اکثریتی جماعت کا نام ہوگا اور اس کے جائز ہونے میں کسی مسلمان کو شبہ نہیں ہونا چاہیے، اس لیے مطلقاً جمہوریت کا نام سن کر اس پر کفر اور حرمت کا حکم لگادینا، درست نہیں، جبکہ ’’حزب التحریری‘‘ جماعت کا بانی کون ہے؟ اس کے نظریات اور مقاصد کیا ہیں؟ اور خلافت سے ان کی کیا مراد ہے؟ ان تنقیحات کا جواب لکھ کر بھیج دیا جائے تو اس کے حکمِ شرعی پر بھی غور کیا جاسکتاہے۔ واللہ اعلم بالصواب!,معاملات,حکومت و سیاست,11904,2020-10-26,https://www.onlinefatawa.com/view_fatwa_unicode/11904/%D8%AC%D9%85%DB%81%D9%88%D8%B1%DB%8C%D8%AA-%DA%A9%D8%A7-%D8%AD%DA%A9%D9%85
میں ابو ظہبی میں اپنا ٹرک چلاتا ہوں، کافی دنوں سے کام نہیں ہے، تین دن سے ڈیزل خریدتا ہوں اور بیچتا ہوں جبکہ حکومت کی طرف سے ڈیزل بیچنا منع ہے، کیا ایسا کرنا جائز ہے؟,سائل کا مذکور کاروباری مشغلہ اگرچہ فی نفسہٖ جائز اور اس کی آمدنی حلال ہے تاہم غیر قانونی ہونے کی بناء پر اس سے احتراز اور کوئی دوسرا ایسا کام اختیار کرنے کی ضرورت ہے جس کی قانوناً بھی اجازت ہو۔,معاملات,حکومت و سیاست,15063,,https://www.onlinefatawa.com/view_fatwa_unicode/15063/%D8%AD%DA%A9%D9%88%D9%85%D8%AA%DB%8C-%D9%82%D9%88%D8%A7%D9%86%DB%8C%D9%86-%DA%A9%DB%8C-%D8%AE%D9%84%D8%A7%D9%81-%D9%88%D8%B1%D8%B2%DB%8C-%DA%A9%D8%B1%DA%A9%DB%92--%DA%A9%D8%A7%D8%B1%D9%88%D8%A8%D8%A7%D8%B1-%DA%A9%D8%B1%D9%86%DB%92-%DA%A9%D8%A7-%D8%AD%DA%A9%D9%85
السلام علیکم! مفتی صاحب برزخ کسے کہتے ہیں؟ مکمل تعریف بتائیں مہربانی ہوگی۔,’’برزخ کے لفظی معنیٰ حاجز اور فاصل کے ہیں، دو حالتوں یا دو چیزوں کے درمیان جو چیز فاصل ہو اس کو برزخ کہتے ہیں، اسی لیے موت کے بعد قیامت اور حشر تک کے زمانے کو برزخ کہا جاتا ہے، کہ یہ دنیاوی حیات اور آخرت کی حیات کےد رمیان حدِّ فاصل ہے‘‘۔ (بحوالہ تفسیر معارف القرآن از مفتی اعظم پاکستانؒ: جلد۶، ص۳۳۱) واللہ الموفق,عقائد,قیامت و آخرت,8810,2020-10-26,https://www.onlinefatawa.com/view_fatwa_unicode/8810/%D8%A8%D8%B1%D8%B2%D8%AE-%DA%A9%D8%B3%DB%92-%DA%A9%DB%81%D8%AA%DB%92-%DB%81%DB%8C%DA%BA%D8%9F
کیا فرماتے ہیں علماءِ کرام و مفتیانِ عظام اس مسئلہ کے بارے میں کہ کیا کوئی بندہ زندگی میں اپنی قبر کی جگہ خرید سکتا ہے یا نہیں؟ میرے دوست کے ابو نے اپنے تمام گھر والوں کی قبرستان میں قبرکی جگہ خریدی ہے، کیا ایسا کرنا جائز ہے؟,جی ہاں! اپنی زندگی میں قبر کی جگہ خریدنا بلاشبہ جائز اور درست ہے۔,عقائد,قیامت و آخرت,9482,2020-10-26,https://www.onlinefatawa.com/view_fatwa_unicode/9482/%D8%B2%D9%86%D8%AF%DA%AF%DB%8C-%D9%85%DB%8C%DA%BA-%D9%82%D8%A8%D8%B1-%DA%A9%DB%92-%D9%84%DB%8C%DB%92-%D8%AC%DA%AF%DB%81-%D8%AE%D8%B1%DB%8C%D8%AF%D9%86%D8%A7
میرا سوال یہ ہے کہ غالب گمان ہے ،میرا تعلق مراثی ذات سے ہے ، ہمارے دادا نے انڈیا سے ہجرت کی، ہم نے جن لوگوں سے رشتہ داری کی ،ان کو بھی یہی بتایا کہ ہماری ذات یہ ہے ،ہمارے ایک چچا کے علاوہ تمام پھوپھیوں کی اور تایا کی شادی بھی ہمارے دادا نے اس ذات میں کی ہم لوگ خود کو باہر معاشرے میں راجپوت بتاتے ہیں، جبکہ پرانے کاغذات دیکھے ،تو ہم لوگ لودھی کہلواتے تھے، اور ہمارے باقی عزیز کوئی شیخ میر، قریشی، ہاشمی کہلواتا ہے، مسئلہ یہ ہے کہ ہمیں ہمارا شجرہ نہیں ملتا، اپنی رشتہ داروں کو دیکھ کر غالب گمان ہے کہ ہم مراثی ذات سے ہیں، مگر کبھی بھی کہیں بھی ہم نے اپنے باپ دادا کے نام تبدیل کر کے کہیں نا لکھوائے ،نا بتائے کہ نام احمد تھا، ہم نے علی بتا دیا ایسا کبھی نہیں کیا،یہ یقین ہے کہ راجپوت نہیں ، معاشرے کو دیکھتے ہوئے اتنی ہمت حوصلہ نہیں کہ اعلانیہ طور پر اپنی ذات کا کہہ سکیں  ، کیونکہ معاشرے میں بچوں اور بچیوں کو لوگ حقیر الفاظ اور نظروں سے دیکھیں گے،اور ساتھی کولیگ ذلیل و رسوا کریں گے میں نے  ایک حدیث دیکھی ہے کہ  جس نے اپنی ذات بدلی اس نے  کفر  کیا ۔ برائے  مہربانی کوئی مناسب حل بتائیں جو دین دنیا آخرت کے لحاظ سے مناسب ہو۔,واضح ہو کہ دانستہ طور پر اپنی قوم و خاندان کے علاوہ کسی دوسری قوم و خاندان کی طرف اپنی نسبت کر ناشر عاًنا جائز و حرام ہے، جس پر احادیثِ مبارکہ میں سخت وعیدیں وارد ہوئی ہیں، لہذا سائل کو جب اپنے آباء واجداد کے ذریعے معلوم ہوا ہے، اور غالب گمان بھی یہی ہے کہ سائل کا تعلق میراثی ذات سے ہے ،تو سائل کے لئے محض معاشرے کے ڈر سے اپنی نسبت راجپوت خاندان کی طرف کرنا شرعاً جائز نہیں ، البتہ معاشرے کی برائی اور شرمندگی سے بچنا مقصود ہو تو میراثی خاندان سے تعلق ہونے کا لوگوں کو علی الاعلان نہ بتایا جائے، کوئی اگر زیادہ پوچھے تو بتادیا جائے کہ خاندان کا شجرہ محفوظ نہیں ہے۔,قرآن و حدیث,تحقیق و تخریج حدیث,65045,,https://www.onlinefatawa.com/view_fatwa_unicode/65045/%D8%AD%D8%AF%DB%8C%D8%AB-%D9%85%DB%8C%DA%BA-%D8%B0%D8%A7%D8%AA-%D8%A8%D8%AF%D9%84%D9%86%DB%92-%D8%B3%DB%92-%DA%A9%DB%8C%D8%A7-%D9%85%D8%B1%D8%A7%D8%AF-%DB%81%DB%92%D8%9F
اس حدیث کی سند کیا ہے؟ ’’حضورﷺ نے فرمایا کہ میری امت کی عمر ساٹھ اور ستر کے درمیان ہے، اور بہت کم ہی لوگ اس عمر کو پورا کر سکتے ہیں‘‘ اس حدیث کو کس نے بیان کیا ہے کس کے حوالے سے ؟اس حدیث کا کیا مطلب ہے؟,اس روایت کو ’’امام ترمذی‘‘ نے اپنی کتاب ’’سنن الترمذی‘‘ میں نقل فرمایا ہے اور علماء ومحدثین کے نزدیک اس کی سند جید اور صحیح ہے، جبکہ اس حدیث کا مطلب یہ ہے کہ امتِ محمدیہ کے اکثر افراد کی عمریں غالباً  ۶۰ یا ۷۰ سال کےدرمیان ہونگی اور ذیل میں وہ حدیث بھی پیش کی جا رہی ہے۔ اس کے بعد واضح ہو کہ سائل اگر کسی قسم کا مقالہ اور مضمون نگاری کرتا ہے تو اسے خود تحقیق کرنا لازم ہے البتہ اگر کسی واقعی مسئلہ میں شرعی راہ نمائی مطلوب ہو تو اس ای میل کا جواب دیا جائےگا، ورنہ نہیں۔,قرآن و حدیث,تحقیق و تخریج حدیث,65415,2008-04-17,https://www.onlinefatawa.com/view_fatwa_unicode/65415/%D8%A7%D9%85%D8%AA%D9%90-%D9%85%D8%AD%D9%85%D8%AF%DB%8C%DB%81-%DA%A9%DB%8C-%D8%A7%D9%88%D8%B3%D8%B7-%D8%B9%D9%85%D8%B1-%D8%B3%DB%92-%D9%85%D8%AA%D8%B9%D9%84%D9%82-%D8%B1%D9%88%D8%A7%DB%8C%D8%AA-%DA%A9%DB%8C-%D8%AA%D8%AD%D9%82%DB%8C%D9%82
کوئٹہ میں منافق یا کفار ہماری صفوں میں گھس کر ہمیں مار رہے ہیں، جیسے کوئٹہ تبلیغی مرکز پر حملہ مدرسہ کے باہر حملہ اور بہت سے علماء کو شہید کرنا، اب ایک مسلمان کے ذمہ کیا فرض ہےان حالات میں ؟ یہ مسئلہ ایک تبلیغی عالم کے پاس لیکر گیا ان کا بھی سادہ سا جواب تھاکہ کچھ نہیں،ان حالات میں مسلمانوں کو کوئی تدبیر نہیں کرنی چاہیئے، ان باطل قوتوں کے مقابلہ کرنے کے لئے۔,ایسے حالات میں مسلمانوں کو باہم اخوت وہمدردی، ایک دوسرے کی خیر خواہی کا جذبہ رکھنے کیساتھ ساتھ دشمنانِ اسلام والمسلمین اور منافقین پر کڑی نظر رکھنے کی اشد ضرورت ہے، اور جونہی ایسے بدخواہ وبد کردار افراد کی کسی سازش کا علم ہوجائے تو اجتماعی صورت میں ان کے خلاف قانونی چارہ جوئی کریں، تاکہ حکومتی ارکان اور قانون نافذ کرنے والے ادارے ان کے خلاف مضبوط قدم اٹھانے پر مجبور ہوں، اور مسلم معاشرہ ایسے فسادات سے پاک ہوسکے۔,معاملات,حکومت و سیاست,15787,,https://www.onlinefatawa.com/view_fatwa_unicode/15787/%D8%AC%D9%88-%DA%A9%D9%81%D8%A7%D8%B1-%D9%88-%D9%85%D9%86%D8%A7%D9%81%D9%82%DB%8C%D9%86-%D9%85%D8%B3%D9%84%D9%85%D8%A7%D9%86%D9%88%DA%BA-%DA%A9%DB%8C-%D8%B5%D9%81%D9%88%DA%BA-%D9%85%DB%8C%DA%BA-%DB%81%DB%8C%DA%BA-%D8%A7%D9%86%DA%A9%D8%A7-%D8%AD%DA%A9%D9%85
السلام علیکم! ایک رسالہ( جس کا نام ’’ابانہ ‘‘ہے )شمارہ ۳اپریل ۹۶ صفحہ نمبر۳۹ پر علماء کا حوالہ دیتا ہےکہ بدیع الدین کا دعویٰ ہے کہ امام ابوحنیفہ  اور امام شیبانی ترجیح دیتے تھے گیارہ رکعت کواور امام محمد جو امام ابوحنیفہؒ کے شاگرد تھے، اپنی مؤطا میں کہتے ہیں کہ امام ابوحنیفہ کا مذہب گیارہ رکعت ادا کرنا تھا، اس کے لۓ امام محمد نے مؤطا میں ایک باب کا اضافہ کیا (صفحہ نمبر ۱۱۰) میں بیان فرمایا ہے، ’’با ب رمضان کے ماہ میں رات کی نماز قائم کرنا اور اس کے فضائل‘‘ اس باب میں انہوں نے چار حدیث بیان کیں، پہلی ، تیسری اور چوتھی حدیث کوئی مخصوص تعداد تراویح کی بیان نہیں کرتی ہیں ، وہ اس جماعت قائم کرنے اور رات کی نماز رمضان میں قائم کرنے کے فضائل بیان کرتی ہیں، جبکہ دوسری حدیث میں گیارہ رکعت کا ذکر ہے۔ پھر امام محمد  کہتے ہیں  ’’اور ہم یہ کرتے ہیں‘‘۔  (صفحہ نمبر۱۱),واضح ہو کہ رمضان میں تراویح کی نماز بیس رکعت ہے، اس پر تمام صحابہ کرام رضوان اللہ تعالیٰ اجمعین، محدثین، ائمۂ اربعہ رحمہم اللہ تعالیٰ اور جمہور علماءِ کرام کا اتفاق واجماع ہے، احادیث کی بہت ساری کتابوں میں بیس رکعت تراویح کے متعلق صریح احادیث موجود ہیں، جبکہ گیارہ رکعت تراویح کے متعلق کوئی صریح روایت موجود نہیں ہے، جو روایت بخاری شریف ، مؤطا امام محمد وغیرہ میں ہے، وہ تراویح کے متعلق نہیں، بلکہ وہ تہجد اور وتر کے متعلق ہے، امام محمد بخاری اور امام محمد رحمہما اللہ تعالیٰ وغیرہ ائمۂ محدثین نے اسے ’’صلوٰۃ اللیل‘‘ یا مطلقاً ’’قیامِ رمضان‘‘ کے باب میں ذکر کیا ہے، جبکہ امام محمدؒ کا یہ جملہ ’’وبھذا ناخذ کلہ‘‘ (اور ہم یہ کرتے ہیں) حضرت اُبی بن کعب رضی اللہ عنہ کی باجماعت تراویح والی روایت سے متعلق ہے، اس کو آٹھ رکعت تراویح کے ساتھ جوڑنا بہت بڑی غلط فہمی ہے۔ اگر بالفرض مذکور فی السؤال کو تراویح کے متعلق مان لیا جائے تو یہ لازم آئےگا کہ رسول اللہ ﷺ پورے سال تراویح کی نماز پڑھتے تھے، اور وہ بھی کبھی چار، کبھی آٹھ، کبھی بارہ اور کبھی سولہ اور یہ دعویٰ غیر معقول ہونے کی ساتھ ساتھ غیر شرعی بھی ہے، کیونکہ حضرت عائشہ رضی اللہ تعالیٰ عنہا سے ہی صحیح روایات کے مطابق، آٹھ رکعت سے کم وبیش رکعات تہجد پڑھنا ثابت ہے، اس لۓ اس قسم کے دعویٰ سے احتراز لازم ہے۔,قرآن و حدیث,تحقیق و تخریج حدیث,65416,2008-12-15,https://www.onlinefatawa.com/view_fatwa_unicode/65416/%D9%85%D8%A4%D8%B7%D8%A7-%D8%A7%D9%85%D8%A7%D9%85-%D9%85%D8%AD%D9%85%D8%AF-%D9%85%DB%8C%DA%BA-%DA%AF%DB%8C%D8%A7%D8%B1%DB%81-%D8%B1%DA%A9%D8%B9%D8%A7%D8%AA-%D8%AA%D8%B1%D8%A7%D9%88%DB%8C%D8%AD-%D9%88%D8%A7%D9%84%DB%8C-%D8%B1%D9%88%D8%A7%DB%8C%D8%AA-%DA%A9%DB%8C-%D8%AA%D8%AD%D9%82%DB%8C%D9%82
السلام علیکم کیا کوئی تاجر مسلم ملک کا سربراہ یا حکومتی عہدے پر فائز ہو سکتا ہے؟ اس بارے میں شریعت کیا کہتی ہے؟ کیونکہ میں نے سنا ہے کہ اسلام میں اس کی ممانعت وارد ہوئی ہے؟,اگر کسی تاجر میں حکومتی عہدے اور منصب سنبھالنے کی اہلیت اور صلاحیت ہو تو بلاشبہ وہ مسلم ملک کا سربراہ بھی بن سکتا ہے تاہم سوال کا منشاء اگر کچھ اور ہو تو اس کی وضاحت کر کے دوبارہ حکم شرعی معلوم کیا جاسکتا ہے۔,معاملات,حکومت و سیاست,16662,,https://www.onlinefatawa.com/view_fatwa_unicode/16662/-%DA%A9%DB%8C%D8%A7-%DA%A9%D9%88%D8%A6%DB%8C-%D8%AA%D8%A7%D8%AC%D8%B1-%D9%85%D8%B3%D9%84%D9%85-%D9%85%D9%84%DA%A9-%DA%A9%D8%A7-%D8%B3%D8%B1%D8%A8%D8%B1%D8%A7%DB%81-%D8%A8%D9%86-%D8%B3%DA%A9%D8%AA%D8%A7-%DB%81%DB%92%D8%9F
السلام علیکم! آپ کی خدمت میں ایک سوال عرض ہے کہ ہم کچھ نوجوانوں کے ذہن میں یہ سوال ہے کہ میرے ناقص علم کے مطابق حدیث شریف کو قرآن مجید سے مربوط کرتے ہیں، قیامت کی نشانیاں قرآن میں جگہ جگہ ہیں، لیکن امام مہدی کا ذکر قرآنِ مجید میں کہیں نہیں ہے، مہربانی فرماکر اس کا حوالہ دیں، اس سے ہماری اصلاح ہوسکے گی۔,قرآنِ کریم میں بہت ساری چیزوں، بلکہ فرائضِ شریعت کا تذکرہ ہے، مگر اس کی تفصیلات نہیں، وہ احادیثِ مبارکہ میں موجود ہیں، اسی طرح قیامت کا عقیدہ اور اسکی ضروری باتیں، قرآن میں مذکور ہیں، جبکہ تفصیلی نشانیاں اور علامات احادیثِ مبارکہ میں پائی جاتی ہیں، جن میں سے ایک ظہورِ مہدی بھی ہے، جس کے بارے میں چند حدیثیں ذکر کی جاتی ہیں، ملاحظہ ہوں: في سنن ٲبي داؤد: عن أبي سعيد الخدري، قال: قال رسول الله صلى الله عليه وسلم: «المهدي مني، أجلى الجبهة، أقنى الأنف، يملأ الأرض قسطا وعدلا، كما ملئت جورا وظلما، يملك سبع سنين» اھ (۲/۲۴۰)۔ وفیه ٲیضا: عن أم سلمة، قالت: سمعت رسول الله صلى الله عليه وسلم يقول: «المهدي من عترتي، من ولد فاطمة» ۔الحدیث اھ (۲/۲۴۰)۔ وفیه ٲیضا: عن زر، عن عبد الله، عن النبي صلى الله عليه وسلم قال: «لو لم يبق من الدنيا إلا يوم» - قال زائدة في حديثه: «لطول الله ذلك اليوم»، ثم اتفقوا - «حتى يبعث فيه رجلا مني» - أو «من أهل بيتي» - يواطئ اسمه اسمي، واسم أبيه اسم أبي اھ (۲/۲۳۹)۔ وفیه ٲیضا: عن علي، رضي الله عنه، عن النبي صلى الله عليه وسلم قال: «لو لم يبق من الدهر إلا يوم، لبعث الله رجلا من أهل بيتي، يملؤها عدلا كما ملئت جورا» اھ (۲/۲۳۹)۔ گویا کہ احادیثِ مبارکہ قرآن کی تفصیل وتشریح ہے، اس لیے کسی چیز کے قرآنِ کریم میں نہ پائے جانے اور احادیث مبارکہ میں موجودگی کی وجہ سے شک میں پڑنا اور معترض ہونا، ناواقفیت پر مبنی ہے، ورنہ قرآنِ کریم میں نماز کی رکعات، حج کے مناسک اور زکوٰۃ کی تفصیلات اور بہت سے جانور مثلاً ہاتھی، مکھی، مچھر وغیرہ کی حلت وحرمت کا بھی تذکرہ نہیں، اس کا بھی انکار لازم آئے گا۔,عقائد,قیامت و آخرت,10825,2020-10-26,https://www.onlinefatawa.com/view_fatwa_unicode/10825/%D9%82%DB%8C%D8%A7%D9%85%D8%AA-%DA%A9%DB%8C-%D9%86%D8%B4%D8%A7%D9%86%DB%8C%D9%88%DA%BA-%D9%85%DB%8C%DA%BA-%D8%B3%DB%92-%D8%A7%D9%85%D8%A7%D9%85-%D9%85%DB%81%D8%AF%DB%8C-%DA%A9%D8%A7-%D8%B0%DA%A9%D8%B1-%D9%82%D8%B1%D8%A7%D9%93%D9%86-%D9%85%DB%8C%DA%BA-%DA%A9%DB%81%DB%8C-%D9%86%DB%81%DB%8C%DA%BA
السلام علیکم! جناب مجھے یہ پوچھنا ہے کہ قیامت کے دن اولاد اپنے باپ کے نام سے پکاری جائے گی یا ماں کے؟,جی ہاں! درج ذیل حدیثِ مبارکہ سے بخوبی معلوم ہوتاہے کہ بروزِ قیامت لوگوں کو اُن کے والد کی طرف منسوب کرکے پکارا جائے گا۔,عقائد,قیامت و آخرت,12091,2020-10-26,https://www.onlinefatawa.com/view_fatwa_unicode/12091/-%D9%82%DB%8C%D8%A7%D9%85%D8%AA-%DA%A9%DB%92-%D8%AF%D9%86-%D8%A7%D9%88%D9%84%D8%A7%D8%AF-%D8%A7%D9%BE%D9%86%DB%92-%D8%A8%D8%A7%D9%BE-%DA%A9%DB%92-%D9%86%D8%A7%D9%85-%D8%B3%DB%92-%D9%BE%DA%A9%D8%A7%D8%B1%DB%8C-%D8%AC%D8%A7%D8%A6%DB%92-%DA%AF%DB%8C-%DB%8C%D8%A7-%D9%85%D8%A7%DA%BA-%DA%A9%DB%92%D8%9F
السلام علیکم! عبد المطلب جو کہ آپ ﷺ کے دادا ہیں اور ابو طالب جو کہ آپ ﷺ کے چچا ہیں، ان کے ساتھ آخرت میں کیا معاملہ کیا جائے گا؟ کیوں کہ وہ دونوں غیر مسلم تھے، کیا ان کے ساتھ دوسرے غیر مسلموں جیسا معاملہ کیا جائے گا ؟,ابو طالب سے متعلق مُعَذَّب ہونے اور ان کے عذاب میں تخفیف کا احادیثِ مبارکہ میں صراحۃً تذکرہ ملتا ہے، جبکہ عبد المطلب اہلِ فترہ میں سے ہے اور ان کے بارے میں سکوت اسلم ہے۔,عقائد,قیامت و آخرت,12469,2020-10-26,https://www.onlinefatawa.com/view_fatwa_unicode/12469/%D8%B9%D8%A8%D8%AF-%D8%A7%D9%84%D9%85%D8%B7%D9%84%D8%A8-%D8%A7%D9%88%D8%B1-%D8%A7%D8%A8%D9%88-%D8%B7%D8%A7%D9%84%D8%A8-%DA%A9%D8%A7-%D8%A7%D8%AE%D8%B1%D9%88%DB%8C-%D8%AD%D8%B4%D8%B1
ترجمہ: میری آنکھ فجر میں نہیں کھلتی  یا دیر سے کھلتی ہے ، اس حوالے سے ایک حدیث کا مفہوم سنا تھا کہ نیند کی وجہ سے نماز رہ جائے تو جب آنکھ کھلے تو اس کا وہی وقت ہے ، تو کیا فجر میں صبح 9 بجے آنکھ کھلے تو اسی وقت  ادا ہوجائے گا ؟ کوئی مواخذہ یا سوال نہیں ہوگا؟,صورتِ مسئولہ میں سائل کے لئے غفلت اور لاپرواہی کی وجہ سے فجر کی نماز قضاء کرنا تو جائز نہیں  جس سے سائل کو اجتناب اور بر وقت نماز کی ادائیگی کا اہتمام کرنا چاہئیے ، تاہم سا ئل کا رات کو بروقت سونے کے باوجود بھی اگر آنکھ نہ کھل سکے تو اس پر مواخذہ نہ ہوگا ، اور پھر جس وقت آنکھ کھل جائے ، اس وقت قضاء نماز کی ادائیگی کا اہتمام کرنا چاہیئے ، لیکن مستقل طور پر اس کا معمول بنالینا چونکہ عموما سستی،غفلت اورلاپرواہی کی وجہ سے ہوتا ہے ، اس لئے نمازِ فجر کے لئے بروقت اٹھنے اورسستی و غفلت کو زائل کرنے کی کوشش کرنی چاہئیے۔,قرآن و حدیث,تحقیق و تخریج حدیث,66782,0000-00-00,https://www.onlinefatawa.com/view_fatwa_unicode/66782/%D9%81%D8%AC%D8%B1-%DA%A9%DB%8C-%D9%86%D9%85%D8%A7%D8%B2-%D9%85%DB%8C%DA%BA-%D8%A2%D9%86%DA%A9%DA%BE-%D9%86%DB%81-%DA%A9%DA%BE%D9%84%D9%86%DB%92-%DA%A9%DB%92-%D9%85%D8%AA%D8%B9%D9%84%D9%82-%D8%A7%DB%8C%DA%A9-%D8%AD%D8%AF%DB%8C%D8%AB-%DA%A9%DB%8C-%D9%88%D8%B6%D8%A7%D8%AD%D8%AA
مسند احمد کی روایت 782 کے مطابق شرمگاہ کو ہاتھ لگانے سے وضو ٹوٹ جاتاہے تو کیا بچے کو استنجاء کرانے سے بھی ٹوٹ جاتاہے؟,فقہاءِ احناف نے مسند احمد کی مذکور روایت کی سند پر مختلف حیثیتوں سے کلام کرتے ہوئے اس کے مقابلہ میں قیس بن طلق سے منقول صحیح و صریح روایت کو راجح قرار دیا ہے، اس لئے عند الاحناف مسِ ذکر ناقضِ وضوء نہیں، لہٰذا عند الاحناف اپنی شرمگاہ یا بچے کو استنجاء کراتے وقت اس کی شرمگاہ کو چھونے سے شرعاً وضوء نہیں ٹوٹتا، اس لئے بچے کو استنجاء کرانے کے بعد دوبارہ وضوء کرنا لازم نہیں، البتہ ہاتھ دھونا بہرحال بہتر ہے۔,قرآن و حدیث,تحقیق و تخریج حدیث,68671,,https://www.onlinefatawa.com/view_fatwa_unicode/68671/%D8%B4%D8%B1%D9%85%DA%AF%D8%A7%DB%81-%DA%A9%D9%88-%DB%81%D8%A7%D8%AA%DA%BE-%D9%84%DA%AF%D8%A7%D9%86%DB%92-%D8%B3%DB%92-%D9%88%D8%B6%D9%88-%D9%B9%D9%88%D9%B9-%D8%AC%D8%A7%D9%86%DB%92-%D8%B3%DB%92-%D9%85%D8%AA%D8%B9%D9%84%D9%82-%D8%AD%D8%AF%DB%8C%D8%AB-%DA%A9%DB%8C-%D9%88%D8%B6%D8%A7%D8%AD%D8%AA--
میرا سوال ہے کہ آپ کا فتوی دیکھاکہ مجبوری میں طلاق نامہ پہ سائن کیاتو طلاق ہوگئی ،تو نبی پاک ﷺ نے جوحضرت رکانہ  رضی اللہ عنہ سے قسم لی کہ تمہارا ارادہ کیاتھا، یا تمہاری مراد کیا تھی ، تو کیا اس میں ارادے کا یا نیت کا خیال نہیں  رکھا گیا ؟سنت کے مطابق جواب عنایت فرمائیں۔,"واضح اورصریح الفاظِ طلاق کےاستعمال کرنےکی صورت میں شرعاً نیت وارادہ کااعتبارنہیں کیاجاتا،اورنہ ہی اس کیلئےنیت کی ضرورت ہوتی ہےبلکہ بلانیت وارادہ کےبھی طلاق ہوجاتی ہے،جبکہ کنایہ الفاظِ طلاق استعمال کرنے کی صورت میں نیت وارادہ کااعتبار کیاجاتاہے ،چنانچہ سائل نے جس فتوی کاذکرکیاہے اس میں استعمال شدہ الفاظ طلاقِ صریح ہیں،اس لئےاس میں نیت وارادہ کااعتبار نہیں کیاگیا،جبکہ""حدیث رکانہ""میں جو الفاظِ طلاق مذکور ہیں وہ کنایہ ہیں،اسلئے نبیﷺنےان سے نیت وارادےسےمتعلق سوال کیاتھا،لہذادونوں صورتوں کی نوعیت جدا ہونے کی وجہ سے ان کاحکم بھی مختلف ہے،اسلئےان دونوں کوایک دوسرےکےساتھ خلط ملط کرکےبلاتحقیق کسی مسئلہ پرمعترض ہونا مناسب نہیں۔",قرآن و حدیث,تحقیق و تخریج حدیث,69306,0000-00-00,https://www.onlinefatawa.com/view_fatwa_unicode/69306/%D8%AD%D8%AF%DB%8C%D8%AB%D9%90-%D8%B1%DA%A9%D8%A7%D9%86%DB%81-%DA%A9%DB%92-%D9%85%D8%B7%D8%A7%D8%A8%D9%82-%D8%B7%D9%84%D8%A7%D9%82-%D9%86%D8%A7%D9%85%DB%81-%D8%A8%D9%86%D9%88%D8%A7%D9%86%DB%92-%D9%85%DB%8C%DA%BA-%D9%86%DB%8C%D8%AA-%DA%A9%D8%A7-%D8%A7%D8%B9%D8%AA%D8%A8%D8%A7%D8%B1-%DA%A9%DB%8C%D9%88%DA%BA-%D9%86%DB%81%DB%8C%DA%BA-%DA%A9%DB%8C%D8%A7%D8%AC%D8%A7%D8%AA%D8%A7-%D8%9F
کیا فرماتے ہیں علمائے دین اس مسئلہ کے بارے میں کہ ووٹ کا شرعی حکم اور درست طریقہ کیا ہے؟ مروجہ ووٹوں کا طریقہ درست ہے یا نہیں؟ اگر علماء ان ووٹوں میں حصہ لیں تو شریعت کی رو سے گناہگار ہوں گے یا نہیں؟ کیا ایسے علماء کو فاسق فاجر کافر کہنا درست ہے؟ جبکہ بعض لوگوں نے اس طرح کے فتوے بھی دئیے ہیں۔ المستفتی:,کسی امید وار کو ووٹ دینے کی از روئے قرآن و حدیث چند حیثیتیں ہیں: ۱۔ ایک حیثیت شہادت کی ہے کہ ووٹر جس شخص کو اپنا ووٹ دے رہا ہے اس کے متعلق اس کی شہادت دے رہا ہے کہ یہ شخص اس کام کی قابلیت بھی  رکھتا ہے اور دیانت دار اور امانت دار بھی ہے۔ ۲۔ دوسری حیثیت ووٹ کی، شفاعت کی ہے یعنی ووٹر اس کی نمائندگی کی سفارش کرتا ہے اور اچھی سفارش یہ ہے کہ قابل اور دیانتدار شخص کی سفارش کرے۔ ۳۔ تیسری حیثیت وکالت کی ہے کہ ووٹ دینے والا اس امیدوار کو اپنا نمائندہ اور وکیل بناتا ہے لہٰذا ووٹر کو خود ایسے امیدوار کا انتخاب کرنا چاہئے جو کہ نیک، خداترس متقی ہو، اور اس کام کا قابل و اہل ہو، اگر امیدواروں میں کوئی بھی ایسی حسنات والا نہ ہو تو پھر بھی تقلیلِ شر کیلئے امیدواروں میں سے کسی ایسے آدمی کا انتخاب کیا جائے جو دوسروں کی بنسبت اچھا ہو اور اس کو ووٹ دینا جائز بلکہ مستحسن ہے اور انتخاب کے سلسلہ میں ہر ایسا طریقہ اختیار کیا جاسکتا ہے جو ناجائز اور نصوصِ شرعیہ سے متصادم نہ ہو اور موجودہ ووٹوں کے ذریعے اگرچہ بظاہر کسی صحیح اور دیندار نمائندہ کا انتخاب مستبعد ومتعذر نظر آرہا ہے مگر یہ طریقہ بھی فی نفسہٖ جائز اور سرست ہے لہٰذا کسی شخص کا اس طریقۂ انتخاب میں حصہ لینے والے علماء کو فاسق، فاجر کہنا دین سے دوری اور جہالت پر مبنی ہے ایسے افراد کو چاہئے کہ مذکور غلط رویہ سے مکمل احتراز کریں اور صحیح العقیدہ و صالح لوگوں کی راہ میں رکاوٹ ڈال کر فساق و فجار کیلئے آلہ کار نہ بنیں اور جن لوگوں نے ان علماء کے بارے میں فاسق فاجر ہونے یا کافر ہونے کا فتویٰ لگایا ہے اگر تحریر میں موجود ہے تو اس فتویٰ کی فوٹو کاپی ارسال کرکے اس سے متعلق حکم شرعی اور معلومات حاصل کی جاسکتی ہے۔ واللہ اعلم بالصواب,معاملات,حکومت و سیاست,20114,,https://www.onlinefatawa.com/view_fatwa_unicode/20114/%D9%88%D9%88%D9%B9-%DA%A9%DB%8C-%D8%B4%D8%B1%D8%B9%DB%8C-%D8%AD%DB%8C%D8%AB%DB%8C%D8%AA
میں اپنے بیٹے کے بارے میں پوچھنا چاہتی ہوں جو مکمل طور پر معذور تھا، دس سال کی عمر میں وہ فوت ہوگیا، اب اللہ تعالٰی اس کے ساتھ کیا معاملہ کرینگے؟کیا وہ غلمان کی صف میں اٹھایا جائے گا؟ یا معصومین کی صف میں ؟ اور ہمارے ساتھ اس کی وجہ سے کیا معاملہ ہوگا؟ قرآن و حدیث اس بارے میں کیا کہتے ہیں؟,واضح ہوکہ جو مسلمان بچہ بالغ ہونے سے پہلے انتقال کرجاتا ہے، و ہ بغیر حساب و کتاب کے جنت میں داخل ہوگا، اور قیامت کے دن اپنے والدین کے حق میں اللہ تعالی کی بارگاہ میں سفارشی بنے گا، یہاں تک کہ ان کو بھی جنت میں داخل کرادے۔,عقائد,قیامت و آخرت,13680,,https://www.onlinefatawa.com/view_fatwa_unicode/13680/%D9%85%D8%B3%D9%84%D9%85%D8%A7%D9%86%D9%88%DA%BA-%DA%A9%DB%92-%D9%81%D9%88%D8%AA-%D8%B4%D8%AF%DB%81-%D9%86%D8%A7%D8%A8%D8%A7%D9%84%D8%BA-%D8%A8%DA%86%DB%92-%D9%82%DB%8C%D8%A7%D9%85%D8%AA-%D9%85%DB%8C%DA%BA-%D9%88%D8%A7%D9%84%D8%AF%DB%8C%D9%86-%DA%A9%DB%92-%D8%B3%D9%81%D8%A7%D8%B1%D8%B4%DB%8C-%D8%A8%D9%86%DB%8C%DA%BA-%DA%AF%DB%92
مجھے ایک حلال پالتو جانور (پرندے) سے محبت ہوگئی ہے،کیا جنت میں اس کا ساتھ بھی ملے گا؟,جنت میں سوائے چند مخصوص جانوروں کے صرف مسلمان جن و انس ہی جائیں گے، اس لیے سائل کو چاہیے کہ اپنی جنت میں جانے کی فکر کرے۔,عقائد,قیامت و آخرت,14093,,https://www.onlinefatawa.com/view_fatwa_unicode/14093/%DA%A9%DB%8C%D8%A7-%D8%AC%D9%86%D8%AA-%D9%85%DB%8C%DA%BA-%D9%85%D8%AD%D8%A8%D9%88%D8%A8-%D9%BE%D8%B1%D9%86%D8%AF%DB%81-%D8%A8%DA%BE%DB%8C-%D8%B3%D8%A7%D8%AA%DA%BE-%DB%81%D9%88%DA%AF%D8%A7%D8%9F
"حضرت عبداللہ بن عمر رضی اللہ عنہما سے روایت ہے کہ جسے کوئی حاجت درپیش ہو، وہ بدھ، جمعرات اور جمعہ کو روزے رکھے ، جمعہ کے دن غسل کرکے مسجد جائے اور راستے میں کچھ صدقہ دے اور نماز سے فارغ ہوکر یہ دعا پڑھے  ""اللھم إنی اسئلک باسمک العظیم بسم اللہ الرحمن الرحیم الذی لاالہ الا ھو عالم الغیب والشھادہ ھو الرحمن الرحیم اسئلک باسمک الذی ملاء الخ ""  حضرت عبداللہ فرماتے تھے کہ یہ دعا جاہلوں کو نہ سکھاؤ ،  ورنہ وہ اس کے ذریعے ایک دوسرے کے لئے  بددعا کریں گے اور وہ قبول ہوگی ۔ ماخذ: وظائف اکابر از حافظ شفیق الاسلام- کیا فرماتے ہیں مفتیانِ کرام  کیا یہ عمل درست ہے ؟ سند کےساتھ جواب عنایت فرمائیے گا۔",سوال میں ذکر کردہ  دعا  اور اس کی یہ مخصوص فضیلت اور طریقہ کار  کا ثبوت  تلاش ِ بسیار  کے باوجود معتمد کتب میں نہیں مل سکا  ،البتہ اگر کوئی اس مخصوص عمل اور دعا  کو   مسنون اور ماثور سمجھے بغیر اختیار کرے تو اس میں کوئی قباحت نہیں ۔,قرآن و حدیث,تحقیق و تخریج حدیث,69709,0000-00-00,https://www.onlinefatawa.com/view_fatwa_unicode/69709/%D8%A7%DB%8C%DA%A9-%D8%AF%D8%B9%D8%A7%D8%A1-%DA%A9%DB%8C-%D8%AA%D8%AD%D9%82%DB%8C%D9%82-
رسول اللہ ﷺ  کی ایک حدیث کا مفہوم ہے کہ پیشاب کے قطرے سے نہ بچنے والے کو  عذاب قبر ہو گا،  اور وہ شخص جسے پیشاب کے قطرے آتے ہیں اور بیماری ہو   تو اس کے بارے میں کیا حکم ہے؟  اور    شرعی طور پر معذور جیسے پیشاب کے قطروں کی بیماری والا   نماز کی امامت  کروا سکتا ہے ؟ ضرور رہنمائی  فرمائیں۔ اللہ آپ سے راضی ہو اور امت کے لئے اسی طرح کام کرتے رہیں ۔آپ کے جواب کا منتظر,سائل نے سوال میں جس حدیثِ مبارک کی طرف اشارہ کیا ہے محدثینِ کرام رحمھم اللہ  کی تشریحات کے مطابق اس میں ذکر کردہ وعید اس شخص کے بارے میں ہے جو  باوجود قدرت و استطاعت کے پیشاب کے قطروں سے بچنے کا اہتمام نہ کرتا ہو، تاہم جو شخص معذور ہو(  یعنی اسے پیشاب کے قطروں کی بیماری ہو )  وہ اس وعید میں  داخل نہیں، جبکہ اگر کسی شخص کو پیشاب کے قطرے اس قدر تسلسل کے ساتھ آتے ہوں کہ اسے نماز کے پورے وقت میں اتنا  وقت  بھی نہ ملتا ہو کہ جس میں وہ با وضو ہو کر فقط وقتی فرض نماز ادا کر سکے تو ایسا شخص شرعاً معذور کہلاتا ہے، اور معذور شخص کے لئے عذر کی حالت میں غیر معذور صحت مند لوگوں کی امامت کرانا جائز نہیں ہے۔,قرآن و حدیث,تحقیق و تخریج حدیث,70509,2024-01-24,https://www.onlinefatawa.com/view_fatwa_unicode/70509/%D9%BE%DB%8C%D8%B4%D8%A7%D8%A8-%D8%B3%DB%92-%D9%86%DB%81-%D8%A8%DA%86%D9%86%DB%92-%D8%B3%DB%92-%D9%85%D8%AA%D8%B9%D9%84%D9%82-%D9%88%D8%B9%DB%8C%D8%AF-%D9%88%D8%A7%D9%84%DB%8C-%D8%AD%D8%AF%DB%8C%D8%AB-%D9%85%DB%8C%DA%BA-%D9%85%D8%B9%D8%B0%D9%88%D8%B1-%D8%B4%D8%AE%D8%B5-%D8%AF%D8%A7%D8%AE%D9%84-%DB%81%DB%92-%DB%8C%D8%A7-%D9%86%DB%81%DB%8C%DA%BA-%D8%9F
14اگست کے دن اس نیت سے جھنڈا لگانا کیسا ہے کہ اس دن مسلمانوں کو ایک الگ ملک ملا، تمام پابندیاں ختم ہوئی، آزادی ملی، کیا جھنڈا  لگانے سے ثواب بھی ملے گا؟,۱۴ اگست کے دن اپنے وطن سے اظہار محبت کے لیے جھنڈا  لگانا اگر چہ ایک جائز عمل ہے، مگر چونکہ شریعت میں اس عمل کے لیے کوئی اجر و ثواب ثابت نہیں، اس لیے اس کے لگانے میں ثواب کی امید نہیں رکھنی چاہیے۔,معاملات,حکومت و سیاست,35127,2018-08-13,https://www.onlinefatawa.com/view_fatwa_unicode/35127/%D8%AC%D8%B4%D9%86%D9%90-%D8%A2%D8%B2%D8%A7%D8%AF%DB%8C-%D9%BE%D8%B1-%D8%AC%DA%BE%D9%86%DA%88%D8%A7-%D9%84%DB%81%D8%B1%D8%A7%D9%86%D8%A7---14-%D8%A7%DA%AF%D8%B3%D8%AA-%DA%A9%D9%88%D8%AC%DA%BE%D9%86%DA%88%D8%A7-%D9%84%DA%AF%D8%A7%D9%86%DB%92%D9%BE%D8%B1%D8%AB%D9%88%D8%A7%D8%A8-%D9%85%D9%84%DB%92-%DA%AF%D8%A7%D8%9F
میں نے یہ معلوم کرنا ہے کہ قیامت میں لوگ اپنے باپ کے یا اپنے ماں کے نام سے پکارے جائیں گے؟ مفتی شامزئی شہیدؒ نے بہت پہلے ’’جنگ اخبار‘‘ میں باپ کے نام کے ساتھ لکھا تھا اور حدیث بھی سند کے ساتھ پیش کی تھی، آپ سے گزارش ہے کہ وہ حدیث کا حوالہ دیجیے گا۔,قیامت کے روز عام لوگ باپ کے نام کے ساتھ پکارے جائیں گے اور بعض لوگ جیسے حضرت عیسیٰ علیہ السلام وغیرہ ماں کے نام کے ساتھ بھی پکارے جائیں گے اور ان دونوں کے بارے احادیث مبارکہ موجود ہیں، ملاحظہ ہوں:,عقائد,قیامت و آخرت,14231,2020-10-26,https://www.onlinefatawa.com/view_fatwa_unicode/14231/%D9%82%DB%8C%D8%A7%D9%85%D8%AA-%D9%85%DB%8C%DA%BA-%D9%84%D9%88%DA%AF--%D8%A7%D9%BE%D9%86%DB%92-%D8%A8%D8%A7%D9%BE-%DA%A9%DB%92-%D9%86%D8%A7%D9%85-%D8%B3%DB%92-%D9%BE%DA%A9%D8%A7%D8%B1%DB%92-%D8%AC%D8%A7%D8%A6%DB%8C%DA%BA-%DA%AF%DB%92-%DB%8C%D8%A7-%D9%85%D8%A7%DA%BA-%DA%A9%DB%92-%D9%86%D8%A7%D9%85-%D8%B3%DB%92%D8%9F
میرا یہ سوال ہے کہ جب انسانوں کو جنت میں داخل کیا جائےگا تو مردوں کے لیے تو حوریں ہونگی اور عورتوں کے لیے غلام ہونگے اور وہ ان سے کیا کر سکتی ہیں؟ جو چاہیں یا صرف  نوکر کی حد تک ؟,واضح ہو کہ جنت ہر قسم کی بے حیائی وہ بیہودگی سے پاک ہے اور نہ ہی وہاں اس قسم کے گندے خیالات آئیں گے، تاہم غلام تو محض خدمت کے لیے ہونگے، ہاں! جن عورتوں کی شادی دنیا میں ہو چکی ہوگی وہ آخرت میں بھی اپنے شوہروں کےساتھ ہونگی، بشر طیکہ شوہر بھی جنت میں جائیں، ورنہ ایسی عورتیں اور جنہوں نے دنیا میں شادی نہ کی ہوگی، ان کو اختیار ہوگا کہ وہ جس جنتی مرد سے بھی شادی کرنا چاہیں، ان کی شادی کر دی جائگی اور اگر وہ انسانوں میں سے کسی کے ساتھ شادی کےلیے راضی نہ ہوں تو اللہ تعالی حور عین سے ایک مرد پیدا کریں گے، پھر اس کے ساتھ ان کی شادی کر دیں گے۔,عقائد,قیامت و آخرت,14770,0000-00-00,https://www.onlinefatawa.com/view_fatwa_unicode/14770/%D8%AC%D9%86%D8%AA-%D9%85%DB%8C%DA%BA-%D9%85%D8%B3%D9%84%D9%85%D8%A7%D9%86%D9%88%DA%BA-%DA%A9%DB%92-%D9%84%D8%A6%DB%92-%D8%AD%D9%88%D8%B1-%D9%88-%D8%BA%D9%84%D9%85%D8%A7%D9%86-
مفتی صاحب! مجھے یہ بتائیں کہ اگر عورت قبر پر جائے تو کیا وہ مردوں کو بغیر کپڑوں کے نظر آتی ہے؟,مردوں کو قبرستان جانے والی عورتوں کا بغیر کپڑوں کے نظر آنا بے اصل و بے بنیاد اور من گھڑت بات ہے۔,عقائد,قیامت و آخرت,15248,2020-10-26,https://www.onlinefatawa.com/view_fatwa_unicode/15248/-%D8%A7%DA%AF%D8%B1-%D8%B9%D9%88%D8%B1%D8%AA-%D9%82%D8%A8%D8%B1-%D9%BE%D8%B1-%D8%AC%D8%A7%D8%A6%DB%92-%D8%AA%D9%88-%DA%A9%DB%8C%D8%A7-%D9%88%DB%81-%D9%85%D8%B1%D8%AF%D9%88%DA%BA-%DA%A9%D9%88-%D8%A8%D8%BA%DB%8C%D8%B1-%DA%A9%D9%BE%DA%91%D9%88%DA%BA-%DA%A9%DB%92-%D9%86%D8%B8%D8%B1-%D8%A7%D9%93%D8%AA%DB%8C-%DB%81%DB%92%D8%9F
کیا فرماتے ہیں علماءِ کرام اور مفتیانِ عظام اس مسئلہ کے بارے میں کہ کیا یہ بات درست ہے کہ معراج کی رات مکہ مکرمہ سے بیت المقدس کی طرف جاتے ہوئےراستے میں حضرت جبریلؑ نے نبی کریمﷺکو تین مقامات پر نماز پڑھنے کےلیے کہا اور آپﷺنے نماز ادا فرمائی: 1-مدینہ منورہ کی پاک سر زمین میں،جس کی طرف مسلمانوں کی ہجرت ہونے والی تھی۔ 2-طور پہاڑ پر،جہاں اللہ تعالیٰ نےحضرت موسیؑ سے کلام فرمایا تھا۔ 3-بیتِ لحم میں،جہاں حضرت عیسیؑ کی ولادت ہوئی۔,"تلاشِ بسیار کے باوجودمعراج کی رات مکہ مکرمہ سے بیت المقدس جاتے ہوئےنبی کریمﷺکےمذکور تین مقامات پر نماز ادا فرمانے کا تذکرہ کسی صحیح سند کے ساتھ کتبِ حدیث میں ہمیں نہیں مل سکا، بلکہ ""إسعاد الأخصا بذكر صحيح فضائل الشام والمسجد الأقصى"" میں علامہ ابو عبدالرحمٰن المقدسی نےمعراج کی رات مدینہ منورہ اور بیت اللحم میں نبی کریمﷺ کی نماز پڑھنے سے متعلق روایت کو موضوع،من گھڑت اور بے بنیاد قرار دیا ہے،لہذا  بغیرتحقیق اس طرح کی روایات کےبیان کرنے سے احتراز لازم ہے۔",قرآن و حدیث,تحقیق و تخریج حدیث,70833,2024-02-11,https://www.onlinefatawa.com/view_fatwa_unicode/70833/%D9%85%D8%B9%D8%B1%D8%A7%D8%AC-%DA%A9%DB%8C-%D8%B1%D8%A7%D8%AA-%D8%A7%D9%93%D9%BE%EF%B7%BA-%DA%A9%D8%A7-%D8%AA%DB%8C%D9%86-%D9%85%D9%82%D8%A7%D9%85%D8%A7%D8%AA-%D9%BE%D8%B1-%D9%86%D9%85%D8%A7%D8%B2-%D9%BE%DA%91%DA%BE%D9%86%DB%92-%DA%A9%DB%92-%D9%85%D8%AA%D8%B9%D9%84%D9%82-%D8%B1%D9%88%D8%A7%DB%8C%D8%AA-%DA%A9%DB%8C-%D8%AA%D8%AD%D9%82%DB%8C%D9%82-
"السلام علیکم ورحمۃ الله و بركاتہ ! مفتی صاحب ایک قصہ کے بارے میں پوچھنا تھا جو ایک عالم سے سنا تھا، قصہ اس طرح سے ہے کہ ایک دن حضرت علی رضی اللہ عنہ کے سب گھر والے روزہ دار تھے، ایک فقیر دروازے پر آیا کھانے کے لئے، حضرت علی نے اس کو روٹی دی , حضرات حسنین نے بھی ایک ایک روٹی دے دی، حضرت فاطمہ نے بھی ایک روٹی دے دی اور حضرت علی کی خادمہ نے بھی ایک روٹی دے دی، یہ باوجود اس کے کہ ان کے پاس خود کھانا میسر نہیں تھا، کیا یہ واقعہ صحیح ہے مفتی صاحب؟",سوال میں ذکر کردہ واقعہ بعینہٖ اسی طرز پر کتبِ معتبرہ میں تلاشِ بسیار کے باوجود نہ مل سکا، اس لئے سائل کو چاہیئے کہ جس عالم سے سنا ہے اس سے حوالہ کے متعلق بھی معلوم کرے۔,قرآن و حدیث,تحقیق و تخریج حدیث,70982,2024-02-17,https://www.onlinefatawa.com/view_fatwa_unicode/70982/%D8%AD%D8%B6%D8%B1%D8%AA-%D8%B9%D9%84%DB%8C-%D8%B1%D8%B6%DB%8C-%D8%A7%D9%84%D9%84%DB%81-%D8%B9%D9%86%DB%81-%DA%A9%DB%92-%DA%AF%DA%BE%D8%B1-%D9%88%D8%A7%D9%84%D9%88%DA%BA-%DA%A9%D8%A7-%D8%A7%DB%8C%DA%A9-%D9%81%D9%82%DB%8C%D8%B1-%DA%A9%DB%8C-%D9%85%D8%AF%D8%AF-%DA%A9%D8%B1%D9%86%DB%92-%D9%88%D8%A7%D9%84%DB%92-%D9%88%D8%A7%D9%82%D8%B9%DB%81-%DA%A9%DB%8C-%D8%AA%D8%AD%D9%82%DB%8C%D9%82
السلام علیکم! میں نے ۲۰۱۸ میں پی ٹی آئی کی موجودہ حکومت کو ووٹ دیا تھا ، اب میرے کچھ تبلیغی دوست کہتے ہیں کہ آپ نے گناہ  کا کام کیا ہے، کیونکہ موجودہ وزیراعظم نے دورانِ عدت نکاح کیا ہوا ہے اور یہ گناہ کبیرہ ہے اور اب میں اس گناہ میں شریک ہو گیا ہوں، جبکہ عمران خان کے ترجمان واضح کر چکے ہیں کے نکاح چھ(۶) ماہ بعد ہوا ہے۔ یہی سابقہ شوہر کا بھی بیان ہے۔ میں ذہنی طور پر پریشان ہوں آپ کی رہنمائی درکار ہے؟,عمران خان کی موجودہ بیوی کے بارے میں جب اس کے سابقہ شوہر اور عمران خان کے ترجمان نے وضاحت دیدی ہے کہ نکاح طلاق کے چھ ماہ بعد ہوا ہے، تو اس کے باوجود بھی اس پر معترض ہونا قرین قیاس نہیں، البتہ سائل نے اپنا ووٹ اور رائے جس شخص کے حق میں استعمال کی ہے انتخاب کے بعد بحیثیت سربراہ وہ جو بھی صحیح یا غلط کام انجام دے، سائل اس میں برابر کا شریک کہلائے گا۔,معاملات,حکومت و سیاست,35167,2018-09-03,https://www.onlinefatawa.com/view_fatwa_unicode/35167/%D9%88%D9%88%D9%B9-%DA%A9%DB%92-%D8%B0%D8%B1%DB%8C%D8%B9%DB%81-%D9%85%D9%86%D8%AA%D8%AE%D8%A8-%D9%86%D9%85%D8%A7%D8%A6%D9%86%D8%AF%DB%81-%DA%A9%DB%92-%D8%A7%D9%81%D8%B9%D8%A7%D9%84-%D9%88%DA%A9%D8%B1%D8%AF%D8%A7%D8%B1%DA%A9%DB%8C-%D8%B0%D9%85%DB%81-%D8%AF%D8%A7%D8%B1%DB%8C-%D9%88%D9%88%D9%B9%D8%B1%D9%BE%D8%B1-%D8%A8%DA%BE%DB%8C-%D8%B9%D8%A7%D8%A6%D8%AF%DB%81%D9%88%D8%AA%DB%8C-%DB%81%DB%92%D8%9F
السلام علیکم !میں نے مفتی طارق مسعود صاحب کی ایک  ویڈیو دیکھی  ، جس میں وہ کہہ رہے ہیں کہ جب حضرت عائشہ رضی اللہ عنہا بیمار ہوئیں  ، تو ان کے علاج کے لئے   سندھ سے ایک ڈاکٹر گیا  اور ان کا کہنا ہے کہ  صحیح بخاری میں  یہ حدیث ہے ، میری  آپ سے گزارش  ہے کہ  بخاری میں کوئی  ایسی حدیث ہے ؟   اور اگر ہے تو کیا صحیح ہے؟,"با وجود تلاش بسیار کے ایسی کوئی حدیث بخاری شریف میں نہیں ملی،  اس حوالے سے مذکور مفتی صاحب  سے رجوع کیا جائے  ، وہی اس میں بہتر رہنمائی کر سکتے ہیں ،  البتہ اس سے ملتی جلتی ایک روایت مؤطا امام مالک و دیگر کتبِ حدیث میں صحیح سند کے ساتھ موجود ہے ، جس میں حضرت عائشہ رضی اللہ عنہا  پر جادو کی تشخیص کرنے والے شخص کے بارے میں صراحت ہے کہ اس کا تعلق سندھ سے تھا، شاید  مفتی صاحب نے سبقتِ  لسانی سےمؤطا امام مالک کے بجائے بخاری شریف  کا نام ذکر کیا ہو ، اس لئے  اس روایت کو بلا تحقیق بالجزم "" صحیح بخاری شریف"" سے منسوب کر کے بیان کرنا درست نہیں ،  اس سے احتراز چاہیئے۔",قرآن و حدیث,تحقیق و تخریج حدیث,72724,2024-04-26,https://www.onlinefatawa.com/view_fatwa_unicode/72724/%D8%AD%D8%B6%D8%B1%D8%AA-%D8%B9%D8%A7%D8%A6%D8%B4%DB%81-%DA%A9%DB%92-%D8%B9%D9%84%D8%A7%D8%AC-%DA%A9%DB%8C%D9%84%D8%A6%DB%92-%D8%B3%D9%86%D8%AF%DA%BE-%D8%B3%DB%92-%DA%88%D8%A7%DA%A9%D9%B9%D8%B1%DA%A9%DB%92-%D8%AC%D8%A7%D9%86%DB%92-%D9%88%D8%A7%D9%84%DB%8C-%D8%AD%D8%AF%DB%8C%D8%AB-%DA%A9%DB%8C-%D8%AA%D8%AD%D9%82%DB%8C%D9%82
"ایک طرف ہمارے لئے آیت ہے کہ {هَلْ يَسْتَوِي الَّذِينَ يَعْلَمُونَ وَالَّذِينَ لَا يَعْلَمُونَ إِنَّمَا يَتَذَكَّرُ أُولُو الْأَلْبَابِ (9) } [الزمر: 9، 10]آپ کہہ دیں کیا علم والے اور بے علم برابر ہو سکتے ہیں؟ یقیناً نصیحت وہی حاصل کرتے ہیں جو عقلمند ہوں"" اور دوسری طرف ہمارا جمہوری طرزِ حکومت، جس میں ان پڑھ،جاہل کے ووٹ کی اتنی ہی اہمیت ہے جتنی کسی مولانا، کسی عالم، سائنسدان ، جج، پروفیسر ، کسی پی ،ایچ،ڈی ڈگری ہولڈر کے ووٹ کی , (پی ،ایچ،ڈی ڈگری کا نام میں نے بطورِ مثال، اعلی تعلیم یافتہ افراد کو ظاہر کرنے کے لئے لکھا ہے) قرآن کے مطابق ان پڑھ لوگ، پڑھے لکھے لوگوں کے برابر (فیصلہ کرنے کے معاملات میں) نہیں ہوسکتے، تو ہمارا نظام انہیں کیوں ووٹ کے ذریعے فیصلہ کرنے کا اختیار دیتا ہے ؟  کیا ہم  اس جمہوری نظام کا حصہ بن کر اللہ پاک کے احکامات کی نافرمانی کر رہے ہیں؟ براہِ کرم اس ضمن میں راہنمائی فرمائیں ؟","جمہوریت کے موجودہ نظام میں اگر چہ سوال میں مذکور خرابیوں سمیت بہت ساری خرابیاں ہیں مگر اس وقت مسلم ممالک میں یہ نظام رائج ہو چکا ہے اور اس سے بالکلیہ کنارہ کشی اور اہل باطل کیلئے میدان خالی چھوڑ دینا اسلام اور اہلِ اسلام کے مفاد میں معلوم نہیں ہوتا بلکہ نظامِ جمہوریت میں شامل ہو کر اسلام اور شعائر اسلام کی حفاظت کی کوشش کرنا بھی ضروری معلوم ہوتا ہے ورنہ ایسے نازک حالات میں جبکہ لوگ مغربیت پسند ہو رہے ہیں , اسلام پسند لوگ جمہوریت میں حصہ نہیں لیں گے تو صرف مغرب پسند نمائندے سامنے آئیں گے اور ایسے لوگوں کا قوم پر مسلط ہو جانا یقیناً اسلام کے حق میں زیادہ خطرناک ثابت ہو گا ، اسی خطرے کے پیش نظر نظامِ اسلام کے نفاذ کیلئے کوششوں کے ساتھ تقلیل اور دفع شر کے لئے اس نظام کا حصہ بننے میں حرج نہیں تا کہ مسلمانوں کے ایمان و عمل کی کچھ نہ کچھ حفاظت کے ساتھ ان کو مایوسی سے بچایا جاسکے ، اور قاعدہ یہی ہے کہ اگر دو مفاسد جمع ہو جائیں اور ان میں سے ایک کا نقصان زیادہ اور دوسرے کا کم ہو تو ""اہون البلیتین"" پر عمل کرتے ہوئے کم نقصان والی صورت کو اپنا نا ضروری ہے، لہٰذا آج کل کے دور میں بھی چونکہ فی الوقت مجبوری کی وجہ سے جمہوریت کو چھوڑ دینے کا نقصان زیادہ ہے اس لئے اس میں حصہ لے کر اسلام کی حفاظت کرنا ضروری ہے، نیز اگر کوئی نظامِ شریعت نافذ ہونے تک اسلام کی حفاظت کی غرض سے جمہوری نظام اور ووٹ میں حصہ لے گا تو اس کا یہ فعل تعاون علی المعصیت نہیں بلکہ تعاون علی البر ہوگا اور انشاء اللہ اسلام کو زندہ کرنے اور اس پر فتن دور میں اس کی حفاظت کرنے کی نیت سے بہتر نمائندوں کا انتخاب میں حصہ لینا ثواب کا باعث ہو گا۔",معاملات,حکومت و سیاست,38449,0000-00-00,https://www.onlinefatawa.com/view_fatwa_unicode/38449/%D8%B3%DB%8C%D8%A7%D8%B3%D8%AA-%DA%A9%DB%92-%D9%84%D8%A6%DB%92-%D9%85%D9%88%D8%AC%D9%88%D8%AF%DB%81-%D8%AC%D9%85%DB%81%D9%88%D8%B1%DB%8C-%D9%86%D8%B8%D8%A7%D9%85-%D9%85%DB%8C%DA%BA-%D8%B4%D9%85%D9%88%D9%84%DB%8C%D8%AA-%DA%A9%D8%A7-%D8%AD%DA%A9%D9%85-
کیا شریعت ،وقت کے حکمرانوں اور سیاستدانوں کو اس بات کی اجازت دیتی ہے کہ وہ سیکورٹی رکھیں؟,اگر حکمرانوں اور سیاستدانوں کی جان کو خطرہ ہو تو وہ اپنی حفاظت کے لئے بقدرِ ضرورت سیکورٹی رکھ سکتے ہیں۔,معاملات,حکومت و سیاست,46654,,https://www.onlinefatawa.com/view_fatwa_unicode/46654/%DA%A9%DB%8C%D8%A7-%D9%88%DB%8C-%D8%A2%D8%A6%DB%8C-%D9%BE%DB%8C%D8%B2-%D8%A7%D9%88%D8%B1-%D8%B3%DB%8C%D8%A7%D8%B3%D8%AA-%D8%AF%D8%A7%D9%86%D9%88%DA%BA-%DA%A9%DB%8C%D9%84%D8%A6%DB%92-%D8%B3%DB%8C%DA%A9%D9%88%D8%B1%D9%B9%DB%8C-%D8%B1%DA%A9%DA%BE%D9%86%D8%A7-%D8%AC%D8%A7%D8%A6%D8%B2-%DB%81%DB%92%D8%9F
السلام علیکم ! میرا سوال یہ ہے کہ جہنمیوں کی زبان کیا ہوگی ؟,اہل جہنم کی زبان سے متعلق کوئی صریح حوالہ تو نظر سے نہیں گزرا، البتہ بعض نصوص  و حوالہ جات پر غور کرنے سے ان  کا بھی عربی بولنا معلوم ہوتا ہے ۔ تاہم یہ کوئی ایسا سوال بھی نہیں کہ اس پر کسی حکم شرعی  کا مدار ہو، یا اس سے متعلق قبر وآخرت میں کوئی سوال وجواب ہو، یہ محض لایعنی اور تضیعِ وقت کے مترادف ہے جس سے احتراز چاہیے ۔,عقائد,قیامت و آخرت,16544,2020-10-26,https://www.onlinefatawa.com/view_fatwa_unicode/16544/%D8%AC%DB%81%D9%86%D9%85%DB%8C%D9%88%DA%BA-%DA%A9%DB%8C-%D8%B2%D8%A8%D8%A7%D9%86-%DA%A9%DB%8C%D8%A7-%DB%81%D9%88%DA%AF%DB%8C%D8%9F
میں دیوبند مسلک سے تعلق رکھتا ہوں۔ میں حیات النبیﷺ کے بارے میں جاننا چاہتا ہوں۔ کیا وہ روضہ مبارک میں زندہ ہیں؟,اہل سنت والجماعت کا عقیدہ ہے کہ آپ علیہ السلام اپنے روضہ اطہر میں حیات ہیں اور ان کی یہ حیات دنیاوی حیات سے بھی اعلیٰ وارفع ہے، اس لیے احادیث مبارکہ کی رو سے ’’جو شخص روضہ اطہر کے پاس آپﷺ پر درود پڑھتا ہے تو آپﷺ بذاتِ خود سنتے ہیں اور جواب بھی دیتے ہیں اور جو شخص دور سے درود پڑھتا ہے تو اللہ رب العزت فرشتوں کے ذریعے آپ ﷺ تک پہنچاتے ہیں‘‘۔ بایں ہمہ یہ حیات برزخی ہے۔,عقائد,قیامت و آخرت,20748,2020-10-26,https://www.onlinefatawa.com/view_fatwa_unicode/20748/%D8%B9%D9%82%DB%8C%D8%AF%DB%81-%D8%AD%DB%8C%D8%A7%D8%AA-%D8%A7%D9%84%D9%86%D8%A8%DB%8C-%D8%8C-%DA%A9%DB%8C%D8%A7-%D9%86%D8%A8%DB%8C-%D8%A7%DA%A9%D8%B1%D9%85-%EF%B7%BA-%D8%B1%D9%88%D8%B6%DB%81-%D9%85%D8%A8%D8%A7%D8%B1%DA%A9--%D9%85%DB%8C%DA%BA-%D8%B2%D9%86%D8%AF%DB%81-%DB%81%DB%8C%DA%BA%D8%9F
السلام عليكم ورحمۃ اللّٰہ ! مفتی صاحب ! میرا پوچھنا یہ ہے کہ کیا یہ حدیث صحیح اور قابلِ استدلال ہے ”وهو شهر أوله رحمة وأوسطه مغفرة وآخره عتق من النار“ ؟ اور اس حدیث کو بنیاد بنا کر رمضان کے مہینہ کو تیں تقسیم (رحمت ، مغفرت اور نجات) کرنا اور اللہ تعالی کی وسیع رحمت ، مغفرت اور نجات کوتخصیص کرنا کیسا ہے ؟ براہِ مہربانی رہنمائی فرمائیں۔,صورتِ مسئولہ میں مذکور حدیث اگرچہ سند کے لحاظ سے ضعیف ہے، مگر فضائل میں حدیثِ ضعیف بھی قابلِ قبول ہے، یہاں چونکہ کوئی فرض یا واجب ثابت نہیں کیا جا رہا، صرف رمضان کے عشروں کی فضیلت بیان کی گئی ہے، لہذا یہ حدیث قابلِ استدلال ہے۔ جبکہ حدیث کا معنی یہ ہے کہ رمضان ایسا مہینہ ہے جس کا اول حصہ رحمت ہے، درمیانی حصہ مغفرت ہے اور آخری حصہ جہنم سے خلاصی کا ہے، یعنی مذکورہ حدیث کا مطلب  یہ نہیں ہے کہ رمضان کے صرف پہلے عشرے میں رحمت، اور دوسرے عشرے میں مغفرت، اور تیسرے عشرے میں جہنم سے خلاصی ہوتی ہے، بلکہ پورے مہینے میں رحمت، مغفرت اور جہنم سے نجات حاصل ہوتی ہے ، مقصود وقت کی فضیلت بیان کرکے لوگوں کو اللہ تعالیٰ کی رحمت، مغفرت اور جہنم سے نجات کی دعا مانگنے کی طرف متوجہ کرنا ہے۔,قرآن و حدیث,تحقیق و تخریج حدیث,72770,2024-04-28,https://www.onlinefatawa.com/view_fatwa_unicode/72770/%D8%AD%D8%AF%DB%8C%D8%AB-%DA%A9%DB%8C-%D8%AA%D8%AE%D8%B1%DB%8C%D8%AC
السلام عليكم ورحمۃ الله وبركاتہ ! حضرت امید ہے کہ آپ خیریت سے ہوں گے، اس روایت کا کیا حکم ہے: *لاَ تَنْسَنَا يَا أُخَىَّ مِنْ دُعَائِكَ*  [ابو داود : 1498 ]*اس لئے کہ ایک فتوی کے ویبسائٹ پر انہوں نے لکھا ہے کہ جو حج یا عمرہ پر جانا چاہتے ہیں ان سے اس دعا  (اور دوسری دعاؤں) کے ذریعے سے دعا کی درخواست کرنا سنت عمل ہے ، اس کو سنت کہنا کیسا ہے؟ کیونکہ بہت سے محدثین نے اس روایت کو ضعیف لکھا ہے۔ جزاكم الله خيراً,سوال میں ذکر کردہ حدیث  کی سند پر اگرچہ محدثین ِ کرام رحمہ اللہ کا کلام موجود ہے ، اور بعض حضرات نے اسے سنداً ضعیف بھی قرار دیا ہے ، تاہم بعض دیگر مواقع پر بھی حضورصلی اللہ علیہ وسلم کا دینی و دعوتی  اور حج عمرے  کے اسفار پر جانے والوں کے مستجاب الدعوات ہونے کا اظہار ثابت شدہ امر ہے ، اس لئے اس کو سنت اور مستحب  کہنے میں  کوئی مضائقہ نہیں ۔,قرآن و حدیث,تحقیق و تخریج حدیث,73586,2024-06-02,https://www.onlinefatawa.com/view_fatwa_unicode/73586/%DA%A9%DB%8C%D8%A7-%DA%A9%D8%B3%DB%8C-%DA%A9%D9%88-%D8%AF%D8%B9%D8%A7%D8%A1-%DA%A9%D8%A7-%D8%A8%D9%88%D9%84%D9%86%D8%A7-%D8%B3%D9%86%D8%AA-%D8%B9%D9%85%D9%84-%DB%81%DB%92-%D8%9F
کسی عالم سے سنا ہے کہ خارش کی بیماری سے چھٹکارا کیلئے یہ وظیفہ کریں قرآن کی مذکورہ آیت ہر نماز کے بعد پڑھیں ،اور پانی پر دم کرکے بھی پئیں،سورۃ المؤمنون ،فکسونا العظام لحما ثم انشأناہ خلقا أخر فتبارک اللہ احسن الخالقین ،اسکی وضاحت درکار ہے،کہ یہ وظیفہ احادیث میں آیا ہے کہ نہیں ؟ اگر آیا ہے تو قوی ہے یا ضعیف ؟ یا پھر اکابر میں سے کسی بزرگ کا مجرب وظیفہ ہے تو انکی بھی وضاحت فرمادیں ؟ براہ مہربانی مفصل جواب عنایت فرماکر عند اللہ ممنون و مشکور ہوں۔,"مذکورہ بالا آیت مبارکہ کا خارش کی بیماری سے چھٹکارا پانے کے لئے مؤثر ہونے کی صراحت تو تلاش بسیار کے باوجود کتب حدیث میں ہمیں نہیں ملی، اور نہ ہی اکابر کے مجربات میں ہمیں اس کا ذکر ملا، البتہ ""جامع الوظائف"" نامی کتاب میں مولانا ارشد حسن ثاقب نے یہ آیت مبارکہ مذکور بیماری کے لئے نقل کی ہے، چنانچہ فی نفسہ اس غرض کے لئے مذکور آیت مبارکہ پڑھنے میں حرج نہیں۔",قرآن و حدیث,تحقیق و تخریج حدیث,74290,2024-07-03,https://www.onlinefatawa.com/view_fatwa_unicode/74290/%D8%AE%D8%A7%D8%B1%D8%B4-%D8%B3%DB%92-%D9%85%D8%AA%D8%B9%D9%84%D9%82-%D9%88%D8%B8%DB%8C%D9%81%DB%81-%DA%A9%DB%8C-%D8%AA%D8%AD%D9%82%DB%8C%D9%82
"کیا فرماتے ہیں علماءِ کرام ومفتیانِ عظام اس مسئلہ کے بارے میں کہ صحیح مسلم شرح نووی ؒصفحہ (نمبر ۲۱۶/۲۱۵) کتاب المساقات والمزارعت میں کھجور کے اس نقدا نقد لین دین کو رسول کریم ﷺنے عین سو د قرار دیا ہے، اس کتاب کے (صفحہ ۲۱۹) میں تین احادیث میں لکھا گیا ہے کہ (ا):سودا اُدھار میں ہے۔ ۲: نقدا نقد میں ربا نہیں ہے۔ ۳: سو د ادھار میں ہے۔ یہ تو کھلا تضاد ہے،مذکورہ احادیث کے بیچ, اسی کتاب کے (صفحہ ۲۰۹) میں حضرت معاویہ فرمارہے ہیں نقدا نقد لین دین کے سود کے بارے میں کہ ’’کیا حال ہے، لوگوں کا جناب رسول خدا سے وہ حدیثیں روایت کرتے ہیں جن کو ہم نے نہیں سنا اور ہم آپ کے پاس حاضر رہے ،اور آپ کی صحبت میں رہے ،“ حضرت معاویہ (صفحہ ۲۰۹ )کے تینوں حدیثوں کی روشنی میں صحیح ثابت ہوتے ہیں کہ سو د ادھار میں ہے، نقدا نقد میں نہیں، حضرت معاویہ قرآن شریف کی روشنی میں بھی صحیح ثابت ہوتے ہیں کہ جدھر ربا کو حرام کرنے کا ذکر آیا ہے ،وہیں اُدھار کا واپس کرنے کا بھی ذکر آیا ہے،اگر ہم حضرت معاویہ کے ہم خیال ہو جائیں، تو تینوں احادیث کے منکر نہیں ہوں گے ،اور قرآن کریم کی روشنی میں بھی مدلّل ثابت ہونگے،ایک صحابی حضرت عبادہؓ نے اُس نقدانقد لین دین کو سود سمجھا، جبکہ دوسرے صحابی حضرت معاویہ جو خلیفہ بھی رہے اور کاتبِ  وحی بھی رہے، اُنہوں نے اس حدیث کو صحیح نہیں سمجھا، اسی حوالہ سے آپ بتادیجئے ۔ قرآن وسنت کی روشنی میں کہ ہم دونوں صحابی میں سے کس کے قول کو صحیح سمجھیں؟ نوٹ : احادیث کے صفحہ نمبر 209,215/216,219 کی فوٹو کاپی اٹیچ ہیں۔",اولاً تو سائل کو چاہیئے  کہ صحابہ کرام کے درمیان فیصل بننے کے بجائے پہلے اہلِ علم سے علم حاصل کرے ،اوراس کا وقت اگر نہ ہو تو اپنے عمل سے متعلق مسائل معلوم کر کے اس کے مطابق عمل کرے ،اور اپنے دین وایمان کے بچاؤ کی فکر کرے، تاہم اہلِ علم و فہم کے لئے   اس کا مختصر اور اصولی جواب تحریر کیا جاتا ہے، ملاحظہ ہو: اولاً واضح ہو کہ فقہاء احناف نے ربوا کی علت دو چیزوں کو بیان فرمایا ہے (1) جنس (۲) قدر ۔ اب مذکور را حادیث میں غور کیا جائے، تو معلوم ہو جائے گا کہ ان میں کسی قسم کا کھلا تضاد نہیں۔ جہاں کہیں نقد لین دین کا ذکر آیا ہے ، وہیں یہ بھی مذکور ہے کہ اگر جنس ایک ہو تو پھر برابر سرابر اور نقدا نقد بیچا جائے، اور جہاں جنس ایک نہ ہو وہاں تفاضل تو جائز ہے، مگر ادھار جائز نہیں۔ اور ثانیاً یہ کہ مذکور قاعدے کی روشنی میں منسلکہ  احادیث میں غور کیا جائے ،تو بخوبی واضح ہو جاتا ہےکہ صفحہ ٢١٥ / ٢١٦ پر موجود حضرت بلال رضی اللہ عنہ کی روایت میں عین سود کہنے کی وجہ یہی ہے کہ وہاں جنس ایک ہی تھی یعنی کھجور ،اور انہوں نے خراب کھجور زیادہ دے کر اچھی کھجور کم مقدار میں لیں (حالانکہ ربوا کے معاملہ میں جیّد اور ردی حکماً برابر ہیں) اس لئے آپ صلی اللہ علیہ وسلم نے اس سے منع فرمایا، اسی بات کو حضرت عبادة بن صامت رضی اللہ عنہ ( صفحہ ۲۰۹) بیان فرمارہے ہیں۔ جس کا اندازہ الفاظِ حدیث میں غور کر کے کیا جا سکتا ہے۔ ثالثاً یہ کہ سائل حضرات صحابہؓ میں تقابل کرتے ہوئے جس طرح قرآن سے استدلال کرنے کی کوشش کر رہا ہے وہ صحیح نہیں، بلکہ اسے جاننا چاہیئے کہ قرآن نے ربا النسیئہ کو حرام قراردیاہے۔ زمانہ جاہلیت میں رقم دے کر  زائد رقم واپس لی جاتی تھی جو کو قرآن نے حرام فرما دیا ، جبکہ آپﷺ نے ربوا کی دوسری قسم کی حرمت کو بھی بیان فرما دیا کہ جہاں جنس ایک ہو اور وہ چیز کیلی یا وزنی بھی ہو تو وہاں تفاضل بھی حرام اور ادھار بھی حرام ۔ اسی بات کو حضرت عبادة بن الصامت نے بیان کیا ہے اور سائل نے نادانستگی میں ان کا تقابل حضرت معاویہ رضی اللہ عنہ سے شروع کر دیا جس سے احتراز لازم ہے۔,قرآن و حدیث,تحقیق و تخریج حدیث,82898,0000-00-00,https://www.onlinefatawa.com/view_fatwa_unicode/82898/%D8%B1%D8%A8%D9%88-%DA%A9%DB%8C-%D8%B9%D9%84%D8%AA-%D9%BE%D8%B1-%D8%AF%D9%88-%D8%A7%D8%AD%D8%A7%D8%AF%DB%8C%D8%AB-%D9%85%DB%8C%DA%BA-%D8%AA%D8%B9%D8%A7%D8%B1%D8%B6-%D8%A7%D9%88%D8%B1-%D8%A7%D8%B3-%DA%A9%D8%A7%D8%AC%D9%88%D8%A7%D8%A8
میرا سوال ہے کہ کیا اللہ کریم سے حکومت یا بادشاہت مانگی جا سکتی ہے اچھے کاموں کے نیت سے کہ دین کی خدمت اور عدل و انصاف کرنے کیلیے نظام کی بہتری کیلیے؟  براۓ کرم  اس روشنی ڈالیں تا کہ میری لیے اس کو سمجھنے میں آسانی ہوسکے۔ جزاک اللہ خیرا,جی ہاں !اگر کسی شخص میں لیاقت و استعداد ہو اور دین کی خدمت ،عدل و انصاف نظام کی بہتری کے لیے اگر وہ اللہ تعالیٰ سے حکمرانی کے حصول کی دعا کرے تو شرعاً اس میں کوئی حرج نہیں، بلکہ ایسا کرنا بلا شبہ جائز اور درست ہے۔,معاملات,حکومت و سیاست,58551,2022-09-27,https://www.onlinefatawa.com/view_fatwa_unicode/58551/%D8%AD%DA%A9%D9%85%D8%B1%D8%A7%D9%86-%D8%A8%D9%86%D9%86%DB%92-%DA%A9%DB%92-%D9%84%DB%8C%DB%92-%D8%AF%D8%B9%D8%A7-%DA%A9%D8%B1%D9%86%D8%A7-%D8%AC%D8%A7%D8%A6%D8%B2-%DB%81%DB%92%D8%9F
کیا فرماتے ہیں علماءِ کرام اس مسئلہ میں کہ میں وکالت کے پیشہ سے تعلق رکھتا  ہوں میرے  ایک دوست کے جاننے والے سری لنکا سے پاکستان کاروبار کے سلسلے میں ۱۹۸۸؁ء میں آئے، یہاں آ کر اس نے اسلام سے متاثر ہو کر ۱۹۸۹؁ء میں اسلام قبول کیا اور قرآن مجید کا مطالعہ کیا، اس سے پہلے وہ بدھ مت کے مذہب سے تعلق رکھتے تھے، انہوں نے اسلام بنوری ٹاؤن مدرسہ میں قبول کیا اس کے بعد ان صاحب کا اسلامی نام عبدالوہاب رکھا گیا اسلام قبول کرنے کے بعد ان کی شادی کراچی میں ایک مسلمان پاکستانی لڑکی سے کرادی گئی، اس وقت وہ تین بیٹیوں کے باپ ہیں، شادی کے بعد انہوں نے پاکستانی شہریت کے لئے درخواست دی مگر حکومت پاکستان انہیں شہریت دینے سے انکار کررہی ہے بلکہ ان نو مسلم کو ملک چھوڑنے کے لئے آخری تاریخ  تک دے دی ہے، مفتی صاحب آپ قرآن و سنت کی روشنی میں فتویٰ ارسال کریں کہ اسلام نو مسلم کو کیا کیا تحفظ فراہم کرتا ہے اور حکومتِ پاکستان کی یہ کارروائی قرآن و سنت کے مطابق ہے یا نہیں؟ کیونکہ یہ نو مسلم اپنے ملک سری لنکا کسی بھی قیمت پر نہیں جانا چاہتا کیونکہ وہاں اس کی بیوی بچوں کو جان کا خطرہ ہے اور ان کا وہاں مسلمان بن کر رہنا نہایت مشکل ہے۔,اسلام نو مسلم کو بھی تحفظ سمیت  وہ تمام حقوق  فراہم کرتا ہے جو پرانے مسلمانوں کو اسلام میں فراہم کۓ جاتے ہیں  یعنی جان، مال اور آبرو کی حفاظت اور دوسرے انفرادی واجتماعی حقوق کی ادائیگی، لہٰذا حکومت پر دوسری مسلمان رعایا کا جس طرح خیال رکھنا ضروری ہے، اسی طرح جب تک شخصِ مذکور یہاں پاکستان میں مقیم ہوں تو اس کا خیال رکھنا بھی لازم ہے، باقی جہاں تک شخصِ مذکور کو پاکستانی شہریت دینے کا تعلق ہے، تو یہ امر حکومت کے ذمہ لازم نہیں، تاہم وہ جتنے وقت کا ویزہ لے کر آیا ہے اتنی مدت کے لئے اسے تحفظ فراہم کرنا حکومت کی ذمہ داریوں میں سے ہے، پھر مدتِ ویزہ ختم ہونے کے بعد باوجود کوشش کے اسے اگر پاکستانی شہریت نہیں ملتی اور اپنے وطن میں رہ کر اسے حالتِ ایمان پر ثابت قدم رہنے اور بچوں کی جان کا خطرہ شدید ہو تو اسے چاہئے کہ اپنے ملک کے کسی دوسرے صوبے یا مسلمانوں کی کسی بستی کو اپنا وطن بنالے، لیکن اگر قانون میں گنجائش ہو تو حکومت کو چاہئے کہ شخصِ مذکور کے ساتھ تعاون کرے۔ وﷲ اعلم!,معاملات,حکومت و سیاست,58757,1996-06-05,https://www.onlinefatawa.com/view_fatwa_unicode/58757/%D8%A7%D8%B3%D9%84%D8%A7%D9%85-%D9%86%D9%88-%D9%85%D8%B3%D9%84%D9%85%D9%88%DA%BA-%DA%A9%DB%92-%D8%AD%D9%82%D9%88%D9%82-
۱۔ کیا سید جہنم میں جا سکتا ہے؟ ۲۔ کیا اولیاء اللہ غیر شرعی کام کر سکتے ہیں؟,۱۔ سید اگر کسی گناہ کا ارتکاب کرے اور بغیر توبہ کے دنیا سے چلا جائے یا سادات میں سے کوئی کافر ہو جائے تو ضابطہ تو یہ ہے کہ اس کو اپنے گناہ کی سزا بھگتنی ہوگی ۔ ۲۔ اولیاء سے بھی گناہ ہو سکتے ہیں ،وہ انبیاء کی طرح معصوم نہیں ہوتے ، البتہ اللہ تعا لیٰ اپنے بندوں کی حفاظت فرماتے ہیں ، گناہ ہوجانے کی صورت میں وہ اس پر قائم نہیں رہتے ، بلکہ فوراً توبہ  کر کے اپنے گناہ معاف کرالیتے ہیں۔,عقائد,قیامت و آخرت,21085,2020-10-26,https://www.onlinefatawa.com/view_fatwa_unicode/21085/%DA%A9%DB%8C%D8%A7-%D8%B3%DB%8C%D8%AF-%D8%AC%DB%81%D9%86%D9%85-%D9%85%DB%8C%DA%BA-%D8%AC%D8%A7%D8%B3%DA%A9%D8%AA%D8%A7-%DB%81%DB%92%D8%9F-%DA%A9%DB%8C%D8%A7-%D8%A7%D9%88%D9%84%DB%8C%D8%A7%D8%A1-%D8%A7%D9%84%D9%84%DB%81-%D9%85%D8%B9%D8%B5%D9%88%D9%85-%DB%81%D9%88%D8%AA%DB%92-%DB%81%DB%8C%DA%BA%D8%9F
کیا میں بیوہ عورت سے شادی کرو ں، جبکہ میری پہلے بھی ایک بیوی ہے ، شادی کے بعد وہ جنت میں میرے ساتھ جائے گی یا پہلے شوہر کے ساتھ؟,دنیا میں جس عورت کے کئی نکاح ہو چکے ہوں ، جنت میں وہ آخری شوہر کے ساتھ ہوگی یاپھر اس کے ساتھ ہوگی جو دنیا میں اس کے ساتھ زیادہ اچھے اخلاق سے رہا ہوگا۔,عقائد,قیامت و آخرت,21399,2020-10-26,https://www.onlinefatawa.com/view_fatwa_unicode/21399/%D8%AC%D8%B3-%D8%B9%D9%88%D8%B1%D8%AA-%DA%A9%DB%92-%D8%A7%DB%8C%DA%A9-%D8%B3%DB%92-%D8%B2%D8%A7%D8%A6%D8%AF-%D9%86%DA%A9%D8%A7%D8%AD-%DB%81%D9%88-%DA%86%DA%A9%DB%92-%DB%81%D9%88%DA%BA%D8%8C-%D9%88%DB%81-%D8%AC%D9%86%D8%AA-%D9%85%DB%8C%DA%BA-%DA%A9%D8%B3-%D8%B4%D9%88%DB%81%D8%B1-%DA%A9%DB%92-%D8%B3%D8%A7%D8%AA%DA%BE-%DB%81%D9%88%DA%AF%DB%8C%D8%9F
میں نے ایک عورت سے جوانی میں وعدہ کیا تھا کہ میں تم سے شادی کروں گا، مگر اس کی دوسری جگہ شادی ہوگئی، اور اب دو بچے بھی ہیں، اور اس کا شوہر فوت ہوگیا ہے، میرے بھی دو بچے ہیں، میں نے بھی شادی کرلی تھی، اب ہم شادی کرنے لگے ہیں، معلوم یہ کرنا ہے کہ شادی کے بعد وہ میرے ساتھ جنت میں جائے گی یا پہلے شوہر کیساتھ؟,سائل کو چاہیئے کہ پہلے اپنی آخرت کی فکر کرے، اور ایسے اعمال کرے، جن کی بناء پر وہ جنت کا مستحق بن جائے، اس لئے کہ کوئی شخص اگر خود جنت کا مستحق نہ ہو تو اس قسم کے سوال کرنا بے سود ہے، جہاں تک مسئلہ شرعیہ کا تعلق ہے تو جس عورت نے دو شادیاں کی ہوں وہ ایک قول کے مطابق جنت میں آخری شوہر کے ساتھ ہوگی، جبکہ بعض روایات میں یہ بھی ملتا ہے کہ دونوں شوہروں میں سے جو سب سے زیادہ حسن اخلاق کامالک ہوگا اسی کے ساتھ یہ عورت جنت میں ہوگی۔,عقائد,قیامت و آخرت,21637,,https://www.onlinefatawa.com/view_fatwa_unicode/21637/%D8%AC%D8%B3-%D8%B9%D9%88%D8%B1%D8%AA-%D9%86%DB%92-%D8%AF%D9%88-%D8%B4%D8%A7%D8%AF%DB%8C%D8%A7%DA%BA-%DA%A9%DB%8C-%DB%81%D9%88%DA%BA-%D9%88%DB%81-%D8%AC%D9%86%D8%AA-%D9%85%DB%8C%DA%BA-%DA%A9%D8%B3-%D8%B4%D9%88%DB%81%D8%B1%DA%A9%DB%92%D8%B3%D8%A7%D8%AA%DA%BE-%DB%81%D9%88%DA%AF%DB%8C%D8%9F
کیا فرماتے ہیں علماء ِکرام و مفتیانِ عظام اس مسئلہ کے بارے میں کہ کیا جنت میں ہم جس کسی سے چاہیں مل سکتے ہیں، یعنی جس سے ملنا چاہیں وہ مل سکتی ہے؟ مثلاً اس دنیا میں آپ ایک شخص کو پسند کرتے ہیں، لیکن اس سے شادی نہیں کر پائے کسی وجہ سے، کیا اس سے جنت میں ملاقات ہو سکتی ہے؟ میں اس شخص کو اس زندگی میں کیسے بھول جاؤں؟ کہ اس کا میری زندگی میں کوئی دخل نہ ہو۔,یہ کوئی ضروری نہیں کہ دنیا کی ہر چاہت جنت میں بھی پیدا ہوگی، ہاں! اگر کسی جنتی کو جنت میں جانے کے بعد بھی اس کے رتبہ و مقام اور کسی چیز کی مناسب سے اس کی چاہت پیدا ہوگی، تو وہ چیز اُسے فوراً ضرور حاصل ہو جائےگی۔ لہٰذا ایک مسلمان مؤمن کا فرض یہ ہے کہ وہ دنیاوی زندگی میں ان احکام کی بجاآوری کی فکر کرے جو وقتاً فوقتاً موقع و محل کی مناسبت سے اس کی طرف متوجہ ہوتے رہتے ہیں۔,عقائد,قیامت و آخرت,22047,2020-10-26,https://www.onlinefatawa.com/view_fatwa_unicode/22047/%D8%AF%D9%86%DB%8C%D8%A7-%D9%85%DB%8C%DA%BA-%D9%BE%D8%B3%D9%86%D8%AF%DB%8C%D8%AF%DB%81-%D8%AE%D8%A7%D8%AA%D9%88%D9%86-%D8%B3%DB%92-%D8%AC%D9%86%D8%AA-%D9%85%DB%8C%DA%BA-%D9%85%D9%84%D8%A7%D9%82%D8%A7%D8%AA-%D9%85%D9%85%DA%A9%D9%86-%DB%81%DB%92-%DB%8C%D8%A7-%D9%86%DB%81%DB%8C%DA%BA%D8%9F
"کیا فرماتے ہیں علماء کرام ومفتیانِ عظام اس مسئلہ کے میں بارے کہ  نیٹ پر یہ بات شائع تھی کہ حضرت علی رضی اللہ عنہ فرماتے ہیں کہ : نبی اکرم صلی اللہ علیہ وسلم نے فرمایا: "" رات کو جب کوئی نیند سے اٹھے تو پانی نہ پیے  ، کیونکہ مضر ہوتا ہے "" ، کیا یہ بات واقعی حدیث ہے؟ ۲:  ڈاکٹر ذاکر نائیک دیکھنے میں تو دین کا کام کر رہے ہیں ، کتنا بڑا مجمع ان کا بیان سنے کے لئے آتا ہے، اور مجمع کے اندر کتنے کا فر ایمان لے آتے ہیں، تو ہمارے دیو بند کے علماء اس کو کیوں نہیں مانتے ، بلکہ بالکل اس کے خلاف ہیں؟",۱:  رات کو نیند سے جاگ کر پانی پینے کے حوالے سے سوال میں حضرت علی کرم اللہ وجہہ کی طرف منسوب روایت  اہلِ  سنت کی معتبر کتب حدیث و آثار میں تلاشِ  بسیار کے باوجو د نہیں ملی۔ رہی یہ بات کہ رات کو نیند سے اٹھ کر یا نہار منہ پانی پینا چاہیئے یا نہیں؟ تو واضح ہو کہ یہ جائز ناجائز یا حلال و حرام کا شرعی یا مذہبی مسئلہ نہیں، بلکہ ایک طبی اور طبعی مسئلہ ہے، اس لئے جسے خواہش یا ضرورت ہو اور اسے نقصان نہ کرتا ہو تو وہ پی لیا کرے ،اور جسے چاہت یا ضرورت نہ ہو یا اس کے لئے مضر ہو تو اس کو چاہیئے کہ نہ ہے۔ ۲:  ڈاکٹر ذاکر نائیک کے ساتھ علماء دیوبند کا کوئی ذاتی اختلاف نہیں ،اور نہ ہی ان کی ہر بات اور عمل کو غلط مانا جاتا ہے، بلکہ ان کے بارے میں رائے یہ ہے کہ وہ ایک داعی اور مبلغ ہیں، موصوف اسلام کی حقانیت سے متعلق غیر مسلموں میں جو بات چلاتے ہیں وہ متاثر کن ہوتی ہے، اس لئے تبلیغِ اسلام کے حوالے سے ان کے بیانات سننے میں کوئی حرج نہیں ہے ، مگر وہ چونکہ کسی مستند دینی ادارے سے باقاعدہ فارغ التحصیل نہیں ہیں ، لہذا شریعت کے فروعی احکام جیسے نماز ، طلاق و غیرہ کے باب میں ان کے بتائے ہوئے مسائل پر اس وقت تک عمل نہ کیا جائے جب تک کسی مستند عالمِ  دین سے تصدیق کروا کر اس کا درست ہونا معلوم نہ ہو جائے۔,قرآن و حدیث,تحقیق و تخریج حدیث,84943,0000-00-00,https://www.onlinefatawa.com/view_fatwa_unicode/84943/-%D8%B1%D8%A7%D8%AA-%DA%A9%D9%88-%D9%BE%D8%A7%D9%86%DB%8C--%D9%BE%DB%8C%D9%86%DB%92-%DA%A9%DB%92-%D9%85%D8%AA%D8%B9%D9%84%D9%82-%D8%AD%D8%B6%D8%B1%D8%AA-%D8%B9%D9%84%DB%8C-%DA%A9%D8%B1%D9%85-%D8%A7%D9%84%D9%84%DB%81-%D9%88%D8%AC%DB%81%DB%81-%DA%A9%DB%8C-%D8%AD%D8%AF%DB%8C%D8%AB-%DA%A9%DB%8C-%D8%AA%D8%AD%D9%82%DB%8C%D9%82
حدیث میں آتا ہے غزوہ احزاب کے بعد بنو قریظہ کے مردوں کو قتل کے لئے ان کے زیرناف بال دیکھ کر حد( سزا) دی گئ تھی، میرا سوال یہ ہے کہ مسلمان مرد اور عورت کی بلوغت کے کیا ہم  اس حدیث کی رو میں زیرِ  ناف بالوں کو بلوغت کی نشانی سمجھیں گے ؟ اگر نہیں تو وجہ سمجھا دیجیے؟شکریہ,"واضح ہوکہ بلوغت کی تعیین کے لیے شریعتِ مطہرہ نے چند علامات مقرر فرمائی ہیں جن میں بعض علامات اصل اور قوی ہیں، اور بعض ثانوی اور تبعی ہیں۔ فقہاءِ کرام کے نزدیک اصل علامات مرد کے حق میں احتلام (منی کا خارج ہونا) اور عورت کے حق میں حیض یا حمل ہیں۔ اگر یہ علامات ظاہر ہو جائیں تو بلا اختلاف وہ شخص اور عورت بالغ شمار ہوں گے۔ البتہ اگر اصل علامات ظاہر نہ ہوں توبوقت ضرورت ثانوی علامات کی طرف رجوع کیا جاسکتا ہے، جن میں زیرِ ناف بالوں کا اُگ آنا بھی شامل ہے۔ اسی بنا پر فقہاءِ احناف نے تصریح فرمائی ہے کہ"" عانۃ ""(زیرناف بال )کے بالوں کا ظاہر ہونا بلوغت کی علامت ِاصلی نہیں، بلکہ ثانوی ہے، یعنی اس پر اسی وقت اعتماد کیا جائے گا جب اصل علامات موجود نہ ہوں،اوربلوغت جانچنے کےلیےکوئی اورقابل اعتمادذریعہ اختیارکرناممکن نہ ہو۔ بنو قریظہ کے واقعے میں زیرِ ناف بالوں کو معیار بنانے کی وجہ یہ تھی کہ وہ حالتِ جنگ اور اضطرار کا معاملہ تھا، وہاں افراد کی عمریں معلوم کرنے یا دیگر علامات جانچنے کا کوئی اور عملی ذریعہ میسر نہ تھا، اس لیے ایک ظاہری اور غالب علامت کو بنیاد بنا کر بالغ اورنابالغ میں فرق کیا گیا۔ اس سے یہ لازم نہیں آتا کہ شریعت نے ہر زمانے اور ہر حال میں بلوغت کا فیصلہ صرف اسی علامت پر موقوف کر دیا ہو۔ لہٰذا اس حدیث کو عمومی اور قطعی ضابطہ قرار دینا درست نہیں، بلکہ اسے ایک خاص واقعہ اور خاص ضرورت کے تحت سمجھا جائے گا۔ عام حالات میں بلوغت کے ثبوت کے لیے پہلے اصل علامات دیکھی جائیں گی، ان کے نہ پائے جانے کی صورت میں ثانوی علامات، اور اگر کوئی علامت ظاہر نہ ہو تو فقہاءِ احناف کے نزدیک پندرہ قمری سال کی عمر پوری ہونے پر شرعاً بلوغت کا حکم لگایاجائےگا۔",قرآن و حدیث,تحقیق و تخریج حدیث,85939,2025-09-07,https://www.onlinefatawa.com/view_fatwa_unicode/85939/%D8%AD%D8%AF%DB%8C%D8%AB-%DA%A9%DB%8C-%D9%88%D8%AC%DB%81-%D8%B3%DB%92-%D8%B2%DB%8C%D8%B1-%D9%86%D8%A7%D9%81-%D8%A8%D8%A7%D9%84%D9%88%DA%BA-%DA%A9%D9%88-%D8%A8%D9%84%D9%88%D8%BA%D8%AA-%DA%A9%DB%8C-%D8%B9%D9%84%D8%A7%D9%85%D8%AA-%D8%A8%D9%86%D8%A7%D9%86%D8%A7
حضرات مفتیان کرام ایک روایت کے بارے تحقیق درکار ہے ۔ یہ روایت حضرت مولانا مفتی زرولی صاحب رحمہ اللہ کے ایک ویڈیو بیان میں سنی ہے  ۔ جس پر عنوان تھا  قبر میں قرآن مجید اور نماز فجر ۔ اس میں حضرت فرماتے ہیں کہ  ابو نعیم نے فضائل میں ایک روایت بیان کی ہے کہ قبر میں سب سے پہلے نماز فجر آجائے گی  ۔ منکر نکیر کے آنے سے پہلے ایک خوبصورت  نوجوان آجائے گا ۔اس کو تسلی دے گا کہ ابھی فرشتے آرہے ہیں سوال و جواب کے لئے آپ کوئی جواب نہ دینا میں ہوں نا ۔وہ یہاں کھڑا ہے اتنے میں ایک اور داخل ہوا اس سے بھی زیادہ مضبوط ۔ وہ اس کو اشارہ کرتا ہے کہ پاؤں کی طرف کھڑے ہو جاو۔ منکر نکیر جب داخل ہوتے ہیں تو اس کو سلام کرتے ہیں ۔ اور اس کو کچھ املاء کراتا ہے ۔ دین ، شریعت  وغیرہاس کے بعد وہ اجازت لیتے ہیں ۔ پھر  وہ مردہ پوچھتا ہے تو پتہ چلتا ہے کہ یہ تو نماز فجر تھی ۔ یہی کافی تھی مگر یہ حافظ قرآن ہے اس لئے قرآن مجید بھی ساتھ آگیا ۔ قرآن جب آیا تو فجر کو وہاں بھیج دیا کہ وہاں کھڑی ہوجاو تحقیق طلب بات یہ ہے کہ یہ روایت ابونعیم کی کونسی  فضائل میں ہے ؟ اس کا عربی متن مع حکم  اگر نقل فرما دیں تو مہربانی ہوگی ۔اگر ابو نعیم کے علاوہ کسی نے اس روایت کو ذکر کیا ہے تو بھی تحریر فرما دیں ۔,واضح ہوکہ سوال میں مذکور روایت تلاش بسیار  کے با وجود  بعینہ   ا  سی مفہوم کے ساتھ  کہی نہ مل سکی تاہم اس سے ملتی جلتی دو  روایتیں مسند بزار میں ملتی ہے  ایک روایت حضرت معاذ بن جبل  اور دوسری روایت حضرت ابن عباس   سے مروی ہے، حضرت معاذ بن جبل    کی روایت میں صرف قرآن کریم کا تذکرہ ہے نماز کا کوئی ذکر نہیں  اس روایت میں حضرت معاذ بن جبل   فرماتے ہیں کہ رسول اللہ ﷺ نے فرمایا کہ تم میں سے جو رات کو  نماز پڑھے تو وہ جہر کے ساتھ تلاوت کرے کیونکہ فرشتے اس کی تلاوت کو سنتے ہیں  آگے اسی روایت میں مذکور ہے کہ جب صاحب قرآن کا انتقال ہوتا ہے  اور اس کو قبر میں رکھا جاتا ہے  اور اس کے اپنے اس سے چلے جاتے ہیں  تو منکر نکیر آتے ہیں اور اس صاحب قرآن کو بٹھاتے ہیں  پھر وہ قرآن  آتا ہے اور منکر نکیر اور اس شخص کے درمیان حائل ہوجاتا ہے منکر نکیر اس سے کہتے ہیں کہ ہٹ جاؤ تاکہ ہم اس سے سوال کریں قرآن کہتا ہے خدا کی قسم میں نہیں ہٹوں گا یہ میرا ساتھی اور دوست ہے پھر اس روایت میں مزید فضائل بیان کئے گئے ہیں اور دوسری روایت جو حضرت ابن عباس   سے مروی ہے اس  میں صرف اس بات کا تذکرہ ہے کہ جب نیک بندہ  مرجاتا ہے  تو اس کو قبر میں رکھنے کے بعد اس کے پاس تین فرشتے آتے ہیں دو رحمت کے اور ایک عذاب کا فرشتہ اور اس شخص کو اس کے نیک اعمال نے ڈھانپا ہوتا ہے نماز اس کے پاؤں کے پاس ، روزہ سرہانے ،زکوۃ دائیں جانب ، صدقہ بائیں جانب اور اچھے اخلاق   سینہ پر ، تو جب بھی وہ عذاب کا فرشتہ آگے بڑھتا ہے اس کے نیک اعمال اس کو  روکتے ہیں اور اس کے آڑے آجاتے ہیں   ۔۔۔۔ان دونوں روایات پر علماء کرام ،محدثین عظام  نے جرح کی ہے  اور بقول علامہ ابن حجر یہ روایتیں   انتہائی ضعیف ہیں اور خود امام بزار فرماتے ہیں پہلی روایت رسول اللہ سے مروی نہیں  ، لہذا    ان احادیث کی سند مبارکہ  میں حد درجہ  ضعف ہے ا  س لئے  یہ احایث قابل احتجاج نہیں  ۔,قرآن و حدیث,تحقیق و تخریج حدیث,88445,2025-10-30,https://www.onlinefatawa.com/view_fatwa_unicode/88445/%D9%86%D9%85%D8%A7%D8%B2-%D9%81%D8%AC%D8%B1-%D8%A7%D9%88%D8%B1-%D9%82%D8%B1%D8%A2%D9%86-%DA%A9%D8%A7-%D9%82%D8%A8%D8%B1-%D9%85%DB%8C%DA%BA-%D8%A2%D9%86%DB%92-%D9%88%D8%A7%D9%84%DB%8C-%D8%B1%D9%88%D8%A7%DB%8C%D8%AA-%DA%A9%DB%8C-%D8%AA%D8%AD%D9%82%DB%8C%D9%82
یا علی انت  و شیعتہ  ھم الفائزون یوم القیامہ کیا یہ  حدیث ہے اگر ہے تو حوالہ     بتادیں دیجیے۔    اور یہ بھی بتادیں یہ صحیح ہے - حسن ہے  یا ضعیف ہے ؟,"یہ روایت""يا علي أنت وشيعتك هم الفائزون يوم القيامة""  انہی الفاظ کے ساتھ  کتب حدیث  کی معتبر کتابوں         میں نہیں مل سکی  ۔ البتہ اس روایت سے ملتے جلتے الفاظ کے ساتھ یہ روایت کتبِ حدیث میں موجود ہے۔ عن أبي سعيد الخدري قال: نظر رسول الله صلى الله عليه وسلم إلى علي عليه السلام فقال: ‌‌هذا ‌وشيعته هم الفائزون يوم القيامة. لیکن یہ روایت بھی نبی کریم ﷺ سے صحیح سند کے ساتھ ثابت نہیں، بلکہ محدثين کے نزدیک موضوع ہے۔ اس کی سند میں ایسی شدید علتیں پائی جاتی ہیں کہ اس کو رسول اللہ ﷺ کی طرف منسوب کرنا جائز  معلوم  نہیں ہوتا۔ اس روایت کے سلسلے میں دو راوی عبداللہ بن منتصر اور یحییٰ بن الحسن بن الفرات القزاز مجہول ہیں، جن کا کوئی معتبر تعارف یا توثیق مجھے کتبِ رجال میں نہیں ملا، لہذا ان کی روایت قابل احتجاج نہیں ہے۔ جبکہ سند کی سب سے بڑی خرابی راوی ابو ہارون العبدی ہے، جسے أئمہ محدثین میں سے امام یحییٰ بن معین، وعلامہ جوزجانی، حماد بن زید اور دیگر ائمہ نے کذاب قرار دیا ہے۔ وہ شیعی رافضی بھی تھا، اور یہ روایت صریح طور پر اس کے مذہب کی تائید کرتی ہے، جبکہ محدثین کے متفقہ اصول کے مطابق بدعتی راوی کی ایسی روایت جو اس کے مذہب کى ترويج کرے مردود ہوتی ہے۔ یہ  بھی واضح رہے کہ نبی کریم ﷺ سے نہ شیعہ مذہب کی فضیلت میں کوئی روایت صحیح سند سے ثابت ہے اور نہ روافض کی مذمت میں کوئی روایت صحیح سند سے منقول ہے۔ اس باب میں جو روایات بیان کی جاتی ہیں وہ یا تو ضعیف ہوتی ہیں یا موضوع۔ ان تمام علتوں ( یعنی دو راویوں کا مجہول ہونا، سند کا مرکزی راوی کذاب و بدعتی ہونا، اور روایت کا مذہبی تقویت پر قائم ہونا )   کے پائے جانے کی وجہ    سے یہ روایت موضوع اور ناقابلِ بیان معلوم ہوتی ہے، اس لیے اس کو نبی ﷺ کی طرف منسوب کر کے بیان کرنا درست نہیں، اس سے اجتناب لازم ہے",قرآن و حدیث,تحقیق و تخریج حدیث,88858,2025-11-15,https://www.onlinefatawa.com/view_fatwa_unicode/88858/
کیا فرماتے ہیں مفتیانِ کرام مندرجہ ذیل مسائل کے بارے میں کہ: (1)۔ کیا مسلمانوں کے ملک کے بادشاہ ، شہنشاہ اور وزیر اعظم کیلۓ  باقاعدہ عالم ہونا ضروری ہے یا صرف ضروری مذہبی تعلیم حاصل کرنا ہی کافی ہے؟ آپ سے عرض یہ ہے کہ آپ مجھے بتائیں کہ مسلمانوں کے بادشاہ ، صدر ،وزیراعظم ،جسکو صدر و زیر اعظم بنائیں ، وہ علم کے لحاظ سے عام مسلمانوں  سے بہتر اچھا ہو یا وہ علم کے کس مرتبے پر فائز ہو ؟  براہ ِکرم مفصل جواب دیکر شکریہ کا موقع عنایت فرمائیں ۔ (2)۔  ہر مسلمان پر ضروری مذہبی تعلیم حاصل کرنا فرض ہے تو ضروری مذہبی تعلیم کہا ں سے کہاں تک حاصل کرنی چاہیۓ ؟ (3)۔  کیا مسلمانوں پر فوج کی ٹریننگ حاصل کرنا ضروری ہے؟ (4)۔ کیا مسلمانوں پر صرف مذہبی تعلیم حاصل کرنا ضروری ہے یا دنیاوی اور جسمانی تعلیم بھی حاصل کرنی چاہیۓ؟ براہ ِکرام تمام سوالوں کا جواب عنایت فرماکر ممنون فرمائیں ۔,مسلمان حکمران کیلۓ  اگرچہ باقاعدہ تمام شرعی علوم کا عالم ہونا لازم نہیں ، لیکن حلال و حرام اور شریعت کے اہم مسائل و احکام کی پہچان اور منصب سے متعلق ذمہ داریوں کی معرفت لازم اور ضروری ہے  ، البتہ یہ لازم ہے کہ مسلمان حکمران نیک ،صالح اور دیانت و امانت اور شرافت کے اعلی درجہ پر فائز ہو ، علومِ عصریہ اور حکومت و سلطنت سے متعلق ہر قسم کے امور اور مسائل میں کامل دسترس اور مہارت رکھتا ہو اور ریاست و حکومت کے متعلق تمام اندرونی اور بیرونی طور پر سیاسی،سماجی، اقتصادی اور ثقافتی معاملات میں مکمل معرفت اور اصابتِ رائے کا حامل ہو ، نیز اپنے وقت کے تغیرات اور زمانے کے مفاد کو مدِنظر رکھتے ہوئے پیش آمدہ  مسئلہ کا صحیح حل نکالنے کی بھرپور صلاحیت رکھتا ہو ۔ جبکہ ہر مسلمان پر اتنا علم حاصل کرنا لازم اور فرض عین ہے کہ توحید ، رسالت اور آخرت کو پہچانے اور پنچ وقتہ نمازیں و دیگر فرائض، حلال حرام، جائز ناجائز اور روز مرہ دین کے ضروری مسائل کے متعلق باخبر ہو کر اس کے مطابق عمل کرنے پر قادر ہو ۔ (3)۔ عام حالات میں  جہاد کی تیاری اور ٹریننگ  حاصل کرنا مسلمانوں پر فرضِ کفایہ ہے ، یعنی کوئی قوم یا گروہ اگر ٹریننگ کرلیں تو تمام مسلمانوں کی ذمہ داری پوری  ہو جائیگی اور اگر کسی نے بھی جہاد کی تیاری نہ کی ہو تو تمام مسلمان گناہ گار ہونگے ، البتہ اگر نفیر عام ہو جائے تو ہر مسلمان پر جہاد کی تیاری اور اس میں شرکت فرضِ عین اور لازم ہوجاتی ہے۔ (4)۔ بقدرِ ضرورت دینی تعلیم حاصل کرنا فرضِ عین اور دنیوی تعلیم حاصل کرنا فرض کفایہ ہے۔,معاملات,حکومت و سیاست,60001,2018-02-03,https://www.onlinefatawa.com/view_fatwa_unicode/60001/%D9%85%D8%B3%D9%84%D9%85%D8%A7%D9%86%D9%88%DA%BA-%DA%A9%DB%92-%D8%A8%D8%A7%D8%AF%D8%B4%D8%A7%DB%81-%D8%AD%D8%A7%DA%A9%D9%85--%D8%A7%D9%88%D8%B1-%D8%B9%D8%A7%D9%85-%D9%85%D8%B3%D9%84%D9%85%D8%A7%D9%86%D9%88%DA%BA--%DA%A9%DB%92-%D9%84%DB%93-%D8%AF%DB%8C%D9%86-%DA%A9%DB%92--%DA%A9%D8%B3-%D9%82%D8%AF%D8%B1--%D8%B9%D9%84%D9%85-%DA%A9%D8%A7-%D8%AD%D8%B5%D9%88%D9%84-%D8%B6%D8%B1%D9%88%D8%B1%DB%8C-%DB%81%DB%92%D8%9F
کیا فرماتے ہیں علماءِ  کرام اس مسئلہ کے بارے میں کہ متحدہ مجلس عمل کے ساتھ تعاون کا کیا حکم ہے؟ بینوا توجروا,موجودہ حالات میں جبکہ بیرونی طاقتوں نے ملک کے اندر کھلی مداخلت شروع کر رکھی ہے اور ان کی کوشش ہے کہ اس ملک کا اسلامی تشخص ختم کردیا جائے اور یہاں کے فعال دینی طبقے کو کچل کر اسلام کو مٹادیا جائے ، ایسے میں مذہبی سیاسی جماعتوں نے بجا طور پر انتخابی اتحاد بنام ’’متحدہ مجلس عمل‘‘ قائم کیا ہے جو بیرونی طاقتوں کو اپنے مذموم عزائم سے باز رکھنے کیلئے ایک دفاعی کوشش ہے ، سو اس بحث سے قطع نظر کہ اس اتحاد کے نتیجے میں اسلامی انقلاب برپا ہوگا یا نہیں ،  بہرحال استعماری طاقتوں کے خلاف یہ ایک دفاعی جدوجہد ہے ،  جس کا ضرور تعاون کرنا چاہئے اس لئے کہ اس وقت سوال ملک کی سلامتی اور اسلام کی بقاء کا ہے۔,معاملات,حکومت و سیاست,60318,2003-02-02,https://www.onlinefatawa.com/view_fatwa_unicode/60318/%D9%85%D8%B0%DB%81%D8%A8%DB%8C-%D8%AC%D9%85%D8%A7%D8%B9%D8%AA%D9%88%DA%BA-%DA%A9%DB%92%D8%A7%D8%AA%D8%AD%D8%A7%D8%AF--
آپ سے معلوم یہ کرنا تھا کہ ایک قطعہ زمین جو خالی ہواورغیر آباد ہو  اور گورنمنٹ کے ریکارڈ میں شاملات نام سے ہو۔ضرورت مند اسے زرعی طور پر آباد کر سکتا ہے؟تا آنکہ اس پر کوئی تعمیر ہو  یا اور حل نکلے،ایسی صورت میں اسے آباد کرنا شرعاً  کیسا ہے۔کیا سیرت طیبہ میں کوئی ایسا واقعہ ملتا ہے؟,"مذکور غیر آباد زمینیں  (شاملات)   اگر  گورنمنٹ کے زیرِ انتظام ہو ، تو کسی بھی شخص کے لئے گورنمنٹ کی اجازت سے انہیں آباد کرنے کی حق حاصل ہوگا، چنانچہ  اگر کوئی شخص گورنمنٹ کی اجازت سے ایسی زمین آباد کرے تو وہ اس کا مالک شمار ہوگا۔ جبکہ سیرت طیبہ میں بھی اس کے کئی نظائر موجود ہیں ، چنانچہ آپ ﷺ کا سیدنا حضرت بلال رضی اللہ عنہ  کو   ""القبیلہ""   نامی زمینیں  اور  حضرت وائل بن حجر رضی اللہ عنہ کو  ""حضرموت "" کی زمینیں دینے کا تذکرہ  آحادیث مبارکہ کی کتابوں میں موجود ہے۔",معاملات,حکومت و سیاست,67039,0000-00-00,https://www.onlinefatawa.com/view_fatwa_unicode/67039/%D8%BA%DB%8C%D8%B1-%D8%A2%D8%A8%D8%A7%D8%AF-%D8%B2%D9%85%DB%8C%D9%86-%DA%A9%D9%88-%D8%A2%D8%A8%D8%A7%D8%AF-%DA%A9%D8%B1%D9%86%DB%92%DA%A9%D8%A7-%D8%AD%DA%A9%D9%85-
سوال: بجلی چوری کر کے استعمال کرنا کیسا ہے ؟ اگر حرام ہے توحرمت  کی وجہ مطلوب ہے؟سوال: کیا حکومت کا قانون شرعی حیثیت رکھتا ہے یا نہیں؟,واضح ہو کہ ”بجلی “ایک ادارے کی ملکیت ہے ، متعلقہ ادارے کی اجازت و رضامندی کے بغیر کنڈا لگا کر بجلی استعمال کرنا، کسی اورکی ملکیت میں اس کی اجازت و رضامندی کے بغیر تصرف کرناہے ، اور کسی اور شخص کی ملکیت میں اسکی اجازت ورضامندی کے بغیر تصرف کرنا اوراسے اپنے استعمال میں لانا قرآن و حدیث کی رو سے ممنوع عمل ہے، نیز حکومتِ وقت کی طرف سے بھی بجلی چوری کرنے پر پابندی عائد کرکے اسے قابلِ مؤاخذہ جرم قرار دیا گیا ہے ،اورحکومت ِ وقت کا ہر وہ قانون جو مفادِ عامہ کیلئے ہو اور شریعت سے متصادم نہ ہو اس پر عمل درآمد کرنا ہر شہری کی شرعی ذمہ داری ہوتی ہے ، لہذا بجلی چوری کرکے استعمال کرنا جائز نہیں جس سے اجتناب لازم ہے۔,معاملات,حکومت و سیاست,68718,0000-00-00,https://www.onlinefatawa.com/view_fatwa_unicode/68718/%D8%A8%D8%AC%D9%84%DB%8C-%DA%86%D9%88%D8%B1%DB%8C-%DA%A9%D8%B1%D9%86%D8%A7-%DA%A9%DB%8C%D9%88%DA%BA-%D8%AD%D8%B1%D8%A7%D9%85-%DB%81%DB%92-%D8%9F
محترم مفتی صاحب! قیامت کی جو علامات حضورﷺ کی احادیث سے ظاہر ہو چکی ہیں وہ بتا دیں۔,واضح ہو کہ قیامت کی علامات دو طرح کی ہیں: علاماتِ صغریٰ اور علاماتِ کبریٰ،علاماتِ صغریٰ سے مراد آپﷺ کی بعثت سے لے کر امام مہدی کے ظہور تک کی علامات ہیں اور علامات کبریٰ امام مہدی کے ظہور سے لے کر نفخہ اولیٰ تک ہوں گی، علاماتِ کبریٰ ابھی تک شروع نہیں ہوئیں، البتہ علامات ِصغریٰ میں سے اکثر ظاہر ہو چکی ہیں، جن میں سے چند علامات یہ ہیں: لوگ امانت ضائع کرنے لگیں گے، سود کھانے لگیں گے، جھوٹ کو حلال سمجھنے لگیں گے، یعنی جھوٹ ایک فن اور ہنر بن جائےگا، معمولی معمولی باتوں پر خون ریزی کریں گے، اونچی اونچی عمارتیں بنائیں گے، دین بیچ کر دنیا جمع کریں گے، قطع رحمی یعنی رشتہ داروں سے بدسلوکی، انصاف نایاب ہوجائےگا، جھوٹ سچ بن جائے گا، لباس ریشم کا پہنا جائےگا، ظلم عام ہوجائےگا، طلاقوں کی کثرت ہوگی، ناگہانی موت عام ہو جائےگی، یعنی ایسی موت جس کا پہلے سے پتہ نہیں ہوگا، امین خیانت کرنے لگیں گے، شرابیں پی جائیں گی، مالِ غنیمت کو ذاتی جاگیر سمجھ لیا جائےگا، امانت کو لوٹ کا مال سمجھا جائےگا،زکوٰۃ کو جرمانہ سمجھائےگا، سب سے رذیل آدمی قوم کا لیڈر اور قائد بن جائےگا، آدمی اپنے باپ کی نافرمانی کرےگا، اور اپنی ماں سے بدسلوکی کرے گا، دوست کو نقصان پہنچانے سے گریز نہیں کیا جائے گا، شوہر بیوی کی اطاعت کرےگا، بدکاروں کی آوازیں مسجدوں سے بلند ہوں گی، گانے والی عورتیں رکھی جائیں گی، گانے بجانے اور موسیقی کے آلات کو سنبھال کر رکھا جائےگا، امت کے آخری لوگ اپنے سے پہلے لوگوں پر لعن طعن کریں گے یعنی تنقید کریں گے، اُس وقت سرخ آندھی، زمین میں دھنس جانے، شکلیں بگڑ جانے اور آسمان سے پتھر برسنے جیسے عذابوں کا انتظار کیا جائے۔,عقائد,قیامت و آخرت,24335,2020-10-26,https://www.onlinefatawa.com/view_fatwa_unicode/24335/%D9%82%DB%8C%D8%A7%D9%85%D8%AA-%DA%A9%DB%8C-%D8%A7%D8%A8%DA%BE%DB%8C-%D8%AA%DA%A9-%D8%B8%D8%A7%DB%81%D8%B1-%DB%81%D9%88%D9%86%DB%92-%D9%88%D8%A7%D9%84%DB%8C-%D8%B9%D9%84%D8%A7%D9%85%D8%A7%D8%AA
السلام علیکم ورحمتہ اللہ 1: ایک بیان میں سنا تھا   شہید کو اللہ تعالیٰ قیامت کے دن جو پروٹوکول دیں گے اس راستہ میں اگر ابرہیم علیہ السلام آجائیں تو اللہ پاک کہیں گے آپ اس راستہ سے ہٹ جائیں جبکہ ابرہیم علیہ السلام اللہ کے خلیل ہیں اور میرا یہ عقیدہ ہے کہ کروڑ شہید بھی اگر ہوں تو ابرہیم علیہ السلام کے پاؤں کے خاک کے برابر نہیں ہو سکتے ہیں تو یہ کیسے ممکن  ہو سکتا  کہ اللہ پاک ان کو ہٹائیں گے ؟کیا یہ درست ہے ؟ اس کے بارے میں وضاحت فرما دیں 2:کیا ہم حضرت  فاطمہ رضی اللہ عنہا کو  اماں جان کہ سکتے ہیں ؟ جبکہ حضور صلی اللہ علیہ وسلم کی ازواج  مطہرات  کو  اماں جان کہا جاتا ہے  پھر فاطمہ رضی اللہ عنہا جو کہ صاحبزادی ہیں ان کو اماں جان  کیسے کہا جاسکتا ہے  ؟ اس  کی بھی  وضاحت فرما دیں,"شہید کی فضیلت قرآن کریم اور احادیث صحیہ سے ثابت ہے آپ ﷺ نے انکے لیئے عظیم اجر و ثواب بیان فرمایا ہے تاہم سوال میں مذکور بات شہید کو قیامت کے دن ایسا پرٹوکول دیا جائے گا کہ اگر حضرت ابراھیم علیہ السلام بھی اس کے راستہ میں آجائیں تو   ان  سے کہا جائے گا کہ آپ ہٹ جائیں "" پر مشتمل   کوئی روایت کتب حدیث میں نہیں ملی   بلکہ اس روایت کا ظاہر ہی اس کے عدم اعتبار پر دلالت کرتا ہے اسکی وجہ یہ ہے کہ انبیا ء علیھم الصلاۃ والسلام اللہ تعالی کی برگزیدہ اور منتخب مخلوق ہیں اور اللہ تعالی کے بعد سب سے بلند مرتبہ ان ہی کا ہے خصوصا حضرت ابراھیم علیھم الصلاۃ والسلام  جو اولوالعزم انبیاء میں سے ہیں ان کے بارے میں اس نوعیت کی بات نہ شرعا درست معلوم ہوتی ہے نہ عقلا  ۔ لہذا ایسی غیر ثابت روایات کو آپ ﷺ کی طرف منسوب کرکے بیان کرنا جائز نہیں ہے ۔ 2 ) : حضرت فاطمہ رضی اللہ تعالی عنھا کی کنیت  ام ابیہا کا تذکرہ معتبر اھل علم جیسے حافظ ذہبی  ، حافظ ابن کثیر اور حافظ ابن حجر  رحمہم اللہ تعالی نے کیا ہے یہ کنیت اس غیر معمولی محبت  ، شفقت اور خدمت کی طرف اشارہ کرتی ہے جو وہ آپ ﷺ کے ساتھ ماں کے انداز میں اختیار کرتی تھی چنانچہ اگر کوئی امتی حضرت  فاطمہ رضی اللہ عنہا کے لیئے محض ادب اور محبت کے اظہار کے طور پر امی جان کا  لفظ استعمال کرے اور اس میں امہات المؤمنین کی شان اور فضیلت سے کوئی انکار مقصود نہ ہوتو   اسکے کہنے کی گنجائش معلوم  ہوتی ہے جیسا کہ کنیت ام ابیہا خود اس طرز تعبیر کے جواز پر دلادت کرتی ہے   ۔",قرآن و حدیث,تحقیق و تخریج حدیث,89669,2025-12-06,https://www.onlinefatawa.com/view_fatwa_unicode/89669/%D8%B4%DB%81%DB%8C%D8%AF-%DA%A9%DB%92-%D8%A7%D8%B9%D8%B2%D8%A7%D8%B1-%D9%85%DB%8C%DA%BA--%D8%B1%D8%A7%D8%B3%D8%AA%DB%92-%D8%B3%DB%92-%D8%A7%D8%A8%D8%B1%D8%A7%DB%81%DB%8C%D9%85-%D8%B9%D9%84%DB%8C%DB%81-%D8%A7%D9%84%D8%B3%D9%84%D8%A7%D9%85-%DA%A9%D9%88-%DB%81%D9%B9%D8%A7%D9%86%DB%92--%D8%AD%D8%B6%D8%B1%D8%AA-%D9%81%D8%A7%D8%B7%D9%85%DB%81%DB%94%D8%B1%D8%B6%DB%8C-%D8%A7%D9%84%D9%84%DB%81-%D8%B9%D9%86%DA%BE%D8%A7-%DB%94%DA%A9%D9%88-%D8%A7%D9%85%D8%A7%DA%BA-%D8%AC%DB%8C-%DA%A9%DB%81%D9%86%DB%92-
حال کے پیش نظر اسرائیل فلسطین میں غزہ کے مسلمانوں کا قتل عام کر رہا ہےتو اس صورت میں یقینً ٹیکنکیں توپیں راکٹس میزائل اور دیگر اسلح خریدنے کے لیےاسرائیل کو مالی تعاون درکار ہے جو کہ اسرائیل پوری دنیا میں حلال اشیاء فروخت کر کے حاصل کررہا ہے تو پوری دنیا میں اس پر احتجاج کیا جا رہا ہے کے اسرائیلی اشیاء کا بائیکاٹ کیا جائے جبکہ ہمارے جیسے مسلمان مستند تحقیق سے فتویٰ کے منتظر ہیں۔ اس معاملے پر رہنمائی فرمائیں۔,جو ممالک  مختلف اوقات  میں مسلمانوں پر مظالم ڈھاتے  رہتے  ہیں ، ان کی مصنوعات استعمال کرکے ان کی معیشت کو فائدہ  پہنچانا  غیرتِ ایمانی کے خلاف ہے ،اس لئے ایک مسلمان کے لئے انفرادی طور  پر جس قدر ممکن ہو   اسے  حتیٰ المقدر مسلمانوں پر مظالم کرنے والے ممالک کو  کسی بھی طرح فائدہ   پہنچانے سے مکمل اجتناب کرنا چاہیئے ،  لیکن ملکی سطح پر  ایسے ممالک کا مقابلہ فقط روایتی بائیکاٹ سے ممکن نہیں ، بلکہ دینِ اسلام سےمکمل واقفیت ، اسلامی نظام کےنفاذ ، مسلمانوں کےباہمی اتحاد و اتفاق اور مسلمانوں کی درست منصوبہ بندی سے ہی ممکن ہے ،  اور اگر مسلمانوں کی جمعیت مجتمع طور پر مسلم حکمرانوں پر زور دیں کہ وہ ایسے ممالک کے پروڈکٹس کی امپورٹ پر  سخت پابندی  عائد کریں  ، تواس سے بھی گریز نہ کیا جائے ، مگر یہ عمل دو ،  چار  یا  چند افراد کا نہیں ،  بلکہ اس مہم  کےلئے باقاعدہ ایک لائحہ عمل اور ایک جمِ غفیر کی ضرورت ہے۔,معاملات,حکومت و سیاست,69021,,https://www.onlinefatawa.com/view_fatwa_unicode/69021/%D8%A7%D8%B3%D8%B1%D8%A7%D8%A6%DB%8C%D9%84%DB%8C-%D9%85%D8%B5%D9%86%D9%88%D8%B9%D8%A7%D8%AA-%DA%A9%DB%92-%D8%A8%D8%A7%D8%A6%DB%8C%DA%A9%D8%A7%D9%B9-%DA%A9%D8%A7-%D8%AD%DA%A9%D9%85-
عرض یہ ہے کہ کیا جنت میں بیوی کویہ اختیار دیا جائے گا کہ اگر وہ دنیا کے مرد کے ساتھ رہنا چاہتی ہے یا نہیں؟اگر اس جواب ہاں میں ہے ، تو وہ مرد جس کی زندگی کے آخری چند سال بیوی کی ناراضگی میں گزرے ہوں، اور غلطی بھی بیوی کی ہو، مگر وہ اسے چاہتا ہو، صبر سے آخری زندگی گزارے کہ چلو جنت میں تو ساتھ رہیں گے،  اگر بیوی نے جنت میں ساتھ رہنے سے انکار کردیا تو اس مرد کا کیا بنے گا؟ جنت میں اس کے غم میں ہمیشہ ہمیشہ کیسے رہے گا؟ سنا تو یہ تھا کہ جنت میں بیماری، غم اور افسوس ناپید ہوں گے، یہ باتیں سوچ کر میں بہت زیادہ پریشان ہوں، زندگی کٹتی نہیں، حضرات رہنمائی فرمائیں؟,جو خاتون جس مرد کے نکاح میں ہوتے ہوئے دنیا سے چلی جائے، آخرت میں بھی اس مرد کی وہ بیوی ہوگی، اس کو کسی دوسرے کے پاس جانے کا اختیار نہ ہوگا، اس لئے نہ تو شوہر کو اس کا غم اور افسوس کی ضرورت ہے اور نہ بیوی کو ، جبکہ جنت میں کسی قسم کی رنجش اور غم نہیں ہوگا، اس لئے فریقین کو اس فکر میں پڑنے کی بجائے اپنے اپنے اعمال کی طرف خصوصی توجہ کی ضرورت ہے، تاکہ آخرت کی رسوائی سے حفاظت رہے۔,عقائد,قیامت و آخرت,24682,,https://www.onlinefatawa.com/view_fatwa_unicode/24682/%DA%A9%DB%8C%D8%A7-%D8%AC%D9%86%D8%AA-%D9%85%DB%8C%DA%BA-%D8%A8%DB%8C%D9%88%DB%8C-%DA%A9%D9%88-%DB%8C%DB%81-%D8%A7%D8%AE%D8%AA%DB%8C%D8%A7%D8%B1-%DB%81%D9%88%DA%AF%D8%A7-%DA%A9%DB%81-%D9%88%DB%81-%D8%A7%D9%BE%D9%86%DB%92-%D8%AF%D9%86%DB%8C%D8%A7%D9%88%DB%8C-%D8%B4%D9%88%DB%81%D8%B1-%DA%A9%DB%92-%D8%B3%D8%A7%D8%AA%DA%BE-%D9%86%DB%81-%D8%B1%DB%81%DB%92%D8%9F
السلام علیکم! ایک شخص اللہ رب العزت کی تقدیر سے مسلمان، ہندو، یہودی، عیسائی کے گھرانے میں پیدا ہو، کیا اس تقدیری پیدائش پر کسی انعام  یاسزا کا اطلاق ہوگا؟ اللہ رب العزت کے دین اسلام کا قانون کیاہے۔,اللہ تعالیٰ کسی مسلمان، ہندو،اور عیسائی وغیرہ کے گھر میں پیدا ہونے کی وجہ سےاللہ تعالیٰ ثواب یا عذاب کا فیصلہ نہیں فرماتا، بلکہ بالغ ہونے کے بعد اس شخص کے نیک یا بد عمل پر ثواب یا عذاب کا فیصلہ فرماتاہے، اگر بچپن میں کوئی غیر مسلم گھرانے کا بچہ مرجائے تو راجح قول کے مطابق وہ بھی جنت میں جائے گا۔,عقائد,قیامت و آخرت,30492,2020-10-26,https://www.onlinefatawa.com/view_fatwa_unicode/30492/%D9%85%D8%AD%D8%B6-%D9%85%D8%B3%D9%84%D9%85-%DB%8C%D8%A7-%D8%BA%DB%8C%D8%B1-%D9%85%D8%B3%D9%84%D9%85-%DA%AF%DA%BE%D8%B1%D8%A7%D9%86%DB%92-%D9%85%DB%8C%DA%BA-%D9%BE%DB%8C%D8%AF%D8%A7-%DB%81%D9%88%D9%86%DB%92-%DA%A9%DB%8C-%D9%88%D8%AC%DB%81-%D8%B3%DB%92-%D8%AC%D9%86%D8%AA%DB%8C-%DB%8C%D8%A7-%D8%AC%DB%81%D9%86%D9%85%DB%8C-%DB%81%D9%88%D9%86%DB%92-%DA%A9%D8%A7-%D8%A7%D8%B7%D9%84%D8%A7%D9%82-%D9%86%DB%81%DB%8C%DA%BA-%DB%81%D9%88%D8%AA%D8%A7
السلام علیکم! جناب عالی : عرض یہ ہے کہ جب اللہ رب العزت قیامت بر پا فرمائینگے، تو اس وقت بندے کو اپنی ماں کے نام سے اٹھائیں گے یا باپ کے نام سے؟براہ مہربانی قرآن و سنت کی روشنی میں وضاحت فرمائیں۔,اگرچہ دونوں طرح کی روایات ملتی ہیں، مگر راجح یہ ہے کہ باپ کے نام سے پکارے جائیں گے، سواء حضرت عیسیؑ کے ۔,عقائد,قیامت و آخرت,33082,,https://www.onlinefatawa.com/view_fatwa_unicode/33082/%D8%A8%D8%B1%D9%88%D8%B2-%D9%82%DB%8C%D8%A7%D9%85%D8%AA-%D8%A2%D8%AF%D9%85%DB%8C-%DA%A9%D9%88-%D9%85%D8%A7%DA%BA-%DA%A9%DB%92-%D9%86%D8%A7%D9%85-%D8%B3%DB%92-%D9%BE%DA%A9%D8%A7%D8%B1%D8%A7-%D8%AC%D8%A7%D8%A6%DB%92-%DA%AF%D8%A7-%DB%8C%D8%A7-%D8%A8%D8%A7%D9%BE-%D8%B3%DB%92%D8%9F
اگر کسی کا یہ ماننا ہو کہ (نبی پاک) اپنی قبر مبارک میں بالکل ویسے ہی زندہ ہیں جیسا کہ چودہ سو سال پہلے تھے، سے متعلق کیا حکم ہو گا؟ اس کے با وجود اس کے ساتھ یہ عقیدہ بھی ہو کہ نبی پاک کا بھی کچھ لمحے کے لیے انتقال ہوا تھا، کیونکہ قرآن میں کچھ اس طرح ہے کہ سب کو مرنا ہے، اس کے بعد اپنی قبر مبارک میں زندہ ہیں، اس کا کیا حکم ہے؟,نبی کریمﷺ اپنے روضہ مبارک میں حیات ہیں اور آپ کی حیات برزخی مثل دنیاوی حیات، بلکہ اس سے بھی اعلی و ارفع ہے، اس لیے حدیث مبارک کی رو سے جوشخص روضہ اطہر کے پاس آپ ﷺ پر درود پڑھتا ہے تو آپ ﷺ اس کوخود سنتے ہیں او رجواب بھی مرحمت فرماتے ہیں اور جو شخص دور سےدرود پڑھتا ہے تو اللہ رب العزت فرشتوں کے ذریعے اس کو آپ ﷺ تک پہنچاتے ہیں اور یہی عقیدہ اہلسنت والجماعت کا ہے، لہٰذا ایسا عقيدہ رکھنے والا شخص درست عقیدہ کا حامل ہے ۔,عقائد,قیامت و آخرت,34070,2020-10-26,https://www.onlinefatawa.com/view_fatwa_unicode/34070/%D8%A7%D9%93%D9%BE-%D8%B9%D9%84%DB%8C%DB%81-%D8%A7%D9%84%D8%B3%D9%84%D8%A7%D9%85-%D8%B3%DB%92-%D9%85%D8%AA%D8%B9%D9%84%D9%82-%D9%82%D8%A8%D8%B1-%D9%85%D8%A8%D8%A7%D8%B1%DA%A9-%D9%85%DB%8C%DA%BA-%D8%AF%D9%86%DB%8C%D8%A7%D9%88%DB%8C-%D8%AD%DB%8C%D8%A7%D8%AA-%D8%AC%DB%8C%D8%B3%DB%8C-%D8%AD%DB%8C%D8%A7%D8%AA-%DA%A9%D8%A7-%D8%B9%D9%82%DB%8C%D8%AF%DB%81-%D8%B1%DA%A9%DA%BE%D9%86%D8%A7
سوال : کیا فرماتے ہیں علماء اس بارے میں کہ ایک شخص کہتا ہے ’’میرا یہ عقیدہ ہے کہ نبی عام انسانوں کی طرح دیکھتے اور سنتے ہیں، البتہ الله بطور معجزہ کچھ اضافي دکھا دے یا سنادے تو انکار نہیں، مگر اس کا ثبوت ہونا چاہیے،یہ عبارت کہاں تک درست ہے اور اس کے کہنے والے پر کیا حکم ہو گا؟,نبی کریمﷺ بھی انسان کامل اور افضل البشر ہیں اور انسان ہونے کے ناطے فی نفسہ آپ ﷺبھی دیکھنے اور سننے کی صفت رکھتے تھے۔ جیسے دوسرےانسان رکھتے ہیں، مگر آپ ﷺ عام  انسانوں سے بڑھ کر ایک نبی ہونے کی حیثیت سے عام انسانوں سے بدرجہا بڑامقام رکھتے تھے ، اس لیے آپ ﷺکی تمام صلاحیتیں عام انسانوں سے بڑھ کر تھیں، اور عام انسانوں کے ساتھ محض ظاہری مشابہت تھی ، لہٰذا خالی الذھن ہو کر اس ظاہری مشابہت کی بناء پر اگر سوال میںمذکورجملے استعمال کیے جائیں تو اس میں حرج نہیں ۔,عقائد,قیامت و آخرت,34180,2020-10-26,https://www.onlinefatawa.com/view_fatwa_unicode/34180/%D8%AD%D8%B6%D9%88%D8%B1-%D8%B9%D9%84%DB%8C%DB%81-%D8%A7%D9%84%D8%B3%D9%84%D8%A7%D9%85-%D8%B3%DB%92-%D9%85%D8%AA%D8%B9%D9%84%D9%82-%D8%B9%D8%A7%D9%85-%D8%A7%D9%86%D8%B3%D8%A7%D9%86%D9%88%DA%BA-%D8%B3%DB%92-%D8%A8%DA%91%DA%BE-%DA%A9%D8%B1-%D8%AF%DB%8C%DA%A9%DA%BE%D9%86%DB%92-%DB%8C%D8%A7-%D8%B3%D9%86%D9%86%DB%92-%DA%A9%D8%A7-%D8%B9%D9%82%DB%8C%D8%AF%DB%81-%D8%B1%DA%A9%DA%BE%D9%86%D8%A7
السلام علیکم! سوال یہ ہے کہ مسالک کے آپس کے اختلافات کی بنیاد پر کیا کسی شخص کو جہنم میں بھیجا جا سکتا ہے ؟ مثال کے طور پر دو بندے ہیں، دونوں اشخاص نیک نیت اور خلوص دل سے نماز روزے، زکوٰۃ وغیرہ کے پابند ہیں، حتی الوسع کوشش کرتے ہیں کہ ان سے کوئی گناہ سرزد نہ ہو، نہ ہی کسی گناہ کبیرہ میں ملوث رہے ہوں، حقوق اللہ اور حقوق العباد پورا کرنے کی کوشش کرتے ہوں، لیکن دونوں میں ایک شخص اہل سنت والجماعت (سنی العقیدہ ) ہے اور دوسرا شخص مسلک اہل حدیث سے تعلق رکھتا ہے؟ دونوں اشخاص اپنے مسالک کے بنیادی عقائد پر قائم ہیں تو قیامت کے دن دونوں کے ساتھ کیا معاملہ ہو گا ؟ کیا دونوں ہی جنت جائیں گے یا کوئی ایک جنت میں جائے گا؟ جزاک اللہ خیرا,اگر کوئی شخص قرآن و سنت کے مطابق عمل کرنے کا پابندہو اور حقوق اللہ اور حقوق العباد کی پاسداری کرنے کے ساتھ ساتھ گناہوں سے بچنے کی کوشش کرتاہو تو محض مسلکی یا فروعی اختلاف کی وجہ سے اسے جہنمی قرار دینا بڑی جسارت ہے، جس سے بہرحال اجتناب لازم ہے۔,عقائد,قیامت و آخرت,36205,2020-10-26,https://www.onlinefatawa.com/view_fatwa_unicode/36205/%DA%A9%DB%8C%D8%A7-%D9%85%D8%B3%D9%84%DA%A9%DB%8C-%D8%A7%D9%88%D8%B1-%D9%81%D8%B1%D9%88%D8%B9%DB%8C-%D8%A7%D8%AE%D8%AA%D9%84%D8%A7%D9%81-%DA%A9%DB%8C-%D8%A8%D9%86%DB%8C%D8%A7%D8%AF-%D9%BE%D8%B1-%DA%A9%D8%B3%DB%8C-%DA%A9%D9%88-%D8%AC%DB%81%D9%86%D9%85%DB%8C-%D9%82%D8%B1%D8%A7%D8%B1-%D8%AF%DB%8C%D8%A7-%D8%AC%D8%A7-%D8%B3%DA%A9%D8%AA%D8%A7-%DB%81%DB%92%D8%9F
میں یہ جاننا چاہتا ہوں کہ اہل بیت کی محبت ایمان کی شرائط میں شامل ہے اور کوئی شخص چاہے جتنا بھی نیک اعمال کیوں نہ کرے، اہل بیت کی محبت کے بغیر جنت میں نہیں جا سکے گا اور کوئی شخص چاہے کتناہی برا کیوں نہ ہو، اہل بیت کی محبت کی وجہ سے جنت میں چلا جائے گا اور کیا اہل بیت آخرت میں لوگوں کے جنتی یاجہنمي ہونے کا فیصلہ کریں گے یا لوگوں کی سفارش کریں گے؟ بہت سے لوگوں کا یہ ماننا ہے کہ اہل بیت کی محبت کے بغیر ایمان مکمل نہیں ہو تا اور انسان جنتی نہیں ہو سکتا، اگر کوئی شخص ایمان پر توشک نہیں کرتا، لیکن سیاسی اور تاریخی معاملات میں ان پر تنقید کر تا ہے تو کیا اس کا ایمان باقی رہے گا اور کیا اہل بیت دنیاوی، تاریخی اور سیاسی معاملات میں تنقید سے بالا تر ہیں؟ کچھ لوگ اہل بیت کی محبت کو بنیاد بنا کر دیگر صحابہ کرام پر تنقید کرتے ہیں اور جواب میں جب اہل بیت پر تنقید کر دی جائے تو کہتے ہیں کہ اپنے ایمان کی فکر کریں؟,دیگر اعمال و عقائد کو نظر انداز کر کے فقط اہل بیت کی محبت کا نعرہ لگا کر اس بنیاد پر لوگوں کو جنتی یا جہنمی قرار دینے کی تو شریعت میں کوئی اجازت اور حیثیت نہیں، بلکہ جنتی یا جہنمی ہونے کادارو مدار نبی کریمﷺ کے بتائے ہوئے اعمال و عقائد کو اپنانے یا ترک کرنے پر ہے، تاہم تمام صحابہ کرام اور خصوصاً اہل بیت رضوان اللہ علیہم اجمعین کے ساتھ محبت یا عداوت رکھنے کو نبی کریم ﷺ نے اپنے اور اللہ تعالی کے ساتھ محبت یاعد اوت رکھنے کے مترادف قرار دیا ہے ، لہٰذا تاریخی لحاظ سے صحابہ کرام رضوان اللہ علیہم اجمعین کے درمیان ہونے والے واقعات پر تبصرہ یا تنقید کرنے میں چونکہ عام لوگوں سے صحابہ کرام کی شان میں بے ادبی اور بے احترامی کا اندیشہ ہے، اس لیے اس حوالے سے بہترین موقف یہ ہے کہ ان کے متعلق سکوت اختیار کیا جائے ، لہٰذا عام لوگوں کو ان واقعات کے متعلق تبصرے کرنے کے بجائے خاموشی اختیار کرنی چاہیے۔,عقائد,قیامت و آخرت,36890,2020-10-26,https://www.onlinefatawa.com/view_fatwa_unicode/36890/%DA%A9%DB%8C%D8%A7-%D8%AC%D9%86%D8%AA%DB%8C-%D9%88-%D8%AC%DB%81%D9%86%D9%85%DB%8C-%DB%81%D9%88%D9%86%DB%92-%DA%A9%D8%A7-%D9%85%D8%B9%DB%8C%D8%A7%D8%B1-%D8%AD%D8%A8-%D8%A7%DB%81%D9%84-%D8%A8%DB%8C%D8%AA-%DB%81%DB%92%D8%9F
جمعۃ المبارک یا رمضان المبارک میں کوئی مسلمان یا کافر مرجائے تو کیا قبر میں ان پر کوئی رعایت ہو گی ؟,جو مسلمان جمعہ کے دن انتقال کر جاتا ہے تو وہ قبر کے عذاب سے مامون ہو جاتا ہے، اسی طرح رمضان المبارک کی برکت کی وجہ سے اسی ماہ انتقال کرنے والے مسلمانوں سے قبر کا عذاب ہٹا دیا جاتا ہے، لیکن کافر کے لۓ عذاب چونکہ دائمی ہے ،اس لۓ اس مبارک دن یا مبارک مہینے میں انتقال کی وجہ سے اس سے عذابِ قبر ہمیشہ کے لۓ ختم تو نہیں کیا جاتا ، البتہ علماءِ کرام نے ذکر کیا ہے کہ جمعہ مبارک اور رمضان المبارک میں اس کی سزا عارضی طور پر موقوف کر دی جاتی ہے ۔,عقائد,قیامت و آخرت,38540,0000-00-00,https://www.onlinefatawa.com/view_fatwa_unicode/38540/%D8%AC%D9%85%D8%B9%DB%81-%DA%A9%DB%8C-%D8%B1%D8%A7%D8%AA-%DB%8C%D8%A7--%D8%AF%D9%86-%DA%A9%D9%88-%D9%85%D9%88%D8%AA-%DA%A9%DB%8C-%D9%81%D8%B6%DB%8C%D9%84%D8%AA-%DA%A9%D8%A7-%D8%A8%DB%8C%D8%A7%D9%86
کیا فرماتے ہیں علماء کرام و مفتیان اس مسئلہ کے بارے میں کہ  عذاب قبر برحق ہے یا نہیں؟ اگر برحق ہے تو کونسی جگہ پر عذاب ہوگا؟ آیا عذاب اسی قبر میں ہوگا یا عالم برزخ میں؟ نیز عالم برزخ سے کیا مراد ہے؟,عذاب قبر بلاشبہ ثابت اور برحق ہے جو نافرمان بندوں کو عالم برزخ میں دیا جائےگا۔ اور برزخ سے مراد مرنے کے بعد سے لے کر دوبارہ اُٹھائے جانےکا زمانہ ہےخواہ مردہ قبر میں دفن کر دیا جائے یا کہیں گل سڑ جائے وغیرہ، پھر چونکہ مردے کی تعظیم و تکریم کی بناء پر اُسے باضابطہ قبر میں دفن کیا جاتا ہے اور یہی حکمِ شرعی بھی ہے۔ اس مناسبت سے عذاب برزخ کو عذاب قبر سے تعبیر کیا جاتا ہے۔,عقائد,قیامت و آخرت,58665,,https://www.onlinefatawa.com/view_fatwa_unicode/58665/%D8%B9%D8%B0%D8%A7%D8%A8-%D9%82%D8%A8%D8%B1-%D8%A8%D8%B1%D8%AD%D9%82-%DB%81%DB%92---%D8%B9%D8%A7%D9%84%D9%85-%D8%A8%D8%B1%D8%B2%D8%AE-%DA%A9%DB%81%D8%A7%DA%BA-%DB%81%DB%92-%D8%9F
کیا فرماتے ہیں مفتیانِ کرام اس مسئلے کے متعلق جو لوگ مرنے کے بعد جلادئیے  جاتے ہیں یا سمندر میں غرق ہوجاتے ہیں اسی طرح کوئی درندہ  ان کو کھالیتا ہے تو ان کو عذابِ قبر کس طرح ہوتا ہے اور جو فرقہ عذاب قبر کا منکر ہو اس کے متعلق کیا رائے ہے؟ قرآن و سنت کی روشنی میں وضاحت فرمائیں، مہربانی ہوگی۔ المستفتی: عبد اللہ جوزی، فرنٹیر کالونی نمبر۳,جملہ اہلِ سنت والجماعت اس عقیدہ پر متفق ہیں کہ قبر اور برزخ میں اہل ایمان اور اصحابِ طاعات کو لذت و سرور نصیب ہوتا ہے اور کفار و منافقین اور گناہگاروں کو عذاب و تکلیف حاصل ہوتی ہے اس میں کسی شک و شبہ کی کوئی گنجائش نہیں ہے قرآن و سنت اور اجماعِ امت کے صریح دلائل کے پیش نظر یہ عقیدہ اتنا مضبوط ہے کہ حضرات فقہاء کرامؒ کا ذمہ دار گروہ  عذابِ قبر کے منکر کو کافر کہتا ہے۔ (تسکین الصدور: ص۸۲)   ٭ اس کے بعد واضح ہو کہ مرنے کے بعد آدمی جہاں بھی ہو اس کے اجزائے بدن سے بلاشبہ روح کا تعلق رہتا ہے گو نیکوں کی روحیں عِلّیین میں ہوتی ہیں اور بَدوں کی سجّین میں، خواہ کسی کو قبر میں دفن کریں خواہ جلادیں خواہ وہ ڈوب جائے ذرّے ذرّے کے ساتھ روح کا تعلق (بالاتراز فہم) رہتا ہے اس کی نظیر ایک تار برقی ہی کافی ہے تارِ برقی کا تعلق دیکھئے کہاں سے کہاں تک رہتا ہے ایسا ہی روح کا تعلق باوجود علیّین و سجّین میں ہونے کے، بدن کے ساتھ بھی ہے اور ضرور ہے مگر اس کو دنیا کی آنکھیں محسوس نہیں کرسکتیں کیونکہ عالم غیب کے اسرار  دنیا دار کی  آنکھیں نہیں دیکھ سکتیں  اور نہ دکھایا جانا ہی مناسب ہے، کیونکہ پھر ایمان بالغیب نہیں رہے گا۔ الخ (بحوالہ تسکین الصدور: ص۹۷)  ٭ لہٰذا جو لوگ عذابِ قبر کے منکر ہیں وہ ان نصوص اور اجماعِ امت کا انکار کرنے کی وجہ سے راہِ حق سے دُور اور گمراہ ہیں جن کی بات سننے اور اس پر عمل سے احتراز لازم ہے۔ واللہ اعلم!,عقائد,قیامت و آخرت,58699,,https://www.onlinefatawa.com/view_fatwa_unicode/58699/%D8%B9%D8%B0%D8%A7%D8%A8-%D9%82%D8%A8%D8%B1-%D8%B3%DB%92-%D9%85%D8%AA%D8%B9%D9%84%D9%82-%D8%B9%D9%82%DB%8C%D8%AF%DB%81---%DA%A9%DB%8C%D8%A7-%D8%B9%D8%B0%D8%A7%D8%A8-%D9%82%D8%A8%D8%B1-%D8%A8%D8%B1%D8%AD%D9%82-%DB%81%DB%92%D8%9F
کیا فرماتےہیں علماءِ کرام و مفتیانِ عظام درج ذیل مسائل  کے بارے میں کہ: ۱۔	 کیا مدرسہ سے ان طلباء کا وظیفہ لینا جائز ہے اور اسی طرح کھانا، کھانا جو اگرچہ خود صاحب حیثیت نہیں،مگر کسی کے زیر سرپرستی مثلا والد، بھائی وغیرہ کے ہوں، جبکہ وہ سیدبھی نہ ہوں۔ ۲۔	 قبر میں حضورﷺ کی شبیہ آتی ہے یا صرف ان کے بارے میں سوال کیا جاتا ہے؟ ۳۔	کندھے پر رومال رکھنا کیسا ہے سنت ہے یا نہیں؟ نیز ہاتھ ملا کر سینہ پر  رکھنا کیسا ہے؟,۱۔	مذکور قسم کے عاقل بالغ اور مستحق طلباء کرام کے لیے مدرسہ سے وظیفہ لینا اور کھانا، کھانا ہر دو امور جائز اور درست ہیں۔ ۲۔ 	قبر میں حضورﷺ سے متعلق سوال ہونے اور احادیثِ مبارکہ سے آپ علیہ السلام کی شبیہ سامنے لانے کی تصریح بھی ملتی ہے، مگر شرّاحِ حدیث نے شبیہ والی حدیث کو ان لوگوں کے ساتھ مخصوص قرار دیا ہے، جنہوں نے حیاتِ مبارکہ میں آپ علیہ السلام کی زیارت کی ہو۔ ۳۔ 	کندھے پر رومال رکھنا اگرچہ سنت نہیں، مگر نماز جیسی عبادت کے لیے اس قسم کے کسی کپڑے وغیرہ کا ساتھ رکھنا بلاشبہ محمود ہے، جبکہ مصافحہ کے بعد سینہ پر ہاتھ رکھنا بدعت ہے،جس سے احتراز چاہیے۔,عقائد,قیامت و آخرت,58729,2010-03-04,https://www.onlinefatawa.com/view_fatwa_unicode/58729/-%D9%82%D8%A8%D8%B1-%D9%85%DB%8C%DA%BA-%D8%AD%D8%B6%D9%88%D8%B1%D8%91-%DA%A9%DB%8C-%D8%B4%D8%A8%DB%8C%DB%81-%D8%A7%D9%93%D8%AA%DB%8C-%DB%81%DB%92-%DB%8C%D8%A7-%D9%81%D9%82%D8%B7-%D8%B3%D9%88%D8%A7%D9%84-%DB%81%D9%88%D8%AA%D8%A7-%DB%81%DB%92%D8%9F
کیا فرماتےہیں علماءِ کرام و مفتیانِ عظام اس مسئلہ کے بارے میں کہ پارہ نمبر ۷، رکوع نمبر۱۳، آیت نمبر۱۰۲ سے ۱۰۳ کا ترجمہ اور تفصیل بتائیے اور بتائیے کہ حضور کا وسیلہ دینا ٹھیک ہے یا کسی اورکا؟  کیابغیر وسیلہ کے اللہ تعالیٰ نہیں سنتے؟ قرآن اور حدیث سے وضاحت بیان کی جائے،  کیاحضور اور دوسرے ولی قبر میں زندہ ہیں  اور کیا  وہ تمام لوگوں کی باتیں سنتے ہیں؟ تفصیل سے جواب دیں۔,"مذکور آیت کی تشریح و تفسیر کے لیے معارف القرآن  مصنفہ مفتی محمد شفیع عثمانی رحمہ اللہ ملاحظہ فرمائیں"" اس میں کوئی شک نہیں کہ اللہ تعالیٰ ہر انسان کی دعا سنتا اور قبول فرماتا ہے، مگر یہ حقیقت ہے کہ بعض لوگوں کی یا بعض طریقوں سے دعا زیادہ جلدی قبول ہوتی ہے۔ وسیلہ میں یہی چیز مطلوب ہوتی ہے، اس لیے اولیاء اللہ، صلحاء اور نبی کریمﷺ اور اعمالِ صالحہ کے وسیلہ سے دعا مانگنا بلاشبہ جائز اور صحابہ کرام و تابعین کے طرزِ عمل سے ثابت ہے، لہٰذا بایں طور کہ ""اے اللہ نبی کریمﷺ کے واسطے میری دعا قبول فرما"" دعا مانگنا جائز ہے۔ تمام انبیاء علیہم السلام اپنی قبور میں زندہ ہیں اور یہ حیات برزخی ہے جو کہ شہیدوں کی حیاتِ برزخی اور دنیوی حیات سے قوی تر ہے، جبکہ آپﷺ اپنی قبر کے پاس پڑھے جانے والے درود شریف کو بنفس نفیس خود سنتے ہیں اور دور سے پڑھے جانے والے درود آپﷺ پر پیش کیے جاتے ہیں۔ البتہ عام مسلمین کے سماع کا مسئلہ قرونِ اولیٰ سے مختلف فیہ رہا ہے، بعض صحابہ سماع کے قائل تھے اور بعض عدمِ سماع کے، اس لیے بہتر یہ ہے کہ جن مواقع میں روایاتِ صحیحہ سے سننا ثابت ہے وہاں پر سماع کا عقیدہ رکھا جائے اور جہاں ثابت نہیں، بلکہ دونوں احتمال ہیں وہاں توقّف کیا جائے۔",عقائد,قیامت و آخرت,58747,2006-09-21,https://www.onlinefatawa.com/view_fatwa_unicode/58747/%D8%AD%DB%8C%D8%A7%D8%AA-%D8%A7%D9%86%D8%A8%DB%8C%D8%A7%D8%A1-%D9%88-%D8%A7%D9%88%D9%84%DB%8C%D8%A7%D8%A1
کیا فرماتے ہیں علمائے کرام اس بارے میں کہ اگر کوئی مسلمان گناہ کرے  اور مثال کے طور پر اس گناہ کی وجہ سے چودہ سال کی سزا  لاگو آئے اور جب وہ مرجائے تو جب قبر میں جائے تو اس کو گناہ کی وجہ سے قبرمیں عذاب ہو ، اور دنیا ختم ہونے میں پندرہ سال ہوں اور وہ قبر میں پندرہ سال رہے اور اس عرصے میں وہ عذاب سہتا رہے اور جب پندرہ سال کے بعد اللہ تعالیٰ کے دربار میں حاضر ہو تو فیصلے کے بعد اس دن یعنی قیامت کے دن سے اس کو چودہ سال کی سزا ہوگی اور اگر ہوگی تو قبر میں عذاب کا کیا جواز  بنتا ہے؟ اور اگر اس نے قبر میں عذاب سہہ لیا ہے تو آخرت میں زندگی کے گناہ کا عذاب کیونکر ہوگا؟,جاننا چاہئے کہ عذابِ قبر اور عذابِ آخرت (یعنی عذابِ جہنم) دونوں برحق ہیں اور نصوصِ قطعیہ سے ثابت ہیں اور ان کے حق ہونے کا اعتقاد رکھنا بھی ضروری ہے، البتہ عذاب قبر کو عذابِ آخرت سے وہی نسبت ہے جو کسی دنیاوی مجرم کو اصل جرم کی سزا دینے سے قبل حوالات میں بند کرنے سے ہے یعنی جس طرح اسے اصل جرم کی سزا حوالات سے نکالنے کے بعد دی جاتی ہے اسی طرح اُخروی مجرم جو اللہ تعالیٰ کے احکام سے منہ موڑ کر خواہشاتِ نفسانیہ کے مطابق زندگی گزارے تو اسے بھی اس کی اصل سزا  قبر سے نکالنے کے بعد جہنم میں دی جائے گی۔ باقی رہی یہ بات کہ کس کو قبر میں کتنا عرصہ رکھنا ہے اور کتنا عذاب قبر میں دینا ہے یہ سب امور اللہ تعالیٰ کے اختیار میں ہیں، ان امور میں وہ کسی دوسرے سے مشورہ لینے کے محتاج نہیں بلکہ وہ خود ہی فیصلہ فرماتے ہیں، ہاں یہ ضرور ہے کہ ان کے دربار میں کسی پر ظلم نہیں ہوتا ،لہٰذا جس انسان کیلئے اس کے جرائم کے مطابق صرف عذابِ قبر ہی طے فرمادیا ہے تو اسے فقط عذاب قبر ہی ہوگا اور جس کیلئے عذابِ آخرت طے فرمادیا ہے اسے وہیں عذاب ہوگا  قبر میں نہیں، اور جس کیلئے دونوں جگہ عذاب دینا طے فرمادیا ہے اسے دونوں جگہ عذاب دیا جائے گا اور یہ ہر انسان کے اپنے اعمال و افعال پر منحصر ہے۔ لہٰذا سائل کا بطورِ تمثیل چودہ (۱۴) سال کی مثال بیان کرنا ایک فرضی اور من گھڑت بات ہے جسے حقیقت سے کوئی تعلق نہیں بلکہ محض قیل وقال پر مبنی ہے اور عام طور پر اس قسم کی قیل وقال اور بے بنیاد باتیں ہلاکت وگمراہی کا ذریعہ بن جاتی ہیں، اس لئے سائل کو چاہئے کہ سادہ لوح مسلمانوں کو گمراہ کرنے والی اس قسم کی بے بنیاد باتوں سے احتراز کرے۔,عقائد,قیامت و آخرت,58753,1995-02-02,https://www.onlinefatawa.com/view_fatwa_unicode/58753/%D8%B9%D8%B0%D8%A7%D8%A8%D9%90-%D9%82%D8%A8%D8%B1
کیا فرماتے ہیں علماءِ دین عذابِ قبر کے بارے میں ،کہ ایک شخص ہوائی جہاز میں سفر کررہا ہے اور وہ جہاز سمندر کے اوپر سفر کرتا ہے سفر کے دوران جہاز پھٹ گیا اور اس شخص کا جسم ٹکڑے ٹکڑے ہوگیا، کیا اس کے لئے قبر کا عذاب ہے یا نہیں ؟تفصیل سے جواب دیں۔ شکریہ,عذابِ قبر حق اور احادیثِ صحیحہ سے ثابت ہے، لیکن قبر سے مراد صرف وہ گھڑا نہیں جس میں میت دفن کی جاتی ہے بلکہ اس سے مراد عالمِ برزخ ہے (یعنی مرنے کے بعد سے قیامت تک کا زمانہ) اس زمانہ میں وہ جہاں بھی ہوگا اس کے ساتھ ثواب و عذاب کا معاملہ ہوگا۔,عقائد,قیامت و آخرت,58821,1995-02-02,https://www.onlinefatawa.com/view_fatwa_unicode/58821/%D8%B9%D8%B0%D8%A7%D8%A8%D9%90-%D9%82%D8%A8%D8%B1-%D8%AD%D9%82-%DB%81%DB%92
کیا فرماتے ہیں علماءِکرام ان مسائل کے بارے میں کہ (۱) جب ہم اس دنیا میں اللہ سے مدد کے طالب ہوتے ہیں تو  کیا یہ ضروری ہے کہ ہم اس کے پیغمبر، اولیاء، الہامی دوست کا وسیلہ دیں؟ (۲) اگر کوئی مردہ ولی کا وسیلہ دے تو کیا وہ بدعتی ہوگا؟ (۳) کیا کوئی حدیث یا قرآنی آیت جو حقیقی مردہ اولیاء کو بیان کرتی ہو سوائے شہداء کے ، جو موت کے بعد بھی زندہ ہیں؟ سوال کے جواب قرآن و حدیث کی روشنی میں دیں اور (چھ کتابوں کے) کسی معترض حدیث، قول، ولی یا علماء کا حوالہ نہ دیں۔,(۱) کسی بندہ کی اللہ تعالیٰ کے سامنے راز و نیاز اور دعامانگنے کے دوران قبولیتِ دعا کیلئے کسی زندہ یا مردہ بزرگ شخصیت کا وسیلہ دینا شرعاً کوئی لازم نہیں، البتہ مطلقاً جائز ہے۔ اس کے بعد واضح ہو کہ عوام الناس میں مشہور اور مروّج طریقہ وسیلہ کا نہیں بلکہ استمداد کا عام ہے کہ غیر اللہ سے مدد طلب کرتے ہیں اور وسیلہ بایں معنیٰ بلاشبہ ناجائز و حرام اور شرک کے مترادف ہے، ہاں اگر کوئی شخص اللہ تعالیٰ سے اس طرح دعا کرے کہ اپنے فلاں فلاں نیک اور بزرگ بندوں کے طفیل اور ان کے وسیلہ، یا خود اپنے عمل کے وسیلہ سے ہماری یہ پریشانی و مشقت دور کردی جائے تو یہ منع نہیں اور اس کا جواز واضح نصوص سے بھی ثابت ہے۔ (۲) وسیلہ بمعنی استمداد تو ناجائز ہے اور مطلقاً وسیلہ جائز ہے اس کا ارتکاب موجب بدعت نہیں، لہٰذا ایسے شخص کو بدعتی کہنا درست نہیں، اس سے احتراز چاہئے۔ (۳) سائل کی اس سوال سے کیا غرض ہے بندہ کی سمجھ میں نہیں آئی لہٰذا سائل کو چاہئے کہ اس آخری سوال سے اپنی مراد واضح کرکے اسے دوبارہ ای میل کردے تاکہ حکم شرعی بیان کیا جاسکے۔ واﷲ اعلم,عقائد,قیامت و آخرت,58823,2000-02-02,https://www.onlinefatawa.com/view_fatwa_unicode/58823/%D9%88%D8%B3%DB%8C%D9%84%DB%81-%DA%A9%DB%8C-%D8%AD%D9%82%DB%8C%D9%82%D8%AA-%D8%A7%D9%88%D8%B1-%D8%A7%D8%B3-%DA%A9%DB%8C-%D8%B4%D8%B1%D8%B9%DB%8C-%D8%AD%DB%8C%D8%AB%DB%8C%D8%AA-
کیا فرماتے ہیں علماءِ کرام اس مسئلہ کے بارے میں کہ ان دنوں ہمارے گاؤں میں حیاۃ النبی ﷺ کے موضوع پر مناظرہ ہورہا ہے ایک فریق کا مؤقف ہے کہ آپ ﷺ اپنی قبر مبارک میں زندہ ہیں دنیاوی زندگی کی طرح ،اور دوسرے فریق کا مؤقف یہ ہے کہ وہ زندہ ہیں لیکن اس کی کیفیت اللہ تعالیٰ ہی کو معلوم ہے ہمیں اس کی خبر نہیں ہوسکتی، براہِ کرم اس موضوع میں ہماری مدد فرمائیں۔ شکریہ,اہلِ سنت والجماعت کا عقیدہ یہ ہے کہ نبی کریم ﷺ اپنے روضۂ اطہر میں حیات ہیں اور آپ کی یہ حیات مثلِ دنیاوی حیات بلکہ اس سے بھی اعلیٰ وارفع ہے یہی وجہ ہے کہ انبیاء کرام علیہم السلام کی نہ میراث تقسیم ہوتی ہے نہ ان کی ازواج مطہرات سے بعد میں کوئی نکاح کرسکتا ہے اس لئے حدیثِ مبارک کی رو سے جو شخص روضۂ اطہر کے پاس آپ علیہ الصلوٰۃ والسلام پر درود پڑھتا ہے تو آپ علیہ السلام اس کو خود سنتے ہیں اور جواب بھی دیتے ہیں اور جو شخص دور سے درود پڑھتا ہے تو اللہ رب العزت فرشتوں کے ذریعے آپ ﷺ تک پہنچاتے ہیں، مگر بایں ہمہ یہ حیاتِ برزخی ہے جبکہ یہ مسئلہ محض علمی ہے عوام میں اس قسم کے مسائل بیان کرنے اور اس پر مناظرے کرنے سے احتراز لازم ہے۔,عقائد,قیامت و آخرت,58838,2202-02-02,https://www.onlinefatawa.com/view_fatwa_unicode/58838/%D9%82%D8%A8%D8%B1-%D9%85%D8%A8%D8%A7%D8%B1%DA%A9-%D9%85%DB%8C%DA%BA-%D8%AD%D8%B6%D9%88%D8%B1-%D9%BE%D8%B1-%D9%86%D9%88%D8%B1-%EF%B7%BA-%DA%A9%DB%8C-%D8%AD%DB%8C%D8%A7%D8%AA
کیا فرماتے ہیں علماءِ کرام اس مسئلہ کے بارے میں کہ کیا مرنے کے بعد سزا جسمِ انسانی پر ہوگی یا روحِ انسان پر، انسان کا جسم تو عموماً سات سے پندرہ دن کے اندر اندر سڑ جاتا ہے (سوائے جسد شہداء کے) اور روح کہیں لوٹ جاتی ہے (مجھے معلوم نہیں) اگر موت سے لے کر قیامت کے فیصلے کے دن تک روح پر سزا ہوتی ہو تو پھر روزِ قیامت میت دوبارہ زندہ کی جائے اور جزایا سزا کے خاطر جہنم میں بھیج دیا جائے یہ کیونکر ضروری ہے؟ میں سوال کی صحیح وضاحت نہیں کرپارہا اور یہ بھی نہیں معلوم کہ اس طرح کے سوالات کرنے کے ہیں یا نہیں، بہرحال اس طرح کے کئی سوالات میرے ذہن میں ہیں اور برائے مہربانی یہ بھی بتائیں کہ انسانی جسم کسی حادثہ کی وجہ سے یا پانی میں یا فضاء میں بالکل ضائع ہوجائے تو اس صورت میں فرشتوں کو کس طرح جواب دیا جاسکتا ہے؟ برائے مہربانی قرآنی آیات اور احادیث کے حوالجات کے ساتھ جواب ارسال فرمائیں۔ میرے بارے میں کوئی بات دل میں نہیں رکھئے گا میں مسلمان اور پانچ وقت کی نماز کا پابند ہوں اس طرح کے سوالات کرنے کا مقصد دل میں آنے والے خیالات کو دور کرنا ہے مجھے اس بات میں کوئی شک نہیں ہے کہ اللہ تعالیٰ قادرِ مطلق ہیں جہاں چاہیں جس وقت چاہیں جو چاہیں سب کچھ کرسکتے ہیں قیامت میں دوبارہ زندہ کئے جانے پر کوئی شک نہیں ،پکا ایمان ہے، آسمان سیارے وغیرہ کے پیدا کرنے میں اللہ تعالیٰ کے یہاں کچھ مادّی ومنوی وجوہات ہوتی ہیں (سوائے معجزات کے) جن میں بعض وجوہات سائنس کی ترقی کے بعد بالکل واضح ہوچکی ہیں اور بعض مستقبل قریب میں واضح ہوجائیں گی، امید ہے آپ نے میرا  سوال اچھی طرح سمجھ لیا ہوگا رہنمائی فرمائیں۔ شکریہ,قرآنی آیات و احادیث اس بات پر صراحۃً دلالت کرتی ہے کہ عذابِ قبر روحِ انسانی کے ساتھ ساتھ جسم کو بھی ہوگا چاہے وہ جسم ختم ہوکر قبر کی مٹی میں مل گیا ہو، پانی میں ڈوب گیا ہو، جل گیا ہو یا اور کوئی صورت ہو اور یہ بات چونکہ فقط شارع علیہ السلام کے خبر دینے پر موقوف ہے عقل کا اس میں کوئی دخل نہیں اس لئے اس میں زیادہ غور و خوض نہیں کرنا چاہئے بلکہ جتنی بات جس کیفیت کے ساتھ قرآن و حدیث سے ثابت ہے اس پر بغیر کسی شک وشبہ کے ایمان لاکر اس کی تیاری میں لگنا چاہئے رہی یہ بات کہ قیامت سے پہلے قبر میں مردہ کو عذاب کیوں ہوتا ہے تو اس کو عام فہم مثال سے اس طرح سمجھنا چاہئے کہ جس طرح جب کسی مجرم کو پکڑا جاتا ہے تو فیصلہ آنے تک اس کو بطورِ سزا حوالات میں رکھا جاتا ہے اور فیصلہ آنے کے بعد قرارِ واقعی سزا جاری کی جاتی ہے بلاتشبیہ اسی طرح گناہ گار آدمی کو قیامت کے واقع ہونے تک قبر میں بطورِ سزا رکھا جاتا ہے اور پھر قیامت کے دن ضابطہ کے مطابق اس کا فیصلہ سنانے کے بعد واقعی سزا دی جاتی ہے مگر واضح ہو کہ قبر سے مراد برزخ ہے جو مستقل عالم ہے جس میں ہونے والی جزا و سزا کا ان مادّی آنکھوں سے مشاہدہ ممکن نہیں اور اس سزاکا ہونا قبر کے اس ظاہری گھڑے میں رکھے جانے پر موقوف نہیں بلکہ مرنے کے بعد آدمی جہاں کہیں بھی ہو اس پر جزا وسزا کا اثر مرتب ہوتا ہے۔,عقائد,قیامت و آخرت,58842,2009-03-22,https://www.onlinefatawa.com/view_fatwa_unicode/58842/%D9%82%D8%A8%D8%B1-%D9%85%DB%8C%DA%BA-%D8%B5%D8%B1%D9%81-%D8%B1%D9%88%D8%AD-%DA%A9%D9%88-%D8%B9%D8%B0%D8%A7%D8%A8-%D8%AF%DB%8C%D8%A7-%D8%AC%D8%A7%D8%AA%D8%A7-%DB%81%DB%92-%DB%8C%D8%A7-%D8%AC%D8%B3%D9%85-%DA%A9%D9%88-%D8%A8%DA%BE%DB%8C
"تبلیغی بزرگ سے سنا ہے ""جنت میں حضرت آسیہ اورحضرت مریم رضی اللہ عنہما رسول اللہ ﷺ کی بیویوں  میں سے ہوں گی، یہ بات کہاں  تک درست ہے؟ اور کیا اس کا حوالہ کسی کتاب  میں ہے؟",یہ بات درست ہے اور بہت سی روایات سے ثابت بھی ہے، ذیل میں چند روایات درج کی جارہی ہیں ۔,عقائد,قیامت و آخرت,59916,0000-00-00,https://www.onlinefatawa.com/view_fatwa_unicode/59916/-%D8%AC%D9%86%D8%AA-%D9%85%DB%8C%DA%BA-%D8%AD%D8%B6%D8%B1%D8%AA-%D8%A7%D9%93%D8%B3%DB%8C%DB%81%D8%93-%D8%A7%D9%88%D8%B1-%D8%AD%D8%B6%D8%B1%D8%AA-%D9%85%D8%B1%DB%8C%D9%85-%D8%B1%D8%B6%DB%8C-%D8%A7%D9%84%D9%84%DB%81-%D8%B9%D9%86%DB%81%D9%85%D8%A7-%DA%A9%D8%A7-%D8%A7%D9%93%D9%BE%D8%90-%DA%A9%DB%8C-%D8%A7%D8%B2%D9%88%D8%A7%D8%AC-%D9%85%DB%8C%DA%BA-%D8%B4%D8%A7%D9%85%D9%84-%DB%81%D9%88%D9%86%D8%A7
کیا فرماتے ہیں  علماءِ کرام اس مسئلہ میں کہ کیا کوئی بزرگ مرنے کے بعد جسمانی طور پر کسی تنازع کو حل کرنے کیلۓ آسکتے ہیں؟ خود عالم میں تصرف کر کے اپنا جسم بنا کر اور معاملہ کو حل کراکر واپس چلے جائیں، جبکہ کسی نے انہیں اس مسئلہ کو حل کرنے کیلۓ پکارا یا مدد کیلۓ بلایا بھی نہ ہو ، اگر کوئی شخص ایسا عقیدہ رکھے تو اس کے بارے میں شریعتِ مطہرہ کیا حکم لگاتی ہے؟ براہِ کرم قرآن و سنت کی روشنی میں جواب مرحمت فرمائیں ۔,عام حکم اور عقیدہ تو یہی ہے کہ مرنے کے بعد آدمی دوبارہ اس وقت ہی زندہ ہوگا جب یوم البعث میں تمام اموات اٹھا ئے اور زندہ کئے جائیں گے،مگر اس عام قاعدہ سے  ہٹ کر قرآن کریم اور احادیثِ مبارکہ میں ایسی مثالیں ملتی ہیں کہ خرقِ عادت کے طور پر اللہ تعالیٰ نے محض اپنی قدرتِ کا ملہ سے بعض مردوں کو زندہ فرمایا ،جیسے حضرت عزیر علیہ السلام اور انکے گدھے کا سو سال بعد زندہ فرمانا وغیرہ ،یا کسی نبی کا بطورِ معجزہ کسی کو زندہ کر دینا جو خرقِ عادت اور اللہ  تعالیٰ کا فعل ہے ،اسی طرح اہلِ سنت و الجماعت کے نزیک کرامت بھی برحق اور خرقِ عادت محض اللہ کی قدرت کی ایک شکل ہے ، اس لۓ کسی بزرگ کو اگر اللہ رب العزت جسم مثالی یا عنصری کے ساتھ متشکل فرماکر عارضی حیات عطا فرمادیں اور وہ اس دوران قضیہ بھی حل فرمادیں تو یہ بھی اللہ کی قدرت کا مظہر ہے، اس میں کوئی قابلِ اشکال بات نہیں، مگر ہر ولی کے متعلق یہ نظریہ رکھنا کہ وہ جب چاہے اپنے آپ کو حیات عطا کر دے اور اسے محض ولی کا فعل سمجھنا درست نہیں، بلکہ یہ اللہ کی طرف سے اس کی کرامت اور عزت ہے جو عام قاعدہ سے ہٹ کر کبھی کبھار اللہ کے ارادہ و اختیار اور اس کی قدرت سے ظہور پذیر ہوتا ہے۔,عقائد,قیامت و آخرت,59960,2019-11-02,https://www.onlinefatawa.com/view_fatwa_unicode/59960/%DA%A9%D8%B3%DB%8C-%D8%A8%D8%B2%D8%B1%DA%AF-%DA%A9%D8%A7-%D8%A7%D9%86%D8%AA%D9%82%D8%A7%D9%84-%DA%A9%DB%92-%D8%A8%D8%B9%D8%AF-%D9%84%D9%88%DA%AF%D9%88%DA%BA-%DA%A9%DB%92-%D9%BE%DA%A9%D8%A7%D8%B1%D9%86%DB%92-%D9%BE%D8%B1-%D8%A7%D9%86-%DA%A9%DB%8C-%D9%85%D8%AF%D8%AF-%DA%A9%DB%92%D9%84%DB%93-%D8%AD%D8%A7%D8%B6%D8%B1-%DB%81%D9%88%D9%86%D8%A7-%D8%A7%D9%88%D8%B1-%D8%A7%D8%B3-%DA%A9%D8%A7-%D8%B9%D9%82%DB%8C%D8%AF%DB%81-%D8%B1%DA%A9%DA%BE%D9%86%D8%A7
کیا فرماتے ہیں مفتیانِ کرام اس مسئلہ کے بارے میں کہ میرے رضاعی بھائی ہیں جو کہ رشتہ میں میری بیٹی کے خالو لگتے ہیں اور میرے ماموں بھی ہیں ، ان کا ایمان انتہائی ناقص ہے، وہ کہتے ہیں کہ دنیا خود بخود ہی وجود میں آگئی ہے ، جیسا کہ سائنس ثبوت دیتی ہے کہ ذرہ ذرہ جمع ہوئے تو خود ہی عناصر کے مجموعہ سے بن گئی ،  حضرت عیسی بن مریم علیہ السلام کے بارے میں عقیدہ ہے کہ سائنس ایسے بچہ کی پیدائش کا ثبوت نہیں دیتی ، نہ ہی نماز پڑھتے ہیں اور نہ ہی قرآن کو ہاتھ لگاتے ہیں اور نہ ہی روزہ رکھتے ہیں اور بعث بعد  الموت کے منکر ہیں ،اگر ان کو سمجھا یا جائے تو سائنسی دلائل کیساتھ بحث کرتے ہیں تو کیا ان سے کفر ثابت ہوا  اور اگر ان سے کفر ثابت ہوا ،تو ان سے پردہ کرنا بھی لازم ہوگیا ، حالانکہ شرعی لحاظ سے میری بیٹی کا ان سے پردہ تو نہیں، ایسی صورتحال میں میری بیٹی کا ان سے پردہ ہے یا نہیں؟,مفتی غیب نہیں جانتا ، وہ سوال کے مطابق  جواب دینے کا پابند ہے، سوال کے سچ یا جھوٹ ہونے کی اصل ذمہ داری سائل پر عائد ہوتی ہے ، اس مختصر تمہید کے بعد واضح ہو کہ صورتِ مسئولہ کا بیان اگر واقعۃً درست ہو تو ایسا شخص اپنے باطل عقائد و نظریات کی بناء پر قرآن کریم کی صریح آیات اور احادیثِ متواترہ کے انکار کی وجہ سے دائرۂ اسلام سے خارج ہے، اس  پر لازم ہے کہ وہ اپنے باطل نظریات سے توبہ و استغفار کرنے کے ساتھ ساتھ تجدیدِ ایمان کرے اور تعلیماتِ اسلامیہ کے موافق عقائد و نظریات کی درستگی کرے۔ جبکہ ایسے شخص سے فتنہ کا اندیشہ نہ ہو تو اس سے اگرچہ شرعاً پردہ نہیں، لیکن اس کے ساتھ بحث و مباحثہ سے احتراز چاہیۓ۔,عقائد,قیامت و آخرت,60070,2009-07-25,https://www.onlinefatawa.com/view_fatwa_unicode/60070/%D8%AF%D9%86%DB%8C%D8%A7-%DA%A9%DB%92-%D8%AE%D9%88%D8%AF-%D8%A8%D8%AE%D9%88%D8%AF-%D9%88%D8%AC%D9%88%D8%AF-%D9%85%DB%8C%DA%BA-%D8%A7%D9%93%D9%86%DB%92-%D8%A7%D9%88%D8%B1-%D8%A8%D8%B9%D8%AB-%D8%A8%D8%B9%D8%AF-%D8%A7%D9%84%D9%85%D9%88%D8%AA-%DA%A9%DB%92-%D9%86%DB%81-%DB%81%D9%88%D9%86%DB%92-%DA%A9%D8%A7-%D8%B9%D9%82%DB%8C%D8%AF%DB%81-%D8%B1%DA%A9%DA%BE%D9%86%D8%A7
کیا فرماتے ہیں علماءِ کرام اس مسئلہ کے بارے میں کہ   شیطان آ گ سے بنا ہے اس کی سزا کیا ہوگی ؟ کیونکہ انسان تو مٹی سے بنا ہے ۔,شیطان کے آ گ سے پیدا ہونے کا ہرگز یہ مطلب نہیں کہ وہ بذاتِ خود ایک جلتی آ گ کا شعلہ اور انگارہ ہے ، بلکہ اس سے شیطان کا مادۂ  خلقت  ، جو ہر اور اصل مراد ہے ،  جیسے انسان کا مادہ اور جوہر مٹی ہے اور اسے مٹی کا ڈھیلا مارنے سے تکلیف ہوتی ہے  ،  اسی طرح شیطان کو بھی آ گ کے ذریعہ جلانے سے تکلیف ضرور ہوگی ، جبکہ جہنم کی آگ دنیاوی  آگ سے بدرجہا تیز اور شدت والی ہے۔,عقائد,قیامت و آخرت,60326,2003-04-18,https://www.onlinefatawa.com/view_fatwa_unicode/60326/%D8%B4%DB%8C%D8%B7%D8%A7%D9%86-%DA%A9%D8%A7-%D8%A7%D9%93%DA%AF-%D8%B3%DB%92-%D8%A8%D9%86%DB%92-%DB%81%D9%88%DB%93-%DB%81%D9%88%D9%86%DB%92-%DA%A9%DB%92-%D8%A8%D8%A7%D9%88%D8%AC%D9%88%D8%AF-%D8%8C-%D8%AC%DB%81%D9%86%D9%85-%DA%A9%DB%8C-%D8%A2-%DA%AF-%D9%85%DB%8C%DA%BA-%D8%B3%D8%B2%D8%A7-%D9%BE%D8%A7%D9%86%D8%A7
خدا کے دیدار کے سلسلے میں شریعت کیا کہتی ہے ، دیدار کیسے ہوگا ؟ پوری تفصیل سے آ گاہ  فرمائیں۔,تمام اہلِسنت و الجماعۃ  کا اس بات پر اجماع ہے کہ آخرت میں ایمان والے دیدارِ الٰہی سے بہرہ ور ، جبکہ کافر محروم ہونگے اور احادیثِ مبارکہ میں مذکور ہے کہ تمام مسلمان ایسا مشاہدہ کریں گے جیسا کہ چودھویں کے چاند کا مشاہدہ کرتے ہیں کہ اس کے دیکھنے میں کوئی دقت نہیں ہوتی اور ہر ایک اُسے اپنے قریب بھی سمجھتا ہے۔,عقائد,قیامت و آخرت,60331,2003-08-28,https://www.onlinefatawa.com/view_fatwa_unicode/60331/%D8%AF%DB%8C%D8%AF%D8%A7%D8%B1%D9%90-%D8%AE%D8%AF%D8%A7%D9%88%D9%86%D8%AF%DB%8C-%D8%B3%DB%92-%D9%85%D8%AA%D8%B9%D9%84%D9%82-%D8%A7%DB%81%D9%84%D9%90%D8%B3%D9%86%D8%AA-%D9%88-%D8%A7%D9%84%D8%AC%D9%85%D8%A7%D8%B9%DB%83-%DA%A9%D8%A7-%D8%B9%D9%82%DB%8C%D8%AF%DB%81-%D9%88-%D9%86%D8%B8%D8%B1%DB%8C%DB%81
کیا فرماتے ہیں علماءِ کرام اس مسئلہ کے بارے میں کہ : (۱) قیامت کے دن ہر شخص کو اس کے ماں کے نام سے پکارا جائے گا یا اس کے باپ کے نام سے؟ (۲) مرد اور عورت کے زیرِ ناف بال کاٹنے کی حد کہاں سے شروع ہوتی ہے؟ کیا ناف کے برابر سے نیچے تک یا اعضائے تناسل کے اوپر سے چار انچ تک اور نیچے تک؟اور جس شخص کے بال بہت زیادہ گھنے ہوں تو اس کیلئے بھی زیرِ ناف بال کاٹنے کی حد وہی ہے یا اعضاءِ  تناسل کے اوپر سے کچھ کم کاٹنے کی گنجائش نکل سکتی ہے؟,صورتِ مسئولہ سے متعلق  احادیث میں دونوں کے ناموں کے ساتھ پکارنے کی تصریحات ہیں ، لہٰذا اس سلسلے میں  کسی ایک جانب کو راجح قرار دینا اور اس پر سختی سے قائم ہونا جس سے دوسرے کی نفی ہوتی ہو ،  شرعاً درست نہیں ،  لہٰذا ایسے رویّہ سے احتراز کرنا چاہئے۔ (۲) زیرِ  ناف بال صاف کرنا خصائلِ فطرت میں سے ہے اور اس میں اعضاءِ  تناسل اور اس کے اردگرد کا حصہ اور حلقۂ دبر داخل ہے ، جس کی حد ناف کے نیچے اکڑوں بیٹھنے کی حالت میں جہاں پہلا بل پڑتا ہے وہاں سے شروع ہوتی ہے اور جس جس مقام کے تلوث کا اندیشہ ہو ، اس سب حصہ کے بالوں کا صاف کرنا شرعاً لازم اور ضروری ہے۔,عقائد,قیامت و آخرت,60332,2000-03-20,https://www.onlinefatawa.com/view_fatwa_unicode/60332/%D9%82%DB%8C%D8%A7%D9%85%D8%AA-%DA%A9%DB%92-%D8%AF%D9%86-%D9%84%D9%88%DA%AF%D9%88%DA%BA-%DA%A9%D9%88-%DA%A9%D8%B3-%DA%A9%DB%8C-%D9%86%D8%B3%D8%A8%D8%AA-%D8%B3%DB%92-%D9%BE%DA%A9%D8%A7%D8%B1%D8%A7-%D8%AC%D8%A7%DB%93%DA%AF%D8%A7-%D8%9F
کیا فرماتے ہیں علماءِ کرام و مفتیانِ عظام اس مسئلہ کے بارے میں کہ قیامت میں آدمی کو کس طرح پکارا جائےگا ، یعنی آدمی کے نام کے ساتھ  ، والد کا یا والدہ کا نام پکارا جائے گا ؟,قیامت کے دن ہر شخص کو اس کے والد کے نام کے ساتھ پکارا جائےگا، جبکہ بعض احادیث میں والدہ کے نام کے ساتھ پکارنے کی بھی تصریح آئی ہے۔,عقائد,قیامت و آخرت,60409,2008-07-19,https://www.onlinefatawa.com/view_fatwa_unicode/60409/%D8%A8%D8%B1%D9%88%D8%B2-%D9%82%DB%8C%D8%A7%D9%85%D8%AA-%D8%A7%D9%86%D8%B3%D8%A7%D9%86-%DA%A9%D9%88-%D9%88%D8%A7%D9%84%D8%AF-%DA%A9%DB%92-%D9%86%D8%A7%D9%85-%DA%A9%DB%92-%D8%B3%D8%A7%D8%AA%DA%BE-%D9%BE%DA%A9%D8%A7%D8%B1%D8%A7-%D8%AC%D8%A7%D8%A6%DB%92-%DA%AF%D8%A7-%DB%8C%D8%A7-%D9%88%D8%A7%D9%84%D8%AF%DB%81-%DA%A9%DB%92%D8%9F
عذابِ قبر برحق ہے یا نہیں؟ اگر برحق ہے تو کون سی جگہ پر عذاب ہوگا؟ آیا عذاب اسی قبر میں ہوگا یا عالمِ برزخ میں؟ نیز عالم ِبرزخ سے کیا مراد ہے؟,عذابِ قبر بلاشبہ ثابت اور برحق ہے جو نافرمان بندوں کو عالمِ برزخ میں دیا جائےگا  اور برزخ سے مراد مرنے کے بعد سے لے کر دوبارہ اُٹھائے جانے کا زمانہ ہے ،خواہ مردہ قبر میں دفن کر دیا جائے یا کہیں گل سڑ جائے وغیرہ، پھر چونکہ مردے کی تعظیم و تکریم کی بناء پر اُسے باضابطہ قبر میں دفن کیا جاتا ہے اور یہی حکمِ شرعی بھی ہے، اس مناسبت سے عذابِ برزخ کو عذابِ قبر سے تعبیر کیا جاتا ہے۔,عقائد,قیامت و آخرت,60469,2003-10-21,https://www.onlinefatawa.com/view_fatwa_unicode/60469/%D8%B9%D8%B0%D8%A7%D8%A8%D9%90-%D9%82%D8%A8%D8%B1-%DA%A9%D8%A7-%D8%A7%D8%AB%D8%A8%D8%A7%D8%AA-%D8%A7%D9%88%D8%B1-%D8%B9%D8%A7%D9%84%D9%85%D9%90-%D8%A8%D8%B1%D8%B2%D8%AE-%D8%B3%DB%92-%D9%85%D8%B1%D8%A7%D8%AF
اللہ تعالیٰ نے انسان کو مٹی سے بنایا جنات کو آگ سے اور فرشتوں کو نور سے، لیکن جنت کی حوروں کو کس سے بنایا؟,روایات  سے معلوم ہوتا ہے کہ ربِّ کریم نے انہیں زعفران سے پیدا کیا ہے۔,عقائد,قیامت و آخرت,60513,2003-11-10,https://www.onlinefatawa.com/view_fatwa_unicode/60513/%D8%AC%D9%86%D8%AA-%DA%A9%DB%8C-%D8%AD%D9%88%D8%B1%D9%88%DA%BA-%DA%A9%D8%A7-%D9%85%D8%A7%D8%AF%DB%82-%D8%AA%D8%AE%D9%84%DB%8C%D9%82
قیامت کے دن جب جنتی جنت میں چلے جائیں گے اور جہنمی جہنم میں، تو اللہ تعالیٰ جنت والوں کو اپنا دیدار کروائے گا، اور جنت والوں کو سلام کرے گا تو جنت والے سلام کا جواب کن الفاظ میں دیں گے ،  وضاحت فرما  کر ممنون فرمائیں۔,سلام کا جواب دینے کی صراحت ہے، مگر اس سلام کے جوابیہ کلمات کی وضاحت باوجود  تلاش کے نہیں مل سکی ، لہٰذا دوسرے علماء سے بھی  رجوع کر لیا جائے۔ و اللہ أعلم بالصواب!,عقائد,قیامت و آخرت,60514,2003-11-10,https://www.onlinefatawa.com/view_fatwa_unicode/60514/-%D8%AC%D9%86%D8%AA%DB%8C-%D8%A7%D9%84%D9%84%DB%81-%D8%AA%D8%B9%D8%A7%D9%84%DB%8C%D9%B0-%DA%A9%DB%92-%D8%B3%D9%84%D8%A7%D9%85-%DA%A9%D8%A7-%D8%AC%D9%88%D8%A7%D8%A8-%DA%A9%D9%86-%D8%A7%D9%84%D9%81%D8%A7%D8%B8-%D9%85%DB%8C%DA%BA-%D8%AF%DB%8C%DA%BA-%DA%AF%DB%92%D8%9F
کیا فرماتےہیں علماءِ کرام و مفتیانِ عظام اس مسئلہ کے بارے میں کہ ہمارے ایک عزیز کا ایران جانا ہوا ،  ایران میں اُن دنوں بہت لائٹنگ کی ہوئی تھی اور جشن کا سماں تھا تو ہمارے عزیز نے اُن سے پوچھا کہ یہ جشن کس چیز کا مناتے ہو ؟ ان لوگوں نے جواب دیا کہ یہ جشن امام مہدی علیہ السلام کی آمد کا جشن ہے اُن لوگوں کے خیال میں امام مہدی ۱۵ شعبان کو آئیں گے ،  اب ہمارے دوست یہ سمجھتے  ہیں کہ امام مہدی بھی شیعوں کے امام ہیں اور وہ یہ کہتے ہیں کہ امام مہدی کا قرآن اور احادیث میں کہیں کوئی تذکرہ نہیں ، ہمارے سنی مسلمان امام مہدی کی باتیں اہلِ تشیع کی وجہ سے کرتے ہیں ،  کیا امام مہدی کا قرآن و حدیث میں کہیں تذکرہ ہے اگر ہے تو وہ حدیث بتا کر ہمیں مطمئن کیجیے؟,سائل کے دوست کی مذکور سوچ قطعاً غلط اور خلافِ شریعت ہے، کیونکہ قُربِ قیامت ،  ظہورِ ’’مہدی‘‘ کی پیشن گوئی احادیثِ صحیحہ صریحہ سے ثابت ہے ، ذیل میں ایسی چند احادیثِ مبارکہ بھی درج کی جا رہی ہیں اس لیے سائل کے دوست پر لازم ہے کہ اپنی مذکور سوچ سے مکمل احتراز کرے اور حق بات کو جاننے کے بعد اس کے مطابق عمل بھی کرے۔ ۱۔ففی مشکوۃ المصابیح: عن أم سلمۃ قالت: سمعت رسول اللہ - صلی اللہ علیہ وسلم - یقول: ’’المہدی من عترتی من أولاد فاطمۃ‘‘ . رواه أبو داود (3/ 1501)۔ اُم سلمۃ رضی اللہ عنہ فرماتی ہیں کہ آپ صلی اللہ علیہ و سلم نے فرمایا: ’’مہدی‘‘ میری نسل، یعنی حضرت فاطمۃ کی اولاد میں سے ہوں گے۔ 2  ۔ و فی مشکوۃ المصابیح: عن أبی سعید الخدری قال: قال رسول اللہ - صلی اللہ علیہ وسلم -: «المہدی منی أجلی الجبہۃ و أقنی الأنف یملأ الأرض قسطا وعدلا کما ملئت ظلما و جورا یملک سبع سنین» . رواه أبو داود     (3/ 1501)۔ حضرت ابو سعید خدریؓ نے حضور صلی اللہ علیہ وسلم کا یہ ارشاد نقل کیا کہ مہدی میری نسل سے ہوں گے اور ان کی پیشانی کشادہ ہوگی اور ناک ابھری ہوئی ہوگی اور زمین کو عدل اور انصاف سے ایسے بھر دیں گے، جیسے وہ پہلے ظلم اور ناانصافی سے بھری ہوگی اور وہ سات سال بادشاہت کریں گے۔ ۳۔ و  فی مشکوۃ المصابیح: عن عبد اللہ بن مسعود قال: قال رسول اللہ - صلی اللہ علیہ وسلم -: «لا تذھب الدنیا حتی یملک العرب رجل من أھل بیتی یواطیء اسمہ اسمی» رواہ الترمذی و أبو داود. وفی روایۃ لہ: «لو لم یبق من الدنیا إلا یوم لطول اللہ ذلک الیوم حتی یبعث اللہ فیہ رجلا منی - أو من أھل بیتی - یواطیء  اسمہ اسمی و اسم أبیہ اسم أبی یملأ الأرض قسطا وعدلا کما ملئت ظلما و جورا۔(3/ 1501)۔ حضرت عبد اللہ بن مسعود رضی اللہ عنہ حضور صلی اللہ علیہ وسلم کا یہ ارشاد نقل کرتے ہیں کہ آپ نے فرمایا: اگر دنیا کے ختم ہونے میں صرف ایک دن باقی رہ جائے تو اللہ تعالیٰ اس دن کو لمبا کر دیں گے یہاں تک کہ اللہ تعالیٰ میری نسل سے یا فرمایا کہ میرے اہلِ بیت سے ایک ایسے آدمی کو اٹھائیں گے جس کا نام میرے نام کے مشابہ ہوگا اور جس کے باپ کا نام میرے باپ کے نام کے مشابہ ہوگا۔,عقائد,قیامت و آخرت,60517,2004-06-07,https://www.onlinefatawa.com/view_fatwa_unicode/60517/-%D8%B8%DB%81%D9%88%D8%B1%D9%90-%E2%80%99%E2%80%99%D9%85%DB%81%D8%AF%DB%8C%E2%80%98%E2%80%98-%DA%A9%D8%A7-%D8%B9%D9%82%DB%8C%D8%AF%DB%81--%D9%82%D8%B1%D8%A7%D9%93%D9%86-%D9%88%D8%AD%D8%AF%DB%8C%D8%AB-%DA%A9%DB%8C-%D8%B1%D9%88%D8%B4%D9%86%DB%8C-%D9%85%DB%8C%DA%BA
کیا فرماتےہیں علماءِ کرام و مفتیانِ عظام اس مسئلہ کے  بارے میں کہ جو لوگ مرنے کے بعد جلا دیئے جاتے ہیں یا سمندر میں غرق ہو جاتے ہیں اسی طرح درندے ان کو کھا لیتے ہیں تو ان کو عذاب ِقبر کس طرح ہوتا ہے اور جو فرقہ عذابِ قبر کے منکر ہو اس کے متعلق کیا رائے ہے؟ قرآن و سنت کی روشنی میں وضاحت فرمائیں ۔,جملہ اہلِ سنت و الجماعت اس عقیدہ پر متفق ہیں کہ قبر اور برزخ میں اہلِ ایمان اور اصحابِ طاعات کو لذت و سرور نصیب ہوتا ہے جبکہ  کفار و منافقین اور گناہ گاروں کو عذاب و تکلیف حاصل ہوتی ہے اس میں کسی شک و شبہ کی کوئی گنجائش نہیں ہے، قرآن وسنت اور اجماعِ اُمت کے صریح دلائل کے پیشِ نظر یہ  عقیدہ اتنا مضبوط ہے کہ حضرات فقہاءِ کرام کا ذمہ دار گروہ عذابِ قبر کے منکر کو کافر کہتا ہے۔ ( تسکین الصدورص:۸۲)۔ اس کے بعد واضح ہو کہ مرنے کے بعد آدمی جہاں بھی ہو اس کے اجزائے بدن سے بلاشبہ روح کا تعلق رہتا ہے گو نیکوں کی روحیں علیین میں ہوتی ہیں اور بدوں کی سجین میں، خواہ کسی کو قبر میں دفن کریں خواہ جلادیں، خواہ وہ ڈوب جائے ، ذرے ذرے کے ساتھ روح کا تعلق ( بالاترازفہم) رہتاہے، اس کی نظیر ایک تارِ برقی ہی کافی  ہے، تارِ برقی کا تعلق دیکھیں ،  کہاں سے کہاں تک رہتا ہے ایسا ہی روح کا تعلق باوجود علیین یا سجین میں  ہونے کے اس کا تعلق ،  بدن کے ساتھ بھی ہوتا  ہے اورضرور ہوتاہ ے مگر اس کو دنیاکی آنکھیں محسوس نہیں کرسکتیں، کیونکہ عالمِ غیب کے اسرار دنیادار کی آنکھیں نہیں دیکھ سکتیں اور نہ ہی دکھایا جانا مناسب ہے، کیونکہ پھر ایمان بالغیب نہیں رہےگا الخ ( بحوالہ تسکین الصدورص:۹۷)۔ لہٰذا جو لوگ عذابِ قبر کے منکر ہیں وہ ان نصوص اور اجماعِ امت کا انکار کرنے کی وجہ سے راہِ حق سے دور اور گمراہ ہیں جن کی بات سننے اور اس پر عمل سے احتراز لازم ہے۔ و اللہ أعلم بالصواب!,عقائد,قیامت و آخرت,60521,2004-06-17,https://www.onlinefatawa.com/view_fatwa_unicode/60521/-%D9%85%D9%86%DA%A9%D8%B1%DB%8C%D9%86-%D8%B9%D8%B0%D8%A7%D8%A8%D9%90-%D9%82%D8%A8%D8%B1-%D8%B3%DB%92-%D9%85%D8%AA%D8%B9%D9%84%D9%82-%D8%B4%D8%B1%D8%B9%DB%8C-%D9%86%D9%82%D8%B7%DB%81-%D9%86%D8%B8%D8%B1
کیا فرماتےہیں علماءِ کرام و مفتیانِ عظام اس مسئلہ کے بارے میں کہ مردے کی قبر پر تین مرتبہ ہاتھ اٹھا کر دعائیں پڑھنا کوئی شرعی حکم سے ثابت ہے یا نہیں؟ دلائل سے وضاحت فرمائیں۔,قبر پر ہاتھ اٹھا کر دعا مانگنا اگر چہ احادیث سے ثابت  ہے، مگر مذکور طریقے سے تین مرتبہ ہاتھ اٹھا کر بالالتزام دعا مانگنے کا شرعاً کوئی ثبوت نہیں، اس سے احتراز لازم ہے۔,عقائد,قیامت و آخرت,60664,2007-08-20,https://www.onlinefatawa.com/view_fatwa_unicode/60664/%D9%82%D8%A8%D8%B1-%D9%BE%D8%B1-%D8%AC%D8%A7%DA%A9%D8%B1-%D8%AA%DB%8C%D9%86-%D9%85%D8%B1%D8%AA%D8%A8%DB%81-%DB%81%D8%A7%D8%AA%DA%BE-%D8%A7%D9%B9%DA%BE%D8%A7-%DA%A9%D8%B1-%D8%AF%D8%B9%D8%A7-%D9%85%D8%A7%D9%86%DA%AF%D9%86%D8%A7-
کیا فرماتے ہیں علماءِ کرام و مفتیانِ عظام اس مسئلہ کے بارے میں کہ کیا قبر والے زندہ لوگوں کی آواز سن سکتے ہیں؟ اور سلام کا جواب دے سکتے ہیں یا نہیں؟,متعدد احادیث کی روشنی میں علماء کے اقوال سے ثابت ہے کہ فی الجملہ قبروالے زندہ لوگوں کی آواز سن سکتے ہیں اور سلام کا جواب بھی دے سکتے ہیں۔,عقائد,قیامت و آخرت,60787,2010-11-28,https://www.onlinefatawa.com/view_fatwa_unicode/60787/%D9%85%D8%B1%D8%AF%D9%88%DA%BA-%DA%A9%D8%A7-%D8%B2%D9%86%D8%AF%DB%81-%D9%84%D9%88%DA%AF%D9%88%DA%BA-%DA%A9%DB%8C-%D8%A2%D9%88%D8%A7%D8%B2-%D8%B3%D9%86%D9%86%D8%A7---%D8%B3%D9%84%D8%A7%D9%85-%DA%A9%D8%A7-%D8%AC%D9%88%D8%A7%D8%A8-%D8%AF%DB%8C%D9%86%D8%A7
کیا فرماتے ہیں علماءِ کرام و مفتیانِ عظام اس مسئلہ کے بارے میں کہ جب آدمی قبر میں رکھا جاتا ہے تو حدیث شریف کے مطابق مردہ میں دوبارہ روح ڈالی جاتی ہے تاکہ سوال و جواب ہو جائے ، دوسری احادیث سے معلوم ہوتا ہے کہ نبیوں اور شہیدوں کے علاوہ اکثر لوگوں کے جسم گھل سڑ کر ختم ہوجاتے ہیں، ریڑھ کی ہڈی کے علاوہ کوئی چیز باقی نہیں بچتی، تو وضاحت طلب بات یہ ہے کہ جب روح کو قبر میں مردے میں دوبارہ ڈالا جاتا ہے تو پھر کس وقت نکالا جاتا ہے قیامت سے پہلےیا بعد؟کیونکہ دوسری احادیث سے تو یہ معلوم ہوتا ہے کہ عالم برزخ میں روح جسم الگ الگ ہوتے ہیں وضاحت سے بتائیں ،عین نواز ہوگی۔,قبر میں انسانی روح کا دوبارہ اس جسمِ عنصری میں داخل ہونا مختلف فیہ ہے، البتہ قبر یعنی برزخی زندگی میں روح کا جسمِ عنصری کے ساتھ تعلق ہونا اتفاقی اَمر ہے اور پھر یہ تعلق اتنا ہوتاہے کہ اس کے ذریعہ وہ وہاں کے نِعم وآلام کو محسوس کرتا ہے، البتہ تعلق کی کمی بیشی میں تفاوت ہے بعض کا تعلق ارواح کے ساتھ قوی ہوتا ہے جیسا انبیاء و شہداء کی ارواح کا تعلق اپنی اجسام کے ساتھ ،اور اسی وجہ سے ان کے اجسام تک محفوظ رہتے ہیں اور قرآن و حدیث میں ان پر ’’حی‘‘ کا اطلاق ہوا ہے اور دوسرے اموات کا اپنی ارواح کے ساتھ تعلق کمزور ہوتا ہے اس وجہ سے ان کے اجسام سلامت نہیں رہتے، بلکہ گل سڑکر مٹی ہو جاتے ہیں۔,عقائد,قیامت و آخرت,60793,2004-04-15,https://www.onlinefatawa.com/view_fatwa_unicode/60793/%D9%82%D8%A8%D8%B1---%D8%A8%D8%B1%D8%B2%D8%AE-%D9%85%DB%8C%DA%BA-%D8%AC%D8%B3%D9%85%D9%90-%D8%AE%D8%A7%DA%A9%DB%8C-%D8%A7%D9%88%D8%B1-%D8%B1%D9%88%D8%AD-%DA%A9%DB%92-%D8%AF%D8%B1%D9%85%DB%8C%D8%A7%D9%86-%D8%AA%D8%B9%D9%84%D9%82-%DA%A9%DB%8C-%D9%86%D9%88%D8%B9%DB%8C%D8%AA
کیا فرماتے ہیں علماءِ کرام و مفتیانِ عظام اس مسئلہ کے بارے میں کہ یہاں برطانیہ میں ایک گروہ ہے جو مہاجر کہلاتا ہے، جو دعویٰ کرتا ہے کہ ان کے پاس ایک عالم استاد عربی شیخ عمر بکری ہے، انکا دعوی ہے کہ وہ مجتہد مروّجہ ہے ، وہ اپنے اصولِ فقہ جانتا ہے پوری طرح، وہ ایک شافعی مسلک ہے، لیکن وہ حنفی کی تعلیم دیتا ہے، اس کے عقائد میں ایک عقیدہ یہ بھی ہے کہ قبر کا عذاب عقیدے کے طور پر نہیں لیا جاسکتا، کیونکہ تمام احادیث جو عذابِ قبر سے متعلق ہیں وہ اخبارِ احاد ہیں اور خبرواحد کو عقیدے کے طور پر نہیں لیا جاسکتا۔ یہ مسئلہ ایک بڑے فتنہ کو جنم دے رہا ہے اور علماءِ دیوبند کےلیے مسئلہ بن رہا ہے، یہ عوام الناس کو الجھا رہا ہے کوئی ان کے سوالوں کا جواب نہیں دے سکتا ہے۔ کیا آپ درست مستند اور تفصیلی حل دے سکتے ہیں اس مسئلہ کےلیے؟ یک طرفہ شہادتیں نہیں چاہیۓ۔,اہلِِ سنت والجماعت، چاہے احناف، شوافع، مالکیہ، اور حنبلی المذہب ہوں یا ان کے علاوہ دوسرے مذاہبِ حقہ کے پیروکار ، سب کا متفقہ  عقیدہ ہے کہ عذابِ قبر حق ہے اور یہ عقیدہ آیاتِ قرآنیہ، احادیث صحیحہ کثیرہ سے ثابت اور مؤیّد ہے،  چند آیاتِ مبارکہ اور احادیثِ صحیحہ درجِ ذیل ہیں، ان سے بخوبی معلوم ہو جائیگا کہ سوال میں مذکور شخص ’’شیخ عمر بکری‘‘ کا اگر واقعۃً سوال میں مذکور نظریہ ہو تو اس کا ائمہ اربعہ، بلکہ اہلِ سنت والجماعت سے کوئی تعلق نہیں ہے،وہ ’’خارجی یا معترلی‘‘ ہے جو تمام لوگوں کے عقائد و نظریات کو خراب کرنے کے لیے اپنے آپ کو شوافع میں سے ظاہر کر رہا ہے اور اسی شکل میں رہتے ہوئے وہ احادیثِ صحیحہ اور قرآن کے انکار کا مرتکب ہو رہا ہے، لہٰذا مسلمانوں پر لازم ہے کہ ایسے خبیث الاعتقاد شخص سے (جب تک کہ وہ اپنے اس گمراہ کن نظریہ سے باز نہ آئے اور اپنی تحریروں کو اہلِ سنت والجماعت کے عقیدہ کے موافق نہ کرے تو اس وقت تک اس سے ) علمی قطع تعلق کریں اس طور پر کہ عوام اس کی تحریرات پڑھنے سے مکمل اجتناب کریں اور اہلِ علم طبقہ ہمارے اس جواب کے موافق قرآن وسنت کے صحیح دلائل بیان کرنے کے ذریعہ اس کے باطل عقائد کی تردید کرتے ہوئے عوام کو بھی درست مسئلہ سمجھائے۔,عقائد,قیامت و آخرت,60857,2002-04-19,https://www.onlinefatawa.com/view_fatwa_unicode/60857/%D8%B4%DB%8C%D8%AE-%D8%B9%D9%85%D8%B1-%D8%A8%DA%A9%D8%B1%DB%8C-%DA%A9%D8%A7-%D9%86%D8%B8%D8%B1%DB%8C%DB%81-%D8%A7%D9%88%D8%B1-%D8%B9%D9%82%DB%8C%D8%AF%DB%82-%D8%B9%D8%B0%D8%A7%D8%A8%D9%90-%D9%82%D8%A8%D8%B1
زمین پر اسلام کی زندگی کا دورانیہ : زمین پر اسلام کا وقت کتنا رہ گیا ہے؟,واضح ہوکہ زمین پر اسلام کے بقاء کی متعین مدت کا علم تو اللہ تعالی کے علاوہ کسی اور کو نہیں، البتہ اتنی بات تو مسلّم اور طے شدہ ہےکہ وقوعِ قیامت سے قبل مسلمان ختم ہوجائیں گے، اور تمام مؤمنین کی روحیں قبض کرلی جائیں گی، کوئی مؤمن بھی دنیا میں باقی نہیں رہے گا۔,عقائد,قیامت و آخرت,61258,,https://www.onlinefatawa.com/view_fatwa_unicode/61258/%D8%AF%DB%8C%D9%86-%D8%A7%D8%B3%D9%84%D8%A7%D9%85-%DA%A9%D8%A7-%D8%B2%D9%85%DB%8C%D9%86-%D9%BE%D8%B1-%D9%85%D8%B2%DB%8C%D8%AF--%DA%A9%D8%AA%D9%86%D8%A7-%D9%88%D9%82%D8%AA-%D8%A8%D8%A7%D9%82%DB%8C-%DB%81%DB%92%D8%9F
قرآن مجید حفظ کرکے اگر بھول جائے تو اس پر کوئی گناہ ملے گا؟,واضح ہو کہ قرآن مجید یاد کرنے کے بعد اس کو اپنی غفلت اور لاپرواہی کی وجہ سے بھلا دینا انتہائی خطرناک اور کبیرہ گناہ ہے، احادیثِ مبارکہ میں اس پر سخت ترین وعیدیں وارد ہوئی ہیں، چنانچہ ایک حدیث شریف میں آتا ہے کہ جو شخص قرآن مجید کو یاد کرنے کے بعد بھلادے تو قیامت کے دن وہ اللہ تعالیٰ سے حالت جذام میں (کوڑھی کے مرض میں مبتلا) ملے گا۔ ایک اور حدیث  شریف میں آتا ہے، آپ ﷺ نے ارشاد فرمایا کہ مجھ پر میری امت کے گناہ پیش کیے گئے تو میں نے اس سے بڑا اور کوئی گناہ نہیں دیکھا کہ کسی شخص نے قرآن مجید کی کوئی سورت یا کوئی آیت یاد کرلی اور پھر اس کو بھلادیا، لہذا حافظِ قرآن کی یہ بھی ذمہ داری ہے کہ قرآنِ مجید حفظ کرلینے کے بعد اس کی حفاظت، تلاوت اور اس پر عمل کرنے کا پورا اہتمام کرے، چنانچہ روزانہ کی بنیاد پر تین پارے یا کم از کم ایک پارہ کی تلاوت کو اپنا معمول بنائے، جبکہ احناف کے نزدیک مذکور وعید اس شخص کے بارے میں ہے کہ جو قرآنِ مجید کو اس طرح بھلادے کہ پھر دیکھ کر بھی نہ پڑھ سکے۔,عقائد,قیامت و آخرت,70144,2024-01-04,https://www.onlinefatawa.com/view_fatwa_unicode/70144/%D9%82%D8%B1%D8%A2%D9%86-%D8%AD%D9%81%D8%B8-%DA%A9%D8%B1%DA%A9%DB%92-%D8%A8%DA%BE%D9%88%D9%84-%D8%AC%D8%A7%D9%86%DB%92-%DA%A9%D8%A7--%DA%A9%DB%8C%D8%A7-%DA%AF%D9%86%D8%A7%DB%81-%DB%81%DB%92%D8%9F
میرا سوال یہ ہے کہ ایک شخص  تک دین کی دعوت  نہیں پہنچی ،جیسے کہ ماضی میں کچھ علاقے دریافت  ہوئے، جیسا کہ امریکہ اٹھارویں صد ی میں دریافت ہوا اور جو لوگ اتنے عرصے دنیا سے کٹے رہے، ان تک دعوت وتبلیغ نہیں پہنچی اور وہ لوگ وفات پا گئے، ان کا اللہ کے یہاں کیا معاملہ ہوگا؟ آیا وہ لوگ جنت میں جائیں گے یا جہنم میں؟,واضح ہوکہ ایسے لوگ جن تک دین کی دعوت کسی بھی طریقہ سے نہ پہنچی ہو، اگر اللہ کے وجود اور وحدانیت کے قائل تھے  توللہ تعالی  بروزِ قیامت در گزر فرمائیں گے،  اور جنت میں داخل کرانا بھی اللہ تعالی کی شان رحمت وفضل  سے بعید نہیں  ،تاہم وہ لوگ نماز وغیرہ دیگر فرائض کی عدم ادائیگی کی وجہ سے ماخوذ نہیں ہوں گے۔,عقائد,قیامت و آخرت,88450,2025-10-30,https://www.onlinefatawa.com/view_fatwa_unicode/88450/%D8%AC%D9%86-%D9%84%D9%88%DA%AF%D9%88%DA%BA-%D8%AA%DA%A9-%D8%AF%DB%8C%D9%86-%DA%A9%DB%8C-%D8%AF%D8%B9%D9%88%D8%AA-%D9%86%DB%81-%D9%BE%DB%81%D9%86%DA%86%DB%8C-%DB%81%D9%88-%D8%A7%D9%86-%DA%A9%D8%A7-%D9%85%D8%B1%D9%86%DB%92-%DA%A9%DB%92-%D8%A8%D8%B9%D8%AF-%DA%A9%DB%8C%D8%A7-%DB%81%D9%88%DA%AF%D8%A7%D8%9F
"میں یہاں آسٹریا میں (پی، ایچ، ڈی) کرنے تین سال کے لۓ  آئی ہوں ، یہاں پر ۲۰ پاکستانی گھرانے رہتے ہیں اور میں نے ان کے لۓ  درسِ قرآن کا پروگرام شروع کیا ہوا ہے ، اس میں پہلے ایک سورت پڑھ کر سناتی ہوں  اور پھر اس کی تفسیر بیان کرتی ہوں ، میرے پاس تفسیر کی کوئی کتاب موجود نہیں ہے ، لہٰذا مختلف ویب سائٹز پر جا کر مواد اکھٹا کرتی ہوں ، مثلاً ’’www, alhuda. Com‘‘ (الہدی) وغیرہ ،  یہاں پر بعض خواتین کی درخواست ہے کہ میں ان کے لۓ صلاۃ التسبیح کا انتظام کروں ، کیونکہ وہ لوگ پڑھنا نہیں جانتی ، تو معلوم یہ کرنا ہے کہ سب کا ، مل کر صلاۃ التسبیح ادا کرنا  ، اس طرح کہ ہر کوئی اپنی علیحدہ نماز سراً پڑھے ، اور ان میں ایک شخص ابتدائی الفاظ کو (تعلیم کی خاطر) جہراً شروع کرے ، تو آیا یہ طریقہ شرعاً جائز ہے کہ نہیں؟ اگر غلط ہے تو براہِ کرم راہ نمائی فرمائیں ،  میری دین  کے متعلق اتنی معلومات نہیں، لیکن الحمد للہ پانچ وقت کی نمازی ہوں ،  اہتمام کے ساتھ وقت پر ادا کرتی ہوں ، اور تلاوت کی پابند ہوں، نیز قرآن کے متعلق زندگی گزارنے کی کوشش کرتی ہوں۔",ہر وہ نماز جس کا جماعت کے ساتھ پڑھنا شرعاً ثابت نہیں، اُسے باجماعت ادا کرنے کا مذکور طریقہ بھی درست نہیں، البتہ محض تعلیم کے لۓ  اس طور پر کہ ان کو سکھانا مطلوب ہو  ، تو بغیر نیت کے ، نماز کے انداز میں بلاشبہ سکھا سکتی ہیں اور اس طریقے سے سیکھنے کے بعد ہر ایک کا الگ الگ پڑھنا لازم ہے۔ اس کے بعد واضح ہو کہ ’’الھُدیٰ‘‘ اور اس جیسی دیگر سائٹس سے ، بغیر صحیح علم کے ،  راہ نمائی حاصل کرنے سے احتراز چاہیۓ ، کیونکہ یہ نہ صرف آزاد منش اور روشن خیالی کے حاملین کی سائٹس  ہیں، بلکہ کئی ایک اجتہادی مسائل میں رائے زنی کے مرتکبین کی سائٹس  ہیں ، اس لۓ  سب سے بہتر تو یہ تھا کہ پہلے باقاعدہ کسی مستند عالمِ دین سے درسِ تفسیر کا فیض حاصل کیا جاتا اور اس کے بعد اس کی اجازت سے اس سلسلہ کو قائم کیا جاتا ، اس لۓ  کہ قرآن کریم خالقِ کائنات کی کتاب ہے، اس میں اپنی رائے قائم کرنا بسا اوقات دائرۂ  اسلام سے بھی خارج کر دیتا ہے، جبکہ عام فہم مسائل جن کی ہر خاتون کو روز مرہ ضرورت پڑتی ہے،کا علم   بہشتی زیور ، تعلیم الاسلام ، فضائلِ اعمال، تحفۂ  خواتین اور تنبیہ الغافلین، جیسی کتب کے مطالعہ سے حاصل کیا جاسکتا ہے  اور ان کی آگے تعلیم  بھی دی جا سکتی ہے ، اور یہ کتب کسی بھی اسلامی کتب خانہ کی مدد سے حاصل کی جا سکتی ہیں اور سائلہ کو اسی کا اہتمام چاہیۓ۔,قرآن و حدیث,تفسیر و احکام القرآن,3365,0000-00-00,https://www.onlinefatawa.com/view_fatwa_unicode/3365/%D8%A8%D8%B0%D8%A7%D8%AA%D9%90-%D8%AE%D9%88%D8%AF-%D8%B9%D9%84%D9%85-%D8%AD%D8%A7%D8%B5%D9%84-%DA%A9%DB%8C%DB%92-%D8%A8%D8%BA%DB%8C%D8%B1-%D8%8C-%D8%A7%D9%84%DA%BE%D8%AF%DB%8C-%D8%A7%D9%86%D9%B9%D8%B1%D9%86%DB%8C%D8%B4%D9%86%D9%84-%D9%88-%D8%AF%DB%8C%DA%AF%D8%B1-%D9%88%DB%8C%D8%A8-%D8%B3%D8%B3%D8%A7%D8%A6%D9%B9%D8%B3-%D8%B3%DB%92%D8%AF%D8%B1%D8%B3%D9%90-%D9%82%D8%B1%D8%A7%D9%93%D9%86-%D8%AF%DB%8C%D9%86%D8%A7
بخدمت جناب مفتی صاحب! جامعہ بنوریہ العالمیہ نزد سائٹ تھا نہ کراچی جناب اعلی  السلام علیکم! گزارش عرض یہ ہے کہ میں مسمی ۔۔۔ ساکن مکان نمبر ۔۔۔، بلاک۔۔۔ گلی نمبر ۔۔ سیکٹر۔۔۔ گلشن بہار ، اورنگی ٹاؤن ، کراچی کا رہائشی ہوں ۔ جناب میرے 5 بیٹے اور 4 بیٹیاں ہیں، جن میں سے 2 بیٹیوں کی شادی ہو چکی ہے ،اور دو بیٹیاں کنواری ہیں، اور 5 بیٹے سب چھوٹے چھوٹے ہیں ۔ جناب مسئلہ یہ ہے کہ میری بیوی آئے دن مجھ سے لڑائی جھگڑے کرتی ہیں ۔ اور میری بیوی میرے بچوں کے ساتھ  ملکر مجھ پر تشدد کرتی ہے اور گالم گلوچ کرتی ہے۔ جناب میری بیوی ، مجھ سے ایک مرتبہ پہلے بھی تین طلاق لے چکی ہے اور پھر حلالہ کروانے کے بعد دوبارہ میرے نکاح میں آگئی تھی۔ اس کا حق مہر بھی میں نے پہلے ادا کر دیا تھا ،لیکن اب ایک بار پھر مسلسل اس کا ایک ہی مطالبہ ہے کہ میں اسے طلاق دیدوں اور میرے مکان میں ہی وہ میرے بچوں کے ساتھ رہائش کرے۔ جناب میں روز روز کی لڑائی سے تنگ آ گیا ہوں میرے بچے آئے دن مجھ پر تشدد کرتے ہیں ، اور میرے گھر کا سامان کھڑکی دروازہ فرش وغیرہ توڑتے ہیں ۔ اس وجہ سے میں بہت پریشان ہوں۔ میری بیوی میرے مکان پر قبضہ کر کے مجھے بے دخل کرنا چاہتی ہے۔ جناب میں اپنا مکان فروخت کر کے بچوں میں رقم تقسیم کرنا چاہتا ہوں ۔ آپ سے التماس ہے کہ قرآن وسنت کی روشنی میں مجھے بتایا جائے کہ میری جائیداد میں کس کا کتنا حصہ شریعت نے مقرر کیا ہے۔ تاکہ میں شرعی طریقے سے اپنی جائیداد تقسیم کر سکوں اور اس میں میرا کتنا حصہ ہوگا ۔ اور میری بیوی کا کتنا حصہ بنے گا؟,سائل کا بیان اگر واقعۃً درست اور مبنی بر حقیقت ہو تو سائل کی بیوی اور بچوں کا مذکور طرزِ عمل شرعا  واخلاقاً انتہائی غلط ہے، جس کی وجہ سے وہ سخت گناہ گار ہو رہے ہیں، جبکہ بغیر کسی معقول وجہ کے اپنے شوہر سے طلاق کے مطالبہ پر احادیث مبارکہ میں سخت قسم کی وعیدیں وارد ہوئی ہیں، اس لیے سائل کی بیوی اور اس کے بیٹوں پر لازم ہے کہ اپنے مذکور نازیبا رویہ سے باز آئیں ور نہ مواخذه دنیوی و اخروی سے سبکدوشی نہ ہو سکے گی۔ اس کے بعد واضح ہو کہ ہر شخص اپنی صحت والی زندگی میں مرض الوفات میں مبتلاء ہونے سے پہلے اپنے مال و جائیداد کا تنہا مالک ہوتا ہے ، وہ جس طرح چاہے اس میں تصرف کر سکتا ہے ، اس پر اپنی حیات میں اس کی تقسیم لازم بھی نہیں اور نہ اولاد کے لیے جائز ہے کہ وہ اپنے والد کی زندگی میں اس کی جائیداد میں حصہ داری کا دعوی کر کے تقسیم کا مطالبہ کرے۔ تاہم اگر سائل اپنی صحت والی زندگی میں بغیر کسی جبر واکراہ کے محض اپنی مرضی سے اپنا مال و جائیداد و غیرہ اپنے متعلقین میں تقسیم کرنا چاہے تو شرعا یہ بھی جائز ہے اور یہ تقسیم ترکہ نہیں ، بلکہ یہ ہبہ اور گفٹ کہلاتا ہے ، جس کا بہتر اور مستحب طریقہ یہ ہے کہ وہ ایک محتاط اندازے کے موافق اپنے علاج اور بقیہ زندگی کے لیے جو کچھ رکھنا چاہے وہ رکھ کر اور اپنی بیوی کو جو کچھ دینا چاہیے وہ دیکر بقیہ مال و جائیداد اپنی اولاد کے درمیان تقسیم کر کے ہر فرد کو اس کے حصے پر باضابطہ مالکانہ قبضہ بھی دیدے تا کہ وہ شرعا بھی اس کا مالک بن جائے ، محض کاغذوں میں نام کر دینا کافی نہیں ، پھر بہتر یہ ہے کہ اس ہبہ اور گفٹ میں سب کو برابر اور یکساں رکھے ، کسی کو کم کسی کو زیادہ نہ دے، البتہ کسی کی خدمت گزاری ، محتاجی یا دین داری و غیرہ کی بناء پر اسے دوسرے ورثاء کے مقابلے میں کچھ زیادہ دینا چاہے تو اس کا اسے اختیار ہے مگر بلاوجہ شرعی کسی وارث کو زیادہ دینا یا اپنی جائیداد سے بالکل محروم کرنا گناہ ہے۔,معاملات,ترکات,85112,0000-00-00,https://www.onlinefatawa.com/view_fatwa_unicode/85112/%D8%A8%DB%8C%D9%88%DB%8C-%D8%A8%DA%86%D9%88%DA%BA-%DA%A9%DB%8C-%D8%B8%D9%84%D9%85-%D9%88%D8%B2%DB%8C%D8%A7%D8%AF%D8%AA%DB%8C-%DA%A9%DB%8C-%D9%88%D8%AC%DB%81-%D8%B2%D9%86%D8%AF%DA%AF%DB%8C-%D9%85%DB%8C%DA%BA-%D8%AC%D8%A7%D8%A6%DB%8C%D8%AF%D8%A7%D8%AF-%D8%AA%D9%82%D8%B3%DB%8C%D9%85-%DA%A9%D8%B1%D9%86%DB%92-%DA%A9%D8%A7-%D8%AD%DA%A9%D9%85-
محترم مفتی صاحب! امید ہے آپ بخیر ہوں گے۔ براہِ کرم درج ذیل معاملے پر شرعی و عملی رہنمائی فرمائیں۔ صورتِ حال: کچھ کاروباری حضرات اپنی رقم بطورِ امانت ہمارے پاس دبئی میں رکھتے ہیں،اس کی وجہ یہ ہے کہ پاکستان میں بڑھتی ہوئی مہنگائی (افراطِ زر) سے تحفظ حاصل کیا جا سکے۔ وقت کے ساتھ ہمارے درمیان اعتماد اور دوستی بڑھی تو بعض معاملات میں زبانی طور پر یہ اجازت بھی مل گئی کہ ہم وہ رقم اپنے کاروبار میں استعمال کر سکتے ہیں۔ جب بھی انہیں ضرورت ہوتی ہے تو وہ اپنی رقم واپس لے لیتے ہیں۔ بعض اوقات یہ رقم ہمارے ذریعے خرید و فروخت میں بھی استعمال ہوتی ہے اور ہم ان کے لیے انتظامی امور بھی انجام دیتے ہیں۔ یہ تمام امور ذاتی اعتماد اور زبانی رضامندی کی بنیاد پر ہیں ،کوئی تحریری معاہدہ موجود نہیں۔ سوالات براہِ رہنمائی: 1. کیا ہم اس رقم کو جو بطورِ امانت رکھی گئی تھی، قرض کی مانند استعمال کر سکتے ہیں؟ 2. کیا موجودہ طریقِ کار (زبانی اجازت و اعتماد پر رقم کا کاروبار میں استعمال) شرعی اعتبار سے درست ہے؟ 3. اگر یہ طریقہ درست نہیں تو براہِ کرم مناسب اور شرعی طور پر درست طریقہ کار بتا دیجئے، مثلاً کس طرح تحریری معاہدہ تیار کیا جائے، کن نکات کا خیال رکھا جائے، اور اگر ضرورت ہو تو کن شرائط کے تحت رقم کاروبار میں استعمال کی جا سکتی ہے۔,واضح ہوکہ  مالِ امانت کے مالکان کی طرف سےاس کے استعمال کی اگر زبانی طور پر صریح یا دلالۃً اجازت ہو یاکسی جگہ امانت کے پیسوں کوذاتی یاکاروباری استعمال میں لانے کااس طرح عرف ہوچکاہوکہ امانت رکھنے اوررکھوانے والے دونوں کواس عرف کاعلم ہوتوایسی صورت میں امانت کے پیسوں کوذاتی استعمال یاکاروبارمیں لگانے کی شرعاً گنجائش ہوگی، لہذاصورتِ مسئولہ میں اگرسائل کے پاس امانت رکھوانے والے افرادنے زبانی طورپراستعمال کی اجازت دے رکھی ہویاسائل کااس رقم کواپنے کاروباری یاذاتی استعمال میں خرچ کرنے کاانھیں علم ہونے کے باوجوداس پرکوئی اعتراض نہ ہو توسائل کے لیے اس رقم کو استعمال کرنا شرعاً جائز ہے،تاہم اس طرح کرنے کے بعداس رقم کی حیثیت امانت کی بجائے قرض کی ہوجائے گی ، لہٰذا اگر کسی موقع پریہ رقم تلف ہوگئی ہو،  اگرچہ تعدی کے بغیرہویا کاروبار میں نقصان واقع ہوگیا تو سائل پر اس کا ضمان  لازم ہوگا۔,معاملات,امانات,88965,2025-11-18,https://www.onlinefatawa.com/view_fatwa_unicode/88965/%D8%A7%D9%85%D8%A7%D9%86%D8%AA-%DA%A9%DB%92-%D8%B7%D9%88%D8%B1-%D9%BE%D8%B1-%D8%B1%DA%A9%DA%BE%DB%8C-%DB%81%D9%88%D8%A6%DB%8C-%D8%B1%D9%82%D9%85-%D8%A7%D8%B3%D8%AA%D8%B9%D9%85%D8%A7%D9%84-%DA%A9%D8%B1%D9%86%D8%A7
کیا فرماتے ہیں مفتیانِ کرام اس مسئلہ کے بارے میں کہ: ایک دینی ادارے والوں نے چندہ کی رقم سے ایک زمین خریدی، جس کے بعض حصہ پر ادارے کے مفاد کی خاطر کچھ دکانیں بنائی گئیں، کچھ حصہ ویسے کرایہ پر دیا گیا اور ایک حصہ کو قبرستان کیلئے مختص کیا گیا،اب انتظامیہ نے یہ فیصلہ کا ہے کہ قبرستان کی حدود کے باہر متصلاً کناروں میں مدرسہ ہی کی زمین پر پلر لگا کر اوپر چھت کی صورت میں ایک بلڈنگ بنالی جائے، جس میں دار القرآن اس غرض سے بنایا جائے گا،تاکہ اس میں بچے قرآن پڑھیں، جس کا ثواب قبرستان میں مدفون حضرات کو بخشا جائے اور ادارہ کی زمین کا یہ حصہ بھی کار آمد رہے - لہذا معلوم یہ کرنا ہے کہ کیا قبرستان کی اس جگہ بلڈنگ تعمیر کرنا جائز ہے؟ جبکہ نیچے قبریں موجود ہوں اور بعد میں مزید قبریں بنیں گی۔,"سوال پر غور کرنے سے معلوم ہوتا ہے کہ مذکور اضافی خریدی ہوئی جگہ اصلاً وقف نہیں،بلکہ مدرسہ کے مفاد کو ملحوظ رکھتے ہوئے اس کے فنڈ سے خریدی گئی ہے،جو وقف کی مملوک ہے اور پھر اس قطعۂ اراضی میں سے یہ جگہ قبرستان کے لئے مخصوص کی گئی ہے،جو شرعاً وقف قبرستان کے حکم میں نہیں، اس لئے اس کی فضا کو کارآمد بنانے کی غرض سے اگر اس کے اردگرد قدِ آدم ستون کھڑے کرکے اس پر قرآنی تعلیمات کے لئے""دارالقرآن"" کے نام سے کوئی عمارت بنائی جائے تو اس میں وقف کا مفاد ہے اور اس کا بنانا بلاشبہ جائز ہے، جبکہ اہلِ قبور کو ثواب ہونا امرِ اضافی ہے۔",معاملات,امانات,81003,0000-00-00,https://www.onlinefatawa.com/view_fatwa_unicode/81003/%D8%BA%DB%8C%D8%B1%D9%90-%D9%85%D9%88%D9%82%D9%88%D9%81%DB%81-%D9%82%D8%A8%D8%B1%D8%B3%D8%AA%D8%A7%D9%86-%D9%BE%D8%B1-%DA%86%DA%BE%D8%AA-%DA%88%D8%A7%D9%84-%DA%A9%D8%B1-%D8%A7%D9%88%D9%BE%D8%B1--%D8%AA%D8%B9%D9%85%DB%8C%D8%B1-%DA%A9%D8%B1%D9%86%DB%92-%DA%A9%D8%A7-%D8%AD%DA%A9%D9%85-
بحریہ ٹاؤن کراچی کی انتظامیہ اور ملیر ضلعی انتظامیہ نے مدرسہ،مسجد،عیدگاہیں،قبرستان،راتوں رات تباہ کیے بغیر اطلاع کے، وہاں پہ نئی آبادی اور عمارت قائم کردی ہے،اور اس کی ویڈیوز فیس بک پر وائرل ہورہی ہیں،یہ بہت حساس معاملہ ہے،کیا اس طرح کرنا جائز ہے؟,مساجد ومدرسہ اور قبرستان وغیرہ دیگر وقف املاک پر قبضہ کرکے اپنے استعمال میں لانا تو بلاشبہ ناجائز اور حرام عمل ہے،جس میں کوئی شبہ نہیں،تاہم بحریہ ٹاؤن کراچی اور ملیر کے ضلعی انتظامیہ کے مذکور فعل کے قابلِ اعتبار ثبوت وشواہد اور مکمل تفصیلات ہمارے علم میں نہیں،اس لئے اس کے متعلق کوئی حکم نہیں دیا جاسکتا۔,معاملات,امانات,47460,,https://www.onlinefatawa.com/view_fatwa_unicode/47460/%D9%85%D9%88%D9%82%D9%88%D9%81%DB%81-%D8%A7%D9%85%D9%84%D8%A7%DA%A9-%D9%BE%D8%B1-%D9%82%D8%A8%D8%B6%DB%81-%DA%A9%D8%B1%DA%A9%DB%92-%D8%A7%D9%BE%D9%86%DB%92-%D8%A7%D8%B3%D8%AA%D8%B9%D9%85%D8%A7%D9%84-%D9%85%DB%8C%DA%BA-%D9%84%D8%A7%D9%86%DB%92-%DA%A9%D8%A7-%D8%AD%DA%A9%D9%85
قبرستان کی سبز گھاس کاٹنا جائز ہے یا نہیں؟میں نے سنا ہے کہ حرام ہے، حوالہ کے ساتھ جواب مرحمت فرمائیں؟,قبرستان سے سبز گھاس کاٹنا ناپسندیدہ اور مکروہ فعل ہے، اس سے احتراز چاہیئے۔,معاملات,امانات,12101,,https://www.onlinefatawa.com/view_fatwa_unicode/12101/%D9%82%D8%A8%D8%B1%D8%B3%D8%AA%D8%A7%D9%86-%D8%B3%DB%92-%D8%B3%D8%A8%D8%B2-%DA%AF%DA%BE%D8%A7%D8%B3-%DA%A9%D8%A7%D9%B9%D9%86%DB%92-%DA%A9%D8%A7-%D8%AD%DA%A9%D9%85
مفتی صاحب! کیا کوئی زانی آدمی اگر مسجد بنائے تو کیا ہم اس مسجد میں نماز پڑھ سکتے ہیں؟ اس بات کو جانتے ہوئے بھی کہ یہ مسجد کس نے بنائی ہے اور مسجد بننے کے بعد وہ اپنی زنا کی عادت سے باز نہیں آیا۔,زنا اگرچہ ایک سنگین جرم اور گناہِ کبیرہ ہے، لیکن اس کا مرتکب شخص بھی اگر اپنی حلال آمدنی سے مسجد تعمیر کر لے تو اس میں نماز پڑھنا جائز اور درست ہے، مگر اسے اپنے مذکور گناہ کبیرہ اور دیگر گناہوں سے بہرحال احتراز لازم ہے۔,معاملات,امانات,12399,2011-06-10,https://www.onlinefatawa.com/view_fatwa_unicode/12399/%D8%B2%D8%A7%D9%86%DB%8C-%D8%B4%D8%AE%D8%B5-%DA%A9%DB%92-%D8%A8%D9%86%D8%A7%D8%A6%DB%92-%DB%81%D9%88%D8%A6%DB%92-%D9%85%D8%B3%D8%AC%D8%AF-%D9%85%DB%8C%DA%BA-%D9%86%D9%85%D8%A7%D8%B2-%D9%BE%DA%91%DA%BE%D9%86%D8%A7
ایک فرد کسی کمپنی میں منشی کا کام کرتا ہے،اس سے ۲ماہ کے دوران آٹھ ہزار روپے گم ہو گئے ،اس کا وہ کمپنی کے مالک کو بھی بتا دیتا ہے، اس کو شک ہے کہ کسی نے تھوڑا تھوڑاکر کے  چرائے ہیں ،اور ہو سکتا ہے کہ بل گم ہو گئے ، خیر سال کے اینڈ میں کمپنی وہ رقم اس کو چھوڑ دیتی ہے، اس کے چند دن بعد پھر تین ہزار روپے کم ہو گئے، اب وہ  یہ پیسہ اپنے کھاتےمیں  ڈال لیتا ہے،اور کمپنی کو کہتا ہے کہ یہ پیسے کس نے چرا لیے ہیں، جس پر اس کو شک ہے اس نے کمپنی کو بتا دیا تھا، اس کے باوجودد بھی کمپنی نے اس فرد کو منع نہیں کیا ،اب کیا اس منشی کے ساتھ یہ زیادتی نہیں، جبکہ اس کی تنخواہ دو ہزار ہو، پلیز تفصیل سے بتا دیں یہ تو کمپنی اکاؤنٹ میں ہی جائیں گے۔,جب شخصِ مذکور نے مشتبہ شخص کے بارے میں کمپنی کے ذمہ داران کو آگاہ کر دیا ہے ،اور اس کے باوجود انہوں نے اس مشتبہ شخص سے پوچھ گچھ وغیرہ نہیں کی، تو اس صورت میں اولاً تو اسے چاہیئے کہ کمپنی ذمہ داران کو اس قسم کے امور پر باقاعدہ تحریری اطلاع دیا کرے ،اور اس تحریر کی ایک فوٹو کاپی اپنے پاس ریکارڈ میں بھی رکھے ۔ پھر اگر کمپنی مالکان سے اس بات کا اندیشہ ہو کہ یہ سب بوجھ اس پر نہ ڈال دیں ،تو ایسی صورت میں استعفی دیکر اس کمپنی سے علیحدگی بھی اختیار کر سکتا ہے۔ اور اس علیحدگی کی وجوہات میں اس بات کا ذکر بھی مناسب ہے۔,معاملات,امانات,14749,0000-00-00,https://www.onlinefatawa.com/view_fatwa_unicode/14749/%DA%86%D9%88%D8%B1%DB%8C-%DA%A9%D8%B1%D9%86%DB%92-%D9%88%D8%A7%D9%84%DB%92-%DA%A9%DB%92-%D8%AE%D9%84%D8%A7%D9%81-%DA%A9%D8%A7%D8%B1%D9%88%D8%A7%D8%A6%DB%8C-%D9%86%DB%81-%DA%A9%D8%B1%D9%86%D8%A7
کیا فرماتے ہیں مفتیانِ کرام اس مسئلہ کے بارے میں کہ: ہماری مسجد کے پاس پیسے جمع تھے،انتظامیہ نے ان پیسوں سے ایک آدمی کو کوئی جنس لے کر دیدی، اس کی نقد قیمت ہزار(1000) روپے ہے،انہوں نے وہ بازار سے خرید کر اس کو بارہ سو(1200) میں دیدی ہے، جو وہ چھ(6) ماہ کے بعد 1200 کے حساب سے پیسے واپس کرے گا، اور ایک دوسرے آدمی کو رقم دی ہے،وہ اس طرح کہ وہ کہتا ہے کہ میں منافع متعین نہیں کرتا،میں ویسے ہی مسجد کی خدمت کردوں گا،ا ب اس آدمی نے پیسے واپس کرنے ہیں اور اپنی مرضی سے خدمت کردے گا،انتظامیہ کے ساتھ منافع طے نہیں ہے،کیا دونوں طریقے ٹھیک ہیں؟جلد ازجلد جواب عنایت فرما کر شکریہ کا موقع دیں۔,مذکور پہلی صورت شرعاً بھی جائز اور درست ہے اور اس سے حاصل ہونے والے نفع کا ضروریاتِ مسجد میں خرچ کرنا بھی جائز ہے،جبکہ دوسری صورت میں قرض دی ہوئی رقم پر مزید کچھ لینا سود کے حکم میں ہونے کی بناء پر جائز نہیں،اس سے اور نیز اس طرح مسجد کی رقم کسی کو قرض دینے یا اسے کاروبار میں لگانے سے احتراز لازم ہے۔,معاملات,امانات,17374,,https://www.onlinefatawa.com/view_fatwa_unicode/17374/%D9%85%D8%B3%D8%AC%D8%AF-%DA%A9%DB%92-%D9%BE%DB%8C%D8%B3%D9%88%DA%BA-%D8%B3%DB%92-%DA%A9%D8%B3%DB%8C-%DA%A9%D9%88-%DA%A9%D9%88%D8%A6%DB%8C-%DA%86%DB%8C%D8%B2-%D8%AE%D8%B1%DB%8C%D8%AF-%DA%A9%D8%B1-%D9%BE%D8%B1%D8%A7%D9%81%D9%B9-%DA%A9%DB%92-%D8%B3%D8%A7%D8%AA%DA%BE-%D9%81%D8%B1%D9%88%D8%AE%D8%AA-%DA%A9%D8%B1%D9%86%D8%A7-
ایک آدمی نے مدرسہ ومسجد کے لئے دوپلاٹ وقف کیے ،جو تقریباً قریب ہیں،اب وہ یہ چاہتا ہے کہ ایک پلاٹ کسی کو سودا کرکے دے اور اس کے عوض دوسرا پلاٹ لے لے،تاکہ ایک پلاٹ بڑا ہوجائے،مسجد ومدرسہ کے لئے جگہ بڑی ہوجائے،کیا یہ صورت جائز ہے؟,اگر واقف نے ابھی اسے محض زبانی وقف کیا ہو اور عملی طور پر ان جگہوں پر نماز وغیرہ امور انجام نہ دیے گئے ہوں یا الگ رہتے ہوئے ان پلاٹوں سے بالکلیہ انتفاع ممکن نہ ہو تو ان صورتوں میں اس جگہ کو بیچ کر دوسرا بڑا پلاٹ خریدنا جائز ہے،ورنہ نہیں۔,معاملات,امانات,25407,,https://www.onlinefatawa.com/view_fatwa_unicode/25407/%D9%85%D8%B3%D8%AC%D8%AF-%D9%88%D9%85%D8%AF%D8%B1%D8%B3%DB%81-%DA%A9%DB%92-%D9%84%D8%A6%DB%92-%D9%85%D9%88%D9%82%D9%88%D9%81%DB%81-%D9%BE%D9%84%D8%A7%D9%B9-%D9%81%D8%B1%D9%88%D8%AE%D8%AA-%DA%A9%D8%B1%DA%A9%DB%92-%D8%AF%D9%88%D8%B3%D8%B1%D8%A7-%D9%BE%D9%84%D8%A7%D9%B9-%D8%AE%D8%B1%DB%8C%D8%AF%D9%86%DB%92-%DA%A9%D8%A7-%D8%AD%DA%A9%D9%85
السلام علیکم ورحمۃ اللہ وبرکاتہ! جناب مفتی صاحب ایک مسلمان اقرار نامہ، میں اپنی کسی جائداد کی بابت وقف قائم کرنے کا اقرار کرتا ہے، بعد میں عدالت میں جاکر اس اقرار نامہ کی تصدیق کرتا ہے،کیا اس سے وقف قائم ہوجاتا ہے؟کیا اس وقف کو وارث واقف کی وفات کے بعد واقف کو پاگل دلوا کر منسوخ کروا سکتا ہے یا نہیں؟واقف کا عدالت میں اقرار نامہ کو تسلیم کرنے سے مستقل وقف قائم ہوگیا تھا، کیا ایسا وقف منسوخ کروایا جاسکتا ہے؟والسلام,سائل کا بیان انتہائی مبہم ہے، نہ تو اس میں موقوفہ شے کا ذکر ہے اور نہ ہی وقف کی صورت مذکور ہے اور نہ ہی واقف کے الفاظ، تاہم اگر وقف محض کاغذی طور پر ہو اور عملاً وقف نہ کیا ہو تو محض لکھ دینے سے وقف تام نہیں ہوتا، اس لئے اس کی منسوخی بھی لایعنی حرکت ہے، ورنہ جو بھی تفصیل ہو دوبارہ لکھ کر حکمِ شرعی معلوم کیا جاسکتا ہے۔,معاملات,امانات,25548,,https://www.onlinefatawa.com/view_fatwa_unicode/25548/%DA%A9%DB%8C%D8%A7%DA%A9%D8%A7%D8%BA%D8%B0%D8%A7%D8%AA-%D9%85%DB%8C%DA%BA-%D9%84%DA%A9%DA%BE-%DA%A9%D8%B1-%D8%AF%DB%8C%D9%86%DB%92-%D8%B3%DB%92-%D9%88%D9%82%D9%81-%D8%AA%D8%A7%D9%85-%DB%81%D9%88%D8%AC%D8%A7%D8%AA%D8%A7-%DB%81%DB%92%D8%9F
جناب میں نے ایک کمیٹی ڈالی ہے جس کا نمبر 21 ہے، ایک اور شخص جس کی کمیٹی کا نمبر 7 ہے، مجھے رقم کی اشد ضرورت ہے؟ میں نے اس کو پیش کش کی ہے کہ وہ اپنی کمیٹی مجھے دے دے اور میری کمیٹی وہ لے لے، اور میں اس کو دس ہزار روپے انعام کے طور پر اپنی خوشی سے دوں گا، کیا ایسا کرنا جائز ہے؟,سائل کا اپنی باری دوسرے کے ساتھ تبدیل کرنا درست ہے البتہ مذکور طریقہ سے اس پر دس ہزار معاوضہ دینا اور دوسرے کا لینا ناجائز اور حرام ہے جس سے احتراز لازم ہے۔,معاملات,امانات,26589,2015-10-07,https://www.onlinefatawa.com/view_fatwa_unicode/26589/%DA%A9%D9%85%DB%8C%D9%B9%DB%8C-%DA%A9%DB%92-%D9%86%D9%85%D8%A8%D8%B1%D8%AA%D8%A8%D8%AF%DB%8C%D9%84-%DA%A9%D8%B1%D9%86%DB%92-%D9%BE%D8%B1-%D8%B1%D9%82%D9%85-%D8%AF-%DB%8C%D9%86%DB%92-%DA%A9%D8%A7%D8%AD%DA%A9%D9%85
سلام کے بعد عرض یہ ہے کہ ادھر سعودی عرب میں ہمارے پاکستانی لوگوں نے چندہ کے نام سےایک انجمن بنایا ہے اس کا طریقہ کار یہ ہے کہ ایک رجسٹر میں لوگ نام لکھ دیتے ہیں اس مقصد کے لیے کہ رجسٹر میں درج شدہ لوگوں میں سے اگر کوئی فوت ہو جائے تو باقی لوگ لازماً اس کے لیے چندہ ادا کریں گے اگر کوئی بندہ چندہ ادا نہ کرتا ہو تو جب یہی بندہ فوت ہو جائے تو کسی پر بھی اس کے لیے چندہ ادا کرنا لازم نہ ہوگا اب پوچھنا یہ ہے کہ اس انجمن میں حصہ لینا جائز ہے یا نہیں؟,موت یا کسی حادثہ کی صورت میں تعاون کے لیے ماہانہ چندہ جمع کرنا امداد باہمی کی ایک صورت ہے جو شرعاً بھی جائز اور درست ہے مگر اس کے لیے لوگوں کو مجبور کرنا اور جو لوگ اس میں حصہ دار نہ بنیں ان کا بائیکاٹ کرنا اور لوگوں کو ان کے ساتھ تعاون سے روکنا جائز نہیں اس سے احتراز لازم ہے۔,معاملات,امانات,27110,2015-11-24,https://www.onlinefatawa.com/view_fatwa_unicode/27110/%D9%85%D9%88%D8%AA-%DB%8C%D8%A7-%DA%A9%D8%B3%DB%8C-%D8%AD%D8%A7%D8%AF%D8%AB%DB%81-%DA%A9%DB%8C-%D8%B5%D9%88%D8%B1%D8%AA-%D9%85%DB%8C%DA%BA-%D8%AA%D8%B9%D8%A7%D9%88%D9%86-%DA%A9%DB%92-%D9%84%DB%8C%DB%92-%D9%85%D8%A7%DB%81%D8%A7%D9%86%DB%81-%DA%86%D9%86%D8%AF%DB%81-%D8%AC%D9%85%D8%B9-%DA%A9%D8%B1%D9%86%D8%A7
کیا مسجد کی چیزوں کو مثلاً بجلی،گیس،پانی آس پاس کے گھروں کو دیا جاسکتا ہے؟ان کے ذاتی استعمال کیلئے؟ اور کیا اس شرط پر دیا جاسکتا ہے کہ وہ پورا بل ادا کریں گے؟ اگر دیا جاسکتا ہے تو کتنی مدت کے لئے؟,مسجد کی بجلی اور گیس بھی غیر قانونی طور پر کسی دوسرے کو دینا جائز نہیں،اس سے احتراز لازم ہے،البتہ پانی کی اگر کسی کو واقعی مجبوری ہو،اسی طرح سخت مجبوری میں اگر مکمل طور پر حکومتی بل کی ادائیگی کی شرط پر بجلی دے دی جائے تو بقدرِ ضرورت دینے کی گنجائش ہے؟اگرچہ خلافِ قانون کا گناہ ہوگا۔,معاملات,امانات,27579,,https://www.onlinefatawa.com/view_fatwa_unicode/27579/%DA%A9%DB%8C%D8%A7-%D9%85%D8%B3%D8%AC%D8%AF-%DA%A9%D8%A7-%D9%BE%D8%A7%D9%86%DB%8C--%D9%85%D8%B3%D8%AC%D8%AF-%DA%A9%DB%92-%D9%BE%DA%91%D9%88%D8%B3%DB%8C%D9%88%DA%BA-%DA%A9%D9%88-%D8%AF%DB%8C%D8%A7-%D8%AC%D8%A7%D8%B3%DA%A9%D8%AA%D8%A7-%DB%81%DB%92%D8%9F
کچھ روز قبل فجر کے بعد جب میں نے گھر کا مرکزی دروازہ کھولا تو دروازے پر چند ہزار روپے ملے ، وہ امانۃً میرے پاس موجود ہیں، معلوم کرنے پر ایک صاحب نے کچھ حصہ خیرات کرانے کو کہا ، دوسرے صاحب نے کہا کہ یہ رقم مسجد کو دی جائے تا کہ جس کسی  کی یہ رقم ہے اس کے لیے صدقہ جاریہ ہو گا، آپ بتائیں کہ کیا کرنا ہوگا؟,جو رقم سائل کو ملی ہے، وہ لقطہ ہے، جس کا حکم یہ ہے کہ اس کا اعلان کیا جائے، اگر مالک آجائے تو بہتر ورنہ جب مالک کی طرف سے مایوسی ہو جائے کہ اب وہ نہیں آئے گا تو ایسی صورت میں یہ رقم مالک کی طرف سے کسی مستحق فقیر کو صدقہ کر سکتے ہیں اگر سائل خود بھی فقیر ہو تو وہ خود یہ رقم رکھ سکتا ہے، تاہم مالک اگر اس صدقہ کے بعد آجائے اور اپنی رقم کا مطالبہ کرے تو اس کو اس کی رقم واپس کرنا لازم ہوگا ۔,معاملات,امانات,28601,,https://www.onlinefatawa.com/view_fatwa_unicode/28601/%D8%B1%D8%A7%D8%B3%D8%AA%DB%81-%D9%85%DB%8C%DA%BA-%D8%B1%D9%82%D9%85-%D9%BE%DA%91%DB%8C-%DB%81%D9%88%D8%A6%DB%8C-%D9%85%D9%84%DB%92%D8%AA%D9%88-%DA%A9%DB%8C%D8%A7-%DA%A9%D8%B1%DB%92-%D8%9F
السلام علیکم مفتی صاحب! فنائے مسجد، مسجد سے ملحق برآمدوں، وضوخانوں، استنجاء خانوں کے پاس بکس اسٹال، اسلامی کتب وغیرہ فروخت کرنے کا بستہ لگا سکتے ہیں۔,مسجد کے لیے وقف کسی جگہ اسٹال وغیرہ لگانا مسجد انتظامیہ کی اجازت سے جائز اور درست ہے ورنہ نہیں۔,معاملات,امانات,28804,2020-10-26,https://www.onlinefatawa.com/view_fatwa_unicode/28804/%D9%85%D8%B3%D8%AC%D8%AF-%DA%A9%DB%8C-%D9%88%D9%82%D9%81-%D8%AC%DA%AF%DB%81-%D9%85%DB%8C%DA%BA-%D8%AE%D8%B1%DB%8C%D8%AF-%D9%88-%D9%81%D8%B1%D9%88%D8%AE%D8%AA-%DA%A9%DB%92-%D9%84%D8%A6%DB%92-%D8%A7%D8%B3%D9%B9%D8%A7%D9%84-%D9%84%DA%AF%D8%A7%D9%86%D8%A7
السلام علیکم! میرا ایک دوست ہے، جن سے میرا کاروباری تعلق بھی ہے،  وہ مجھ سے ادھار مال لیتا ہے، جس کی ادائیگی بھی اقساط میں ہوتی رہتی ہے، مسئلہ یہ ہے کہ معاملات ویسے تو درست ہیں، مگر دو باتیں ہیں، جن کو مدِّ   نظر رکھتے ہوئے آپ حضرات سے رہنمائی درکار ہے،  میرے دوست حساب کتاب رکھنے کے معاملے میں بہت لاپرواہ ہیں، میں گزشتہ دو سالوں میں تین دفعہ خطیر رقوم ان کو لوٹا چکا ہوں، جس کا ان کے پاس حساب ہی نہیں تھا، جب کہ وہ رقوم مجھے ادا کر چکے تھے ، ادائیگی کے معاملے میں بھی لا پرواہی مزاج کا حصہ ہے، وعدہ کی کوئی پاسداری نہیں ہے، وصولیاں ہو گئیں تو ادائیگی  ہو گی ورنہ ٹال مٹول یا فون بند؟ مگر ادائیگی ضرور ہوتی ہے ، باوجود  کئی بار ٹوکنے کے یہ عادات پختگی کے ساتھ موجود ہیں، بلکہ اضافہ ہی ہوا ہے  جس کا ثبوت ہے کہ اس وقت بھی ایک خطیر رقم میرے پاس موجود ہے جس کا ان کے پاس کوئی  حساب نہیں ہے،  میری تقریباً دو گنا سے چار گنا رقم کا ادہار رہتا ہے ، اس لا پرواہی کی عادت نے جو کاروباری خطرات عیاں کی ہیں آپ حضرات ان کو یقیناً سمجھ رہے ہونگے، کیونکہ میری ایک خطیر رقم بصورت ادھار پھنسی رہتی ہے۔ سوال یہ ہے کہ: (1) میں اس رقم کہ بطورِ امانت اپنے پاس بغیر علم میں لائے رکھ سکتا ہوں؟ جب کہ میں بلا تعطل ہر وقت اس سے دو گنا سے چار گنا رقم کا لین دار بھی ہوں، موجودہ حالات اور واقعات کے پیش نظر کسی حد تک کاروباری تحفظ کے نقطہ نظر سے کوئی گنجائش ہے؟ ( ہمارے مشتر کہ دوستوں ہی نے مجھے اس وقت محتاط رہنے کا مشورہ دیا تھا، جب ان سے کام شروع کرنے سے پہلے میں نے مشورہ کیا تھا، یہ معاملہ ہمارے ان دو مشتر کہ دوستوں جو کہ ان کے رشتہ دار بھی ہیں کے بھی علم میں ہے، کھاتے میں بھی اس رقم کی نام کے ساتھ بطور امانت انٹری ہے، میری اہلیہ کے بھی علم میں ہے ؟ ) (2) جو رقم میرے پاس بطورِ امانت موجود ہے وہ چونکہ رقم کے مالک کے علم میں ہی نہیں ہے اور اس پر سال بھی پورا ہو رہا ہے تو اس کی زکوٰۃ کی ادائیگی کی کیا صورت ہو گی ؟ براہ کرم راہ نمائی فرما کر مشکور فرمائیں۔ جزاک الله  خیراً,سائل کے دوستوں نے اسے صحیح مشورہ دیا ہے ، سائل کو چاہیئے کہ اپنے مذکور دوست کے ساتھ بیٹھ کر تمام معاملات کو واضح کر کے حساب کتاب کیا کرے ، جبکہ مذکور دوست کی طرف سے جب تک سائل کے کسی حق کا انکار نہ ہو، اس وقت تک اس کی دوسری مدّوں کی رقوم کو اپنے قرضہ میں حساب کر کے یا آئندہ کے خدشات کی بناء پر روکے رکھنا جائز نہیں، اس سے احتراز لازم ہے ۔,معاملات,امانات,28850,,https://www.onlinefatawa.com/view_fatwa_unicode/28850/%D8%A7%D9%85%D8%A7%D9%86%D8%AA-%DA%A9%DB%8C-%D8%B1%D9%82%D9%85-%DA%A9%D9%88-%D8%A7%D9%BE%D9%86%DB%92-%DA%A9%D8%B3%DB%8C-%D8%AD%D9%82-%DA%A9%DB%92-%D8%AA%D8%AD%D9%81%D8%B8-%DA%A9%DB%8C%D9%84%D8%A6%DB%92-%D8%B1%D9%88%DA%A9%DB%92-%D8%B1%DA%A9%DA%BE%D9%86%DB%92--%DA%A9%D8%A7-%D8%AD%DA%A9%D9%85
اگر عام لوگوں کے لیے زمین مدرسہ کے لیے خریدی گئی پھر اسے ٹرسٹ کی طرف منتقل کر دیا گیا تو کیا اب ٹرسٹ کی جانب سے اس زمین کو کسی دوسرے شخص کو کاروبار کی غرض سے بیچا جا سکتا ہے؟,صورت مسئولہ میں مذکور زمین اگر مدرسہ کے لیے بطورِ وقف خریدی گئی تھی تو اب اس  زمین کو ٹرسٹ والوں کی طرف سے کاروبار کی غرض سے بیچنا شرعاً جائز نہیں، یہ زمین صرف مدرسہ کے مصارف ہی میں استعمال کی جا سکتی ہے۔,معاملات,امانات,29006,2016-07-28,https://www.onlinefatawa.com/view_fatwa_unicode/29006/%D9%85%D8%AF%D8%B1%D8%B3%DB%92-%DA%A9%DB%8C-%D9%88%D9%82%D9%81-%D8%B2%D9%85%DB%8C%D9%86-%DA%A9%D9%88--%D9%81%D8%B1%D9%88%D8%AE%D8%AA-%DA%A9%D8%B1%D9%86%DB%92-%DA%A9%D8%A7-%D8%AD%DA%A9%D9%85-
السلام علیکم کیا مسجد کے فنڈ کا پیسہ کسی ایسے بزنس یا کام میں لگایا جاسکتا ہے،جس سے مسجد کے فنڈ میں اضافہ ہو اور فائدہ حاصل ہو،جواب بحوالہ مرحمت فرمائیں,مسجد کے چندے اور فنڈ کو کسی جائز کاروبار میں لگانا اور اس سے نفع حاصل کرنا جائز ہے،بشرطیکہ مسجد کی رقم ڈوبنے اور ضائع ہونے کا اندیشہ نہ ہو۔,معاملات,امانات,29232,,https://www.onlinefatawa.com/view_fatwa_unicode/29232/%DA%A9%DB%8C%D8%A7-%D9%85%D8%B3%D8%AC%D8%AF-%DA%A9%DB%92-%D9%81%D9%86%DA%88-%DA%A9%D9%88-%DA%A9%D8%B3%DB%8C-%DA%A9%D8%A7%D8%B1%D9%88%D8%A8%D8%A7%D8%B1-%D9%85%DB%8C%DA%BA-%D9%84%DA%AF%D8%A7%D9%86%D8%A7-%D8%AC%D8%A7%D8%A6%D8%B2-%DB%81%DB%92%D8%9F
کیا فرماتے ہیں مفتیانِ کرام قرآن وسنت کی روشنی میں اس مسئلہ کے بارے میں کہ: مسجد کے سامنے ایک راستہ ہے،جو شارعِ عام ہے اور اس راستے کے ساتھ ایک پلاٹ ہے اور یہ ذاتی ملکیت ہے،جس میں صاحبِ پلاٹ اپنے مردوں کی تدفین کرتا تھا،ایک عرصہ ہوچکا ہے،اس میں مردوں کو دفن کرنا چھوڑ دیا ہے،آخری مردہ تقریباً سال پہلے اس میں دفن کیا گیا تھا ،اب قبروں کے نشانات ختم ہوچکے ہیں، مسجد کی توسیع کے لئے جگہ کی ضرورت ہے، صاحبِ پلاٹ فوت ہوچکا ہے، اور ورثاء یہ پلاٹ مسجد کو دینا چاہتے ہیں، تو کیا یہ راستہ اور پلاٹ مسجد میں شامل کیا جاسکتا ہے یا نہیں؟مسجد والے یہ چاہتے ہیں کہ راستہ اور پلاٹ کا کچھ حصہ مسجد میں شامل کرلیا جائے اور پلاٹ کے کچھ حصے پر راستہ نکال لیا جائے،ایسا کرنا درست ہے یا نہیں؟ جب کہ ورثاء اس پر راضی ہیں۔ نوٹ: نہ صاحبِ پلاٹ نے اپنا پلاٹ وقف کیا تھا اور نہ ہی اس کے ورثاء نے اس پلاٹ کو قبور کے لئے وقف کیا ہے۔,مذکور قبرستان میں اگر قبریں اتنی پرانی ہوچکی ہوں کہ ان میں مدفون مردے مٹی بن چکے ہوں تو مالک یا اس کے ورثاء کی اجازت سے مذکور پلاٹ کو مسجد میں داخل کرنا جائز اور درست ہے،جبکہ راستہ کا کچھ حصہ توسیع مسجد کی غرض سے لے لینا اور اس کا متبادل راستہ بھی نکال دیا جائے،نیز عوام الناس کو اس سے کوئی تنگی اور ضرر بھی لاحق نہ ہو تو اس میں بھی کوئی حرج نہیں۔,معاملات,امانات,29446,,https://www.onlinefatawa.com/view_fatwa_unicode/29446/%D8%BA%DB%8C%D8%B1-%D9%85%D9%88%D9%82%D9%88%D9%81%DB%81-%D9%82%D8%A8%D8%B1%D8%B3%D8%AA%D8%A7%D9%86-%DA%A9%D9%88-%D9%85%D8%B3%D8%AC%D8%AF-%D9%85%DB%8C%DA%BA-%D8%AF%D8%A7%D8%AE%D9%84-%DA%A9%D8%B1%D9%86%DB%92-%DA%A9%D8%A7-%D8%AD%DA%A9%D9%85
میں نے اگر کسی سے چیرٹی کے نام پہ چندہ جمع کیا اور نیت خود رکھنے کی تھی اور چیرٹی میں نہ دینے کی تھی،اب اگر مجھے توبہ کی توفیق مل گئی تو کیا ان لوگوں کو پیسے لوٹانا لازمی ہیں؟ یا صرف سچ بتا کر معافی مانگ لینا کافی ہوگا؟,سائل پر لازم ہے کہ بصدقِ دل اپنے اس گناہ پر توبہ واستغفار کرے اور چندہ دینے والوں نے جس کام کے لئے چندہ دیا تھا تو خرچ کردہ رقم چندہ دینے والوں کی اجازت سے اس میں لگائے۔,معاملات,امانات,30743,,https://www.onlinefatawa.com/view_fatwa_unicode/30743/%DA%86%D9%86%D8%AF%DB%92-%DA%A9%D9%88-%D8%B0%D8%A7%D8%AA%DB%8C-%D8%A7%D8%B3%D8%AA%D8%B9%D9%85%D8%A7%D9%84-%D9%85%DB%8C%DA%BA-%D9%84%D8%A7%D9%86%DB%92-%DA%A9%DB%8C-%D9%86%DB%8C%D8%AA-%D8%B3%DB%92-%DA%86%D9%86%D8%AF%DB%81-%D9%88%D8%B5%D9%88%D9%84-%DA%A9%DB%8C%D8%A7%D8%8C%D8%AA%D9%88%D8%A7%D8%A8-%DA%A9%DB%8C%D8%A7-%D8%AD%DA%A9%D9%85-%DB%81%DB%92%D8%9F
حضرت مفتی صاحب! ایک شخص نے جگہ خرید کر کچھ جگہ پر مسجد بنائی کچھ جگہ پر اپنی رہائش، اس کے بعد فوت ہوگیا، وارثوں میں سے ایک باپ کی جگہ زبردستی قابض ہوگیا باقی وارثوں کو مسجد رہائش اور بقیہ جگہ کے قریب نہیں آنے دیتا، سوال یہ ہے کہ باقی وارثوں کو کیا کرنا چاہئے؟ مسجد وقف کریں تاکہ ان کے باپ کو ثواب ملے یا وقف نہ کریں؟ (۲) باقی رہائش اور دیگر جگہ کے بارے میں کیا کریں؟ حقِ وراثت چھوڑدیں تاکہ زبردستی قابض اور اس کی اولاد عیش و عشرت اور مزے کرے اور حقیقی وارث اور ان کی اولاد بھوکی مرے؟ (۳) کیا زبردستی قبضہ کی مسجد میں نماز پڑھنا جائز ہے؟ عام نمازی کے نمازوں کا کیا حکم ہے؟ جواب جلدی دیں اور ہماری مدد کریں۔ شکریہ,مرحوم نے اپنی صحت والی زندگی میں اگر اس جگہ کو باقاعدہ مسجد کے لئے وقف کرکے اس میں مسجد کی تعمیر کی تھی پھر لوگوں کو اس میں نمازوں کی اجازت بھی دی تھی تو یہ شرعاً بھی مسجد بن چکی ہے اب یہ جگہ تا قیامت مسجد ہی رہے گی مرحوم کے ورثاء کیلئے بطورِ وراثت اس مسجد کو اپنے قبضے میں لینا قطعاً جائز نہیں، البتہ مسجد کے متولی بن سکتے ہیں جبکہ مسجد کے علاوہ مرحوم کی جو رہائش کی جگہ اور دیگر جائیدادیں ہیں، اگر وہ مرحوم نے وقف نہیں کی تھیں تو اب یہ مرحوم کے تمام ورثاء کا حق ہے جو سب ورثاء میں حسبِ حصص شرعی تقسیم ہوں گی، کسی ایک وارث کا مرحوم کی تمام جائیداد پر قابض ہوکر باقی ورثاء کو ان کا حصہ نہ دینا ظلم و غصب پر مبنی ہونے کی وجہ سے شرعاً ناجائز اور حرام ہے اس پر لازم ہے کہ تمام ورثاء کو ان کا حصۂ شرعی دیکر مؤاخذۂ دنیوی اور اُخروی سے سبکدوشی حاصل کرے، بصورتِ دیگر اس کے خلاف قانونی چارہ جوئی کی جاسکتی ہے۔,معاملات,امانات,35164,,https://www.onlinefatawa.com/view_fatwa_unicode/35164/%D9%85%D8%B1%D8%AD%D9%88%D9%85-%DA%A9%DB%92-%D9%88%D9%82%D9%81-%DA%A9%D8%B1%D9%86%DB%92-%DA%A9%DB%92-%D8%A8%D8%B9%D8%AF-%D9%88%D8%B1%D8%AB%D8%A7%D8%A1-%DA%A9%D8%A7%D9%85%D9%88%D9%82%D9%88%D9%81%DB%81-%D8%B2%D9%85%DB%8C%D9%86-%D9%BE%D8%B1-%D9%82%D8%A8%D8%B6%DB%81-%DA%A9%D8%B1%D9%86%D8%A7
السلام علیکم ! آپ سے راہ نمائی کی درخواست ہے، کہ چندے کے پیسوں سے تعلیمی ادارہ چلانا اور اس میں سے اپنی تنخواہ وصول کرنا شرعی نقطہ نگاہ سے جائز ہے یا نہیں ؟ اگر یہ چندہ مسلمان کا ہو تو کیا حکم ہے اور اگر غیر مسلم کا ہو تو کیا حکم ہے؟,چندے کی مد میں جمع ہونے والے نفلی صدقات کی رقم سے مطلقا اور صدقات واجبہ کی رقم سے تملیک کے بعد ادارے کی تمام ضروریات ( بشمول منتظم کی تنخواہ کے ) پورا کرنا اور اس رقم سے تعلیمی ادارہ چلانا شرعا جائز اور درست ہے، خواہ چندہ دینے والا مسلمان ہو یا غیر مسلم ، البتہ غیر مسلموں سے چندہ لینے میں کوئی مفسدہ ہو تو پھر چندہ لینے سے احتراز چاہئے ، تاہم اگر وہ خود اپنی مرضی سے چندہ جمع کرادیں، اور کسی مفسدہ کا اندیشہ بھی نہ ہو تو چندہ لینے میں کوئی حرج نہیں۔,معاملات,امانات,35240,,https://www.onlinefatawa.com/view_fatwa_unicode/35240/%DA%86%D9%86%D8%AF%DB%92-%DA%A9%DB%92-%D9%BE%DB%8C%D8%B3%D9%88%DA%BA-%D8%B3%DB%92-%D8%A7%D8%AF%D8%A7%D8%B1%DB%81-%DA%86%D9%84%D8%A7%D9%86%DB%92-%D8%A7%D9%88%D8%B1-%D8%A7%D9%BE%D9%86%DB%8C-%D8%AA%D9%86%D8%AE%D9%88%D8%A7%DB%81-%D9%84%DB%8C%D9%86%DB%92-%DA%A9%D8%A7-%D8%AD%DA%A9%D9%85
عیدگاہ کے کنارے کسی مسلمان کے لئے راستہ دے سکتے ہیں یا نہیں؟ اور عیدگاہ کو شادی خانہ بنا سکتے ہیں یا نہیں؟,عید گاہ کی زمین اگر وقف شدہ ہو تو اس میں سے کسی مسلمان یا غیر مسلم کے گھر کے لئے راستہ دینا درست نہیں،جس سے احتراز لازم ہے،جبکہ عید گاہ کی زمین کو شادی وغیرہ میں استعمال کرنا درست ہے،بشرطیکہ متولی یا واقف کی اجازت ہو۔,معاملات,امانات,35295,,https://www.onlinefatawa.com/view_fatwa_unicode/35295/%DA%A9%DB%8C%D8%A7%D8%B9%DB%8C%D8%AF-%DA%AF%D8%A7%DB%81-%DA%A9%DB%8C-%D8%B2%D9%85%DB%8C%D9%86-%DA%A9%D9%88-%D8%B4%D8%A7%D8%AF%DB%8C-%D9%85%DB%8C%DA%BA-%D8%A7%D8%B3%D8%AA%D8%B9%D9%85%D8%A7%D9%84-%DA%A9%D8%B1%D9%86%D8%A7-%D8%AF%D8%B1%D8%B3%D8%AA-%DB%81%DB%92%D8%9F
ایک آدمی نے اپنی زندگی میں زمین خرید کر مسجد کیلئے وقف کر دی اور اپنی زندگی میں ہی اس کی تعمیر کروائی اور اس مسجد کے اخراجات بھی ادا کرتے رہے،اب ان کی وفات کے بعد ان کے بیٹے   ،جو اس مسجد کی کمیٹی کے ممبر بھی ہیں، مسجد کے دروازے پر اپنے والد کے نام کی تختی لگانا چاہتے ہیں، تاکہ مسجد پر کسی کا قبضہ وغیرہ نہ ہو اور ان کے والد کا نام بھی لوگوں میں باقی رہے،سوال یہ ہے کہ : (1)کیا نام کی تختی لگانا صحیح ہے؟ (2) کیا اس سے ان کے والد کے اجر میں کوئی فرق آئے گا؟ جیسا کہ وہاں کے امام صاحب نے کہا ہے کہ اس سے تمہارے والد کا اجر ختم ہوجائے گا ۔ (3) کیا اس تختی  کے لگانے سے اولاد کے حق میں کوئی برائی آئے گی،جیسا کہ وہاں کے امام صاحب نے ان کو کہا ہے کہ تختی لگانا تمہارے حق میں بہتر نہیں۔,سائل اگر مسجد کے حقیقی واقف اور بانی کے طور پر اپنے والدِ محترم کے نام کی تختی لگانا چاہے،جس سے مرحوم کا نام اس صدقۂ جاریہ میں باقی رہے تو اس میں کوئی قباحت نہیں اور نہ ہی اس کی وجہ سے والد کے اجر میں  کوئی کمی آئے گی، اور اس عمل کی وجہ سے سائل یا اس کے اہلِ خانہ کو برائی پہنچنے کی بات کرنا بھی بے اصل ہے۔,معاملات,امانات,35572,,https://www.onlinefatawa.com/view_fatwa_unicode/35572/%D9%85%D8%B3%D8%AC%D8%AF-%D9%85%DB%8C%DA%BA-%D9%88%D8%A7%D9%82%D9%81-%DA%A9%DB%92-%D9%86%D8%A7%D9%85-%DA%A9%DB%8C-%D8%AA%D8%AE%D8%AA%DB%8C-%D9%84%DA%AF%D8%A7%D9%86%DB%92-%DA%A9%D8%A7-%D8%AD%DA%A9%D9%85
میری بیوی مجھے بتائے بغیرمیرے دیئے ہوئے خرچ میں سے اپنے والدین کو کچھ دے سکتی ہے؟یاشادی شدہ عورت پراپنے ماں باپ کی کفالت کرنافرض ہے؟جبکہ اس کے دوبھائی کماتے ہوں۔,واضح ہو کہ ضعیف العمراورضرورت مند والدین کی کفالت کی ذمہ داری نرینہ اولادکی موجودگی میں ان کے ذمہ لازم ہوتی ہے،بیٹیوں پرلازم نہیں  ، اس لئے سائل کے بیوی کے ذمہ والدین کی کفالت شرعالازم نہیں ۔اورنہ ہی شوہر کے دی ہوئی رقم میں سے بلااجازت ان کے ساتھ تعاون کرناجائز ہے ۔البتہ اگروہ سائل کی اجازت سے ان کے ساتھ کوئی تعاون کرے ،تواس میں شرعاکوئی حرج نہیں۔,معاملات,امانات,35716,2020-10-26,https://www.onlinefatawa.com/view_fatwa_unicode/35716/%D8%A8%DB%8C%D9%88%DB%8C-%DA%A9%D8%A7-%D8%B4%D9%88%DB%81%D8%B1-%DA%A9%DB%8C-%D8%B1%D9%82%D9%85-%DA%A9%D9%88-%D9%88%D8%A7%D9%84%D8%AF%DB%8C%D9%86-%D9%BE%D8%B1-%D8%AE%D8%B1%DA%86-%DA%A9%D8%B1%D9%86%DB%92-%DA%A9%D8%A7-%D8%AD%DA%A9%D9%85
السلام علیکم ورحمۃ اللہ وبرکاتہ ! ہم نے اپنے گاؤں کی مسجد کی وسعت کے لئے دوبارہ تعمیر شروع کردی ہے، مسجد کی لکڑی اور دوسری کھدائی وغیرہ کا سامان گاؤں کے ایک آدمی نے بلااجازت استعمال کیا۔ (1):کیا مسجد کا یہ سامان مسجدِ کمیٹی کی اجازت یا بلااجازت کوئی آدمی اپنے کام کے لئے استعمال کرسکتا ہے؟ (2): مسجد کا یہ سامان آدھا ادھورا ٹوٹا ہوا واپس کیا ہے اور مناسب کرایہ بھی دیا ہے، کیا یہ آدمی اس پر مسجدِ حق سے آزاد ہے یا اس پر مسجد کا حق ہے؟ (3): اگر اس آدمی پر مسجد کی ان چیزوں کی واپسی یا اس کا نقصان واپس کرنا ہے تو کیا کمیٹی کو اختیار ہے کہ وہ اس آدمی کو ادھورا سامان پر معاف کرے؟ (4) کیا کسی کمیٹی کے فرد کو مسجد کی چیز کرایہ پر دینے کا حق حاصل ہے؟ نوٹ: مسجد کا کام جاری ہے اور یہ سامان فالتو نہیں، بلکہ کم ہے، جس نے یہ سامان مسجد سے لیا اس نے کسی سے بھی نہیں پوچھا ویسے ہی اٹھا لیا،براہِ مہربانی الگ الگ جواب نمبر وار تحریر فرمائیں۔شکریہ۔,واضح ہوکہ مسجد کی اشیاء مسجد کے لئے وقف ہوتی ہیں، مسجد کے متولی یا کمیٹی کی ملکیت نہیں ہوتی، اس لئے  کسی بھی شخص کے لئے کمیٹی کی اجازت کے باوجود بھی مسجد کی کوئی چیز اپنی ذاتی ضروریات کے لئے استعمال کرنا جائز نہیں، تاہم مسجد کی اشیاء کرایہ پر دینے میں اگر مسجد کا فائدہ ہو اور اس معاملہ سے مسجد کا فائدہ ہی مد نظر ہو اور جن کے چندہ سے مسجد کے لئے یہ سامان آیا ہو انہیں بھی کرایہ داری کے معاملہ پر کوئی اعتراض نہ ہو تو مسجد کا سامان کمیٹی کی اجازت سے مناسب ومعقول کرایہ پر دینے کی اجازت ہے، ورنہ مسجد کا سامان صرف ضروریاتِ مسجد میں استعمال کیا جائے، لہذٰا اہلِ محلہ کو چاہیئے  کہ مذکور اصولی جواب کے مطابق عمل کریں۔,معاملات,امانات,33916,,https://www.onlinefatawa.com/view_fatwa_unicode/33916/%D9%85%D8%B3%D8%AC%D8%AF-%DA%A9%D8%A7-%D8%B3%D8%A7%D9%85%D8%A7%D9%86-%DA%A9%D9%85%DB%8C%D9%B9%DB%8C-%D9%88%D8%A7%D9%84%D9%88%DA%BA-%DA%A9%DB%8C-%D8%A7%D8%AC%D8%A7%D8%B2%D8%AA-%D8%B3%DB%92-%D8%A7%D8%B3%D8%AA%D8%B9%D9%85%D8%A7%D9%84-%DA%A9%D8%B1%D9%86%DB%92-%DA%A9%D8%A7-%D8%AD%DA%A9%D9%85%D8%8C%D9%85%D8%B3%D8%AC%D8%AF-%DA%A9%DB%8C-%D8%A7%D8%B4%DB%8C%D8%A7%D8%A1-%DA%A9%D8%B1%D8%A7%DB%8C%DB%81-%D9%BE%D8%B1-%D8%AF%DB%8C%D9%86%DB%92-%DA%A9%D8%A7-%D8%AD%DA%A9%D9%85
کیا فرماتے ہیں علماء کرام و مفتیان عظام اگر کوئی اپنا گھر وقف کر دے تو جوار کو شفعہ حق ہے یا نہیں؟,واضح ہو کہ گھر کو وقف کرنے کی صورت میں جار کو حق شفعہ حاصل نہیں، کیونکہ حق شفعہ کے ثبوت کے لیے عقد معاوضہ کا ہونا ضروری ہے جو مذکور صورت میں مفقود ہے۔,معاملات,امانات,35961,2018-11-27,https://www.onlinefatawa.com/view_fatwa_unicode/35961/%D9%85%DA%A9%D8%A7%D9%86-%D9%88%D9%82%D9%81-%DA%A9%D8%B1%D9%86%DB%92-%DA%A9%DB%8C-%D8%B5%D9%88%D8%B1%D8%AA-%D9%85%DB%8C%DA%BA-%D9%BE%DA%91%D9%88%D8%B3%DB%8C-%D8%B4%D9%81%D8%B9%DB%81-%DA%A9%D8%B1%D8%B3%DA%A9%D8%AA%D8%A7%DB%81%DB%92%D8%9F
"ہمارے گاؤں میں سو سالہ پرانا قبرستان ہے،اب اس پہ چار، پانچ فٹ تک خاک ڈالی گئی حکومت کی طرف سے , اور اب اس پہ نئی قبریں بنیں گی، وہ اب کھلے میدان کی طرح جگہ بن گئی ہے،میں نے پوچھنا تھا کہ کیا اب اس میدان پہ کرکٹ وغیرہ کھیلنا جائز ہے؟",مذکور قبرستان میں موجود قبریں اگر بوسیدہ اور مٹی ہوگئی ہوں، تو عارضی طور پر کبھی کبھار وہاں پر بچوں کے کھیل کود کرنے میں شرعاً کوئی قباحت نہیں،تاہم اگر مذکور جگہ قبرستان کے لئے وقف ہو تو اس جگہ کو مستقل طور پر کھیل کا میدان بنا لینا درست نہیں،جس سے احتراز لازم ہے۔,معاملات,امانات,36044,,https://www.onlinefatawa.com/view_fatwa_unicode/36044/%D9%85%D9%88%D9%82%D9%88%D9%81%DB%81-%D9%82%D8%A8%D8%B1%D8%B3%D8%AA%D8%A7%D9%86-%D9%85%DB%8C%DA%BA-%DA%A9%D8%B1%DA%A9%D9%B9-%DA%A9%DA%BE%DB%8C%D9%84%D9%86%DB%92-%DA%A9%D8%A7-%D8%AD%DA%A9%D9%85
میرے انکل کا ایک بیٹا ہے،انکل اور اس کے بیٹے میں لڑائی ہوئی،انکل اپنی پراپرٹی مسجد کے نام کرنا چاہتا ہے اور یہ کہ پراپرٹی مسجد کے نام رہی اور اس کی آمدنی اپنی زندگی تک خود لیتا رہا اور فوت ہونے کے بعد یہ  مسجد کے نام ہے،اس لئے مسجد کو ملتی رہی،کیا وہ اپنے بیٹے کا حق اس طرح مسجد کے نام کرسکتا ہے؟اور مسجد کے نام کی پراپرٹی کی آمدنی اپنی زندگی تک خود لے سکتا ہے؟,واضح ہوکہ سائل کے انکل اپنی صحت والی زندگی میں مرض الوفات میں مبتلاء ہونے سے قبل اپنے تمام مال وجائیداد کا تنہا مالک ہے،وہ اس میں جس طرح چاہے تصرف کرسکتا ہے،اس کی اولاد کا اس کی زندگی میں جائیداد میں حصہ داری کا مطالبہ کرنا درست نہیں،لہذا سائل کا انکل اگر اپنی پراپرٹی مسجد کے لئے وقف کرنا چاہے اور جب تک وہ زندہ رہے،تب تک اس کی آمدنی اپنے لئے مختص کرے تو شرعاً ایسا کرنا جائز اور درست ہے،البتہ اس میں خالص اللہ کی رضامندی کی نیت ہونی چاہیئے،اگر ورثاء کو محروم کرنے کی غرض سے ایسا کیا جائے تو ثواب سے محرومی ہوگی۔,معاملات,امانات,36884,,https://www.onlinefatawa.com/view_fatwa_unicode/36884/%D8%B2%D9%86%D8%AF%DA%AF%DB%8C-%D9%85%DB%8C%DA%BA-%D8%A7%D9%BE%D9%86%DB%8C-%D8%AC%D8%A7%D8%A6%DB%8C%D8%AF%D8%A7%D8%AF-%D9%85%D8%B3%D8%AC%D8%AF-%DA%A9%DB%92-%D9%86%D8%A7%D9%85-%DA%A9%D8%B1%D9%86%DB%92-%DA%A9%D8%A7-%D8%AD%DA%A9%D9%85
جب ہمارے محلے کی جامع مسجد کی دوبارہ تعمیر وتوسیع کی جارہی تھی، تو ایک صاحب نے قبلہ کی طرف سے اپنی زیرِ زمین دکانوں کی چھت پر مسجد کو وسعت دی، اب مذکورہ دکانیں کسی اور شخص پر فروخت کی گئی ہیں، قبلہ کی طرف سے تقریباً دو صفوں تک کی جگہ مذکورہ دکانوں کے اوپر ہے اور اس کے پیچھے صفیں پرانی مسجد کی زمین پر واقع ہیں، عام حالات میں پچھلی صفوں کو چھوڑ کر انہیں دو صفوں پر نماز باجماعت ادا ہوتی ہے ، پوچھنا یہ ہے کہ مذکورہ بالا اگلی دو صفیں مسجدِ شرعی کے حکم میں ہیں یا نہیں ؟ ایسی مسجد میں نماز باجماعت کا کیا حکم ہے ؟ کیوں کہ ہم نے سنا ہے کہ مسجد کی زمین پر اوپر نیچے کسی کا قبضہ نہیں ہونا چاہیئے ۔,مذکور دکانیں اگر مسجد کیلئے وقف نہیں ہیں تو ان دکانوں کا بالائی حصہ مسجدِ شرعی کے حکم میں نہیں،اس لئے اگلی دوصفوں میں نماز پڑھنے سے مسجد کا ثواب تو نہیں ملے گا،مگر جماعت کا ثواب حاصل ہوگا۔,معاملات,امانات,36200,,https://www.onlinefatawa.com/view_fatwa_unicode/36200/%DA%A9%DB%8C%D8%A7-%D8%A7%DA%AF%D8%B1%D9%85%D8%B3%D8%AC%D8%AF-%DA%A9%DB%92-%D9%86%DB%8C%DA%86%DB%92-%D8%AF%DA%A9%D8%A7%D9%86%DB%8C%DA%BA-%DB%81%D9%88%DA%BA-%D8%AA%D9%88-%D9%88%DB%81-%D8%AC%DA%AF%DB%81-%D9%85%D8%B3%D8%AC%D8%AF%D9%90-%D8%B4%D8%B1%D8%B9%DB%8C-%DA%A9%DB%81%D9%84%D8%A7%D8%A6%DB%92-%DA%AF%DB%8C%D8%9F
اہلِ میت کے لیے کمیٹی کی شکل میں کھانے پینے کا انتظام کرنا جس میں سب لوگ پیسے دے کر شریک ہوتے ہیں اور خود اہلِ میت بھی اس دینے  والوں میں شامل ہوتے ہیں، اس ویب سایٹ میں یہ جواب موجود ہے، لیکن کھلتا نہیں، پتہ نہیں کیا مسئلہ ہے؟,یہ صورت امداد باہمی کی ہے، جو شرعا بھی جائز اور درست ہے۔,معاملات,امانات,37113,2019-03-12,https://www.onlinefatawa.com/view_fatwa_unicode/37113/%D8%A7%DB%81%D9%84%D9%90-%D9%85%DB%8C%D8%AA-%DA%A9%DB%92-%D9%84%DB%8C%DB%92-%DA%A9%D9%85%DB%8C%D9%B9%DB%8C-%DA%A9%DB%8C-%D8%B4%DA%A9%D9%84-%D9%85%DB%8C%DA%BA-%DA%A9%DA%BE%D8%A7%D9%86%DB%92-%D9%BE%DB%8C%D9%86%DB%92-%DA%A9%D8%A7-%D8%A7%D9%86%D8%AA%D8%B8%D8%A7%D9%85-%DA%A9%D8%B1%D9%86%D8%A7-
ایک اللہ والے صاحب نے ہمارے گاؤں میں ایک مدرسہ تعمیر کروایا،اور جامع مسجد میں جمعہ کی نماز کے بعد کھڑے ہوکر اعلان کیا کہ یہ مدرسہ میں مسجد کے نام وقف کرتا ہوں اور جو مسجد کی کمیٹی اور مسجد کا امام ہوگا،وہ اس مدرسہ کے انتظام کو سنبھالیں گے،میرے وارثین کا اس پر کوئی حق نہیں ہے،اس کے کچھ عرصہ بعد اس صاحب نے امامِ مسجد کو کہا کہ مدرسہ مسجد کو وقف کرنے کی کاغذی کاروائی بھی پوری کی جائے،لیکن امامِ مسجد نے اپنے نام وقف کرنے کی درخواست کی اور فیصلہ پر نظرِ ثانی کا کہا،لیکن اس نے انکار کر دیا کہ میں مصمم فیصلہ کرچکا ہوں،یہ مسجد کو ہی وقف ہے،اس کے چند روز بعد وہ صاحب وفات پاگئے اور امامِ مسجد نے ان کی اہلیہ کے ذریعے مسجد کی بات مکمل ختم کرواکر ان کی بیوہ کو سرپرست اور خود کو منتظم لکھوا کر وقف نامہ تیار کروالیا،کیا یہ درست ہے؟جب کہ وہ مسجد میں اعلان بھی کرچکے تھے کہ مدرسہ مسجد کے نام وقف کردیا ہے،بس کتابت نہ ہوئی تھی۔,سوال میں ذکر کردہ تفصیل اگر واقعۃً درست ہو تو امام اگرچہ انتظامی کمیٹی کا حصہ ہے اور اس کا تحریر میں اپنے آپ کو منتظم لکھوانا بھی جائز ہے، مگر واقف کی صراحت کے خلاف مدرسہ کو مسجد کے نام وقف کرنے کی بات کو ختم کروانا شرعاً درست نہیں اور اس سےاحتراز لازم ہے ۔,معاملات,امانات,38126,,https://www.onlinefatawa.com/view_fatwa_unicode/38126/%D9%88%D8%A7%D9%82%D9%81-%D9%86%DB%92-%D9%85%D8%AF%D8%B1%D8%B3%DB%92-%DA%A9%D9%88-%D9%85%D8%B3%D8%AC%D8%AF-%D9%BE%D8%B1-%D9%88%D9%82%D9%81-%DA%A9%DB%8C%D8%A7%D8%8C%D8%A8%DB%8C%D9%88%DB%81-%D9%86%DB%92-%D8%A7%D8%B3-%DA%A9%D9%88-%D8%AE%D8%AA%D9%85-%DA%A9%D8%B1%D8%AF%DB%8C%D8%A7%D8%8C-%D8%AA%D9%88-%DA%A9%DB%8C%D8%A7-%D8%AD%DA%A9%D9%85-%DB%81%DB%92-%D8%9F
کیا فرماتے ہیں مفتیانِ کرام اس مسئلہ کے بارے میں کہ: ایک شخص نے دوکنال زمین مسجد اور مدرسہ کے لئے وقف کی ہے،مسجد اور مدرسہ کے لئے الگ الگ نشاندہی بھی کردی ہے،البتہ بیرونی دیوار ایک ہی ہے،اب وہ چاہتا ہے کہ جو زمین مدرسہ کے لئے وقف کی گئی ہے،اس میں سے کچھ جگہ بیچ کر مسجد کی تعمیر پر لگاؤں،کیا ایسا کرنا شرعاً جائز ہوگا؟بیان فرما دیں۔,شخصِ مذکور نے اپنی زمین کا جو حصہ علیحدہ طور پر مدرسہ کے لئے وقف کرکے اپنی ملکیت سے الگ کردیا تھا تو شرعاً یہ وقف درست منعقد ہوچکا ہے، اب مسجد کی غرض سے مدرسہ کے لئے وقف شدہ زمین میں سے کسی حصہ کو فروخت کرنا جائز نہیں،بلکہ اس کے لئے کوئی اور بندوبست کرنا چاہیئے۔,معاملات,امانات,38120,,https://www.onlinefatawa.com/view_fatwa_unicode/38120/%D9%85%D8%AF%D8%B1%D8%B3%DB%81-%DA%A9%DB%8C-%D9%85%D9%88%D9%82%D9%88%D9%81%DB%81-%D8%B2%D9%85%DB%8C%D9%86-%D9%81%D8%B1%D9%88%D8%AE%D8%AA-%DA%A9%D8%B1%DA%A9%DB%92-%D8%A7%D8%B3-%DA%A9%DB%8C-%D8%B1%D9%82%D9%85-%D8%AA%D8%B9%D9%85%DB%8C%D8%B1%D9%90-%D9%85%D8%B3%D8%AC%D8%AF-%D9%85%DB%8C%DA%BA-%D9%84%DA%AF%D8%A7%D9%86%DB%92-%DA%A9%D8%A7-%D8%AD%DA%A9%D9%85
السلام علیکم استادِ محترم ! مسئلہ یہ پوچھنا تھا کہ ہمارے گاؤں میں ایک مسجد کافی پرانی بنائی گئی تھی،  تو اس کے کمرے کی چھت گر گئی تھی اور دوسری مسجد بھی تھوڑے سے فاصلے پر بنائی ہے،گاؤں والے اس مسجد میں نماز پڑھتے ہیں،اب جو پرانی مسجد تھی،اس کے سامان کو نکال کر گاؤں والوں نے خرید لیا،اس کے قالین اور گاڈر،ٹیارن وغیرہ،اب جو پیسے اس پرانی مسجد کے خریدے ہوئے سامان پر آئے ہیں،ان  پیسوں پر نئی مسجد کے لئے پنکھے اور برآمدہ بنا سکتے ہیں؟مطلب وہ پیسے جو پرانی مسجد کے بیچے ہوئے سامان پر آئیں ہیں،ان پیسوں سے نئی مسجد کیلئے قالین وغیرہ اس نئی مسجد کے لئے جتنی بھی چیزیں ہوں چاہے وہ تعمیر میں وسعت کی ہوں،یا اس نئی مسجد کی ضروریات ہوں تو وہ پیسےاس نئی مسجد کے لئے استعمال کرسکتے ہیں؟,صورتِ مسئولہ میں جو مسجد ازخود گر کر شہید ہوگئی ہے،اول تو اسی مسجد کی ازسرِ نو تعمیر کرکے اس کو آباد کرنے کی کوشش کرنی چاہیئے،تاہم اگر گاؤں والوں نے کسی وجہ سے دوسری جگہ مسجد بنائی ہو اور پرانی مسجد کی تعمیر بھی مقصود نہ ہو اور لوگوں نے اس مسجد سے نکلنے والی اشیاء کو خرید لیا ہو،تو اس صورت میں حاصل ہونے والی رقم کو نئی مسجد کی تعمیر یا مسجد کی دوسری ضروریات وغیرہ میں خرچ کرنا جائز ہے،مگر یہ یاد رہے کہ پرانی مسجد کی جگہ کو کسی دوسرے مقصد کے لئے استعمال کرنا درست نہیں،اس کو بطورِ مسجد باقی رکھ کر گاؤں کے کچھ لوگ اس میں نماز پڑھیں اور کچھ نئی مسجد میں نماز پڑھیں،اگر یہ ممکن نہ ہو تو اس جگہ کی چار دیواری کرکے اس کو محفوظ کیا جائے،تاکہ اس کی بے حرمتی نہ ہو۔,معاملات,امانات,38266,,https://www.onlinefatawa.com/view_fatwa_unicode/38266/%D9%85%D8%B3%D8%AC%D8%AF-%D8%A7%D8%B2%D8%AE%D9%88%D8%AF-%D8%B4%DB%81%DB%8C%D8%AF-%DB%81%D9%88%D8%AC%D8%A7%D8%A6%DB%92-%D8%AA%D9%88-%D8%A7%D8%B3-%DA%A9%D8%A7-%D8%B3%D8%A7%D9%85%D8%A7%D9%86-%D8%AF%D9%88%D8%B3%D8%B1%DB%8C-%D9%85%D8%B3%D8%AC%D8%AF-%D9%85%D9%86%D8%AA%D9%82%D9%84-%DA%A9%D8%B1%D9%86%D8%A7-%DA%A9%DB%8C%D8%B3%D8%A7-%DB%81%DB%92%D8%9F
کیا کوئی کافر مسجد کے لئے جگہ وقف کرسکتا ہے؟ میرا دوسرا سوال یہ ہے کہ جب کوئی شخص مرجائے تو غسل سے پہلے اس کے پاس قرآن پڑھنا درست ہے؟,(1)غیر مسلم اگر اس کارِخیر کو قربت سمجھتا ہو اور محض ثواب کی نیت سے زمین مسجد کے لئے وقف کر رہا ہو،اس کا کوئی اور مقصد نہ ہو تو اس کا زمین وقف کرنا اور مسلمانوں کا اس میں مسجد تعمیر کرنا دونوں جائز اور درست ہے۔ (2)میت کو غسل دینے سے پہلے اس کے قریب بیٹھ کر قرآن پاک کی تلاوت کرنا جائز ہے،بشرطیکہ میت کو کسی کپڑے وغیرہ سے مکمل ڈھانپ دیا گیا ہو۔,معاملات,امانات,39413,,https://www.onlinefatawa.com/view_fatwa_unicode/39413/%DA%A9%DB%8C%D8%A7-%DA%A9%D8%A7%D9%81%D8%B1-%DA%A9%D8%A7-%D9%85%D8%B3%D8%AC%D8%AF-%DA%A9%DB%92-%D9%84%D8%A6%DB%92-%D8%AC%DA%AF%DB%81-%D9%88%D9%82%D9%81-%DA%A9%D8%B1%D9%86%D8%A7-%D8%AC%D8%A7%D8%A6%D8%B2-%DB%81%DB%92%D8%9F%D9%85%DB%8C%D8%AA-%DA%A9%D9%88-%D8%BA%D8%B3%D9%84-%D8%AF%DB%8C%D9%86%DB%92-%D8%B3%DB%92-%D9%BE%DB%81%D9%84%DB%92-%D8%A7%D8%B3-%DA%A9%DB%92-%D9%BE%D8%A7%D8%B3-%D9%82%D8%B1%D8%A2%D9%86-%D9%BE%DA%91%DA%BE%D9%86%D8%A7-%D8%AC%D8%A7%D8%A6%D8%B2-%DB%81%DB%92%D8%9F
ایک آدمی نے مسجد کے لئے جگہ وقف کردی،تاہم وہ جگہ کم ہونے کی وجہ سے اس کے قریب سڑک کے دوسری جانب ایک بڑی جگہ دوسرے آدمی نے وقف کی اور اس میں مسجد بن گئی،اب مسجد کی تعمیر نو کی ضرورت ہے،اور موقوف شدہ پہلی جگہ بالکل خالی ہے،فی الحال یا آئندہ بھی اس کو مسجد میں شامل کرنے کی گنجائش نہیں،اب پوچھنا یہ ہے کہ کیا اس جگہ کو فروخت کرکے اس کی رقم مسجد کی تعمیر میں صرف کرنا جائز ہے یا نہیں؟واقف حیات ہے اور اس کی رائے بھی یہی ہے۔,مذکور وقف شدہ زمین کو اپنے حال پر رکھ کر مسجد کی ضروریات میں استعمال کرسکتے ہوں، تو اس طرح کیا جائے،تاہم موقوفہ زمین کو فروخت کرنا ہو اور اس کی قیمت کو دوسرے کسی کام میں استعمال کرنا ہو تو اس کے جواز میں فقہاء نے یہ شرط رکھی ہے کہ واقف بوقتِ وقف یہ شرط رکھے کہ بوقتِ ضرورت واقف یا کوئی متولی چاہے تو اس کو بیچ کر کسی دوسرے فلاحی کام میں صرف کرسکتا ہے،یا وہ موقوفہ چیز بالکل ناقابلِ انتفاع ہو، اس کے لئے بھی کئی شرائط مذکور ہیں،لہذا مذکور زمین کا ناقابلِ انتفاع ہونا تو فقط اس سے ثابت نہیں ہوتا،کہ سامنے دوسری مسجد بن گئی ہے، البتہ اس زمین کے متعلق اگر بوقتِ وقف واقف نے اسے بیچنے یا استبدال کی کوئی شرط رکھی ہو یا واقف نے یہ شرط نہ رکھی ہو،مگر قضاءِ قاضی ہو تو اس کو فروخت کرکے مذکور مسجد کی ضروریات میں صرف کرنا بھی درست ہے،ورنہ نہیں۔,معاملات,امانات,39216,,https://www.onlinefatawa.com/view_fatwa_unicode/39216/%D9%85%D9%88%D9%82%D9%88%D9%81%DB%81-%D8%AC%DA%AF%DB%81-%DA%A9%D9%88-%D9%81%D8%B1%D9%88%D8%AE%D8%AA-%DA%A9%D8%B1%DA%A9%DB%92-%D8%A7%D8%B3-%DA%A9%DB%8C-%D8%B1%D9%82%D9%85-%D8%AF%D9%88%D8%B3%D8%B1%DB%8C-%D9%85%D8%B3%D8%AC%D8%AF-%DA%A9%DB%8C-%D8%AA%D8%B9%D9%85%DB%8C%D8%B1-%D9%85%DB%8C%DA%BA-%D8%AE%D8%B1%DA%86-%DA%A9%D8%B1%D9%86%D8%A7-%DA%A9%DB%8C%D8%B3%D8%A7-%DB%81%DB%92%D8%9F
کیا دفتر کے پرنٹر سے اپنے ذاتی کام کے لئے پرنٹ لئے جاسکتے ہیں،  اگر بندہ پرنٹ کے لئے صفحے اپنے پاس سے لے جائے؟,مالک کی طرف سے اگر صراحۃً یا دلالۃً پرنٹر کو ذاتی استعمال کی اجازت ہو تو استعمال کرسکتے ہیں ورنہ نہیں۔,معاملات,امانات,39762,,https://www.onlinefatawa.com/view_fatwa_unicode/39762/%DA%A9%DB%8C%D8%A7-%D8%AF%D9%81%D8%AA%D8%B1-%DA%A9%D8%A7--%D9%BE%D8%B1%D9%86%D9%B9%D8%B1-%D8%8C-%D8%B0%D8%A7%D8%AA%DB%8C-%DA%A9%D8%A7%D9%85%D9%88%DA%BA-%D9%85%DB%8C%DA%BA-%D8%A7%D8%B3%D8%AA%D8%B9%D9%85%D8%A7%D9%84-%DA%A9%DB%8C%D8%A7-%D8%AC%D8%A7-%D8%B3%DA%A9%D8%AA%D8%A7-%DB%81%DB%92-%D8%9F
میں اپنے علاقے کا ناظم ہوں،میں ایک مسئلہ پوچھنا چاہتا ہوں،ہمارے حلقے میں ستر سالہ پرانا قبرستان ہے،چونکہ علاقے میں جنازہ گاہ کی ضرورت ہے،لہذا اہلِ علاقہ کا اصرار ہے کہ اس قبرستان میں مٹی اور ریت ڈال کربھر دیا جائے اور یہاں جنازہ گاہ بنایا جائے،آپ سے فتوی درکار ہے کہ اس جگہ صرف قبریں بنائی جائیں؟ یا جنازہ گاہ بھی بنایا جاسکتا ہے؟ مجھے اس میں قبور کی بےحرمتی لگتی ہے،اس میں رہنمائی فرمائیں۔,مذکور جگہ اگر باقاعدہ قبرستان کے لئے وقف کی گئی ہو،جس میں ایک عرصے سے تدفین کا عمل جاری ہو،تو ایسی صورت میں واقف کی منشاء کے خلاف اس جگہ کو جنازہ گاہ یا کسی اور رفاہی کام کے لئے استعمال کرنا درست نہیں،بلکہ مذکور جگہ کو اپنی پرانی حیثیت پر برقرار رکھنا لازم ہے،البتہ اگر مذکور جگہ باقاعدہ قبرستان کے لئے وقف نہ ہوئی ہو اور اس میں موجود قبریں اتنی پرانی ہوچکی ہوں کہ قبروں میں موجود مردوں کی ہڈیاں بوسیدہ ہوچکی ہوں،تو ایسی صورت میں وہاں مٹی وغیرہ ڈال کر اس جگہ کو ہموار کرنے کے بعد اسے جنازہ گاہ کے لئے استعمال کرنا بھی جائز اور درست ہوگا۔,معاملات,امانات,40721,,https://www.onlinefatawa.com/view_fatwa_unicode/40721/%D9%BE%D8%B1%D8%A7%D9%86%DB%92-%D9%82%D8%A8%D8%B1%D8%B3%D8%AA%D8%A7%D9%86--%DA%A9%D9%88-%D8%A8%D8%B7%D9%88%D8%B1%D9%90-%D8%AC%D9%86%D8%A7%D8%B2%DB%81-%DA%AF%D8%A7%DB%81-%D8%A7%D8%B3%D8%AA%D8%B9%D9%85%D8%A7%D9%84-%DA%A9%D8%B1%D9%86%DB%92-%DA%A9%D8%A7-%D8%AD%DA%A9%D9%85
میری سم دو دن بندتھی، بند ہونے سے قبل میری سم میں 384 روپے تھے، جب دو دن کے بعد سم کھولی تو اس میں 1084 روپے تھے، یہ ایزی لوڈ نہیں تھا بلکہ بیلنس شیئر کیا گیا تھا، سم بند ہونے کی وجہ سے میسج بھی نہیں آیا اور کال بھی نہیں، ہیلپ لائن پر فون کیا گیا تو انہوں نے کہا کہ ہمارے پاس کوئی ریکارڈ نہیں، اب میری سم کھلی ہے لیکن کسی کا فون نہیں آیا، میرا  سوال یہ ہے کہ میں اس رقم کو استعمال کرلوں اور پھر جب حقدار آئے تو اس کو دے دوں؟ اور اگر حقدار رابطہ نہیں کرتا تو میں کیا کروں؟ نیز میرے ذمے 700 روپے صدقہ کرنا لازم ہے یا کٹوتی کے بعد 651 روپے، جبکہ مجھے 651 ہی موصول ہوئے ہیں۔,موبائل میں غلطی سے آنے والے بیلنس کا حکم لقطے کا ہے، اگر بیلنس واپس ٹرانسفر کرنے کی صورت موجود ہے، اور کمپنی کی طرف سے دی گئی میعاد بھی ہے، تو پھر سائل کو انتظار کرنا ہوگا کہ شائد ٹرانسفر کرنے والے کا فون آجائے اور آپ رقم واپس بھیج دیں، اور اگر انتظار کے باوجود اصل مالک کے رابطے سے مایوسی ہوجائے، تو پھر سائل اس بیلنس یا اس کے برابر رقم، کسی مستحق زکوٰۃ پر،  اصل مالک کی طرف سے صدقہ کی نیت سے خرچ کرے اور اگر خود مستحق ہو تو اسے بھی استعمال کرنے کی گنجائش ہے، البتہ اصل مالک کے سامنے آنے پر بہر صورت اتنی رقم جو ٹرانسفر کے بعد پہنچی ہے اس کے ذمے لازم ہوگی۔,معاملات,امانات,40864,,https://www.onlinefatawa.com/view_fatwa_unicode/40864/%D9%85%D9%88%D8%A8%D8%A7%D8%A6%D9%84-%D9%81%D9%88%D9%86-%D9%85%DB%8C%DA%BA-%D8%BA%D9%84%D8%B7%DB%8C-%D8%B3%DB%92-%D8%A7%D9%93%D9%86%DB%92-%D9%88%D8%A7%D9%84%DB%92-%D8%A8%DB%8C%D9%84%D9%86%D8%B3-%DA%A9%D8%A7-%D8%AD%DA%A9%D9%85
"کیا فرماتے ہیں علماءِ کرام و مفتیانِ عظام مسئلہ ذیل میں  کہ میں ایک ایسے مدرسے میں مدرس ہوں ، جس میں شورائی  نظام ہے,اکثر امور شوری ہی طے کرتا ہے ، حل طلب امر یہ ہے کہ مدرسے میں وقتا فوقتاً کھانے پینے کی دعوت ہوتے ہیں، جو کہ جامعہ کے مہتم ، اساتذہ، یا شوری میں کسی ایک جانب سے ہوتے ہیں، چنانچہ یہ دعوت خاص ہوتے ہیں، مدرسے کے عملہ ، اساتذہ، و شوری کے لئے ، بسا اوقات دعوت کرنے والا گوشت یا زنده بکری، چاول وغيره دے جاتا ہے جس میں دیگر اخراجات مثلاً مرچ ، مصالحہ ، نمک ، آٹا، برتن وغیرہ جامعہ کے استعمال ہوتے ہیں اور کبھی کبھار دعوت کرنے والا اپنے کسی اور دوست احباب کو بھی اس دعوت کے موقع پر مدرسے میں بلا لیتا ہے ، جو کہ جامعہ کے عملہ ، و شوری کے سوا ہوتے ہیں ۔ کیا اس طرح مدرسے کے اندر دعوت کرنا صحیح ہے ؟ کیا ایسے دعوت کا کھانا درست ہے ؟ نیز اس کے جواز کی کیا صورتیں ہیں ؟ واضح ہو کہ یہ تمام امور جامعہ کے مہتمم ، ناظم خوراک ، شوری و دیگر عملہ کے رضا مندی و محبت سے ہوتے ہیں -",اگر چندہ دہندگان کی طرف سے صراحۃً  یا عرفاً  اجازت ہو کہ اہلِ مدرسہ کے مہمان بھی اس میں سے استعمال کر سکتے ہیں ، اور مدرسہ کا ضابطہ بھی اس کی اجازت دیتا ہو، تو مدرسہ میں اگر کبھی اس طرح کی نجی دعوت ہو ، اور اس میں شرکت کر لی جائے ، اور ساتھ میں ایک دودوست باہر سے بھی شامل ہو جائیں،تو اس کی شرعاً گنجائش ہے۔,معاملات,امانات,41223,,https://www.onlinefatawa.com/view_fatwa_unicode/41223/%DA%A9%DB%8C%D8%A7-%D9%85%D8%AF%D8%B1%D8%B3%DB%92-%DA%A9%DB%92-%D8%A7%D9%86%D8%AF%D8%B1-%D8%AF%D8%B9%D9%88%D8%AA-%DA%A9%D8%B1%D9%86%D8%A7-%D8%A7%D9%88%D8%B1-%D9%85%DB%81%D9%85%D8%A7%D9%86%D9%88%DA%BA-%DA%A9%D8%A7-%D8%AF%D8%B9%D9%88%D8%AA-%DA%A9%DA%BE%D8%A7%D9%86%D8%A7-%D8%AF%D8%B1%D8%B3%D8%AA-%DB%81%DB%92%D8%9F
مسئلہ یہ کہ ہم پندرہ ساتھیوں نے  برابر پیسے جمع کرکے اپنے کام کیلئے پرنٹر مشین خریدی ہے، اس کو ہم سب نے کافی استعمال کیا، پھر میرے اکثر ساتھی اس پرنٹر کو چھوڑ کر چلے گئے، کسی نے اس میں اپنے حصے کے بارے میں کوئی صراحت نہیں کی کہ اس کو ہدیہ، وقف، فروخت کرنا وغیرہ،  اور کچھ ساتھی اس کو اب بھی استعمال کررہے ہیں، اب سوال یہ ہے کہ پرنٹر مشین کا کیا حکم ہے؟ اور موجودہ پندرہ ساتھی اس کے بارے میں اپنی مرضی سے فیصلہ کرسکتے ہیں کہ نہیں؟ جیساکہ اس کو فروخت کرنا گفٹ کرنا۔,صورت مسئولہ میں جن پندرہ  ساتھیوں نے پرنٹر مشترکہ خریدا تھا ،وہ  تمام افراد  اب بھی مذکور پرنٹر کےمالک شمار  کئےجائینگے ، پرنٹر کوفروخت کرنےیاگفٹ کرنے سےقبل ان تمام افراد سے زبانی اجازت لینالازم ہوگا ، دفتر میں موجود افراد از خود  اس پرنٹر کےبارے میں  فیصلہ کر نے کےمجاز نہ ہونگے ۔,معاملات,امانات,41021,,https://www.onlinefatawa.com/view_fatwa_unicode/41021/%DA%A9%D8%B3%DB%8C-%D8%A7%DB%8C%DA%A9-%D8%B4%D8%B1%DB%8C%DA%A9-%DA%A9%D8%A7-%D9%85%D8%B4%D8%AA%D8%B1%DA%A9%DB%81-%DA%86%DB%8C%D8%B2-%DA%A9%D9%88%D9%81%D8%B1%D9%88%D8%AE%D8%AA-%DB%8C%D8%A7-%DA%AF%D9%81%D9%B9-%DA%A9%D8%B1%D9%86%D8%A7
"السلام علیکم ورحمۃ اللہ وبرکاتہ حضرت صورتِ حال کچھ یوں ہے کہ ہمارے محلے میں ایک مسجد گزشتہ تیس سال سےقائم ہے،لیکن مسجد کی زمین تاحال وقف انتقال نہیں کرائی گئی اور نہ ہی حقِ ملکیت اہلِ محلہ یا مشترکہ کے سپرد کیا گیا ہے،حال ہی میں مسجد کی تعمیر نو شروع کی گئی تو اہلِ محلہ نے جگہ کے مالکان اور ان کے رشتہ داروں سے یہ مطالبہ کیا کہ مسجد کی جگہ کو باقاعدہ وقف کیا جائے اور اس کے بعد مسجد رجسٹرڈ کروانا اور مشترکہ کمیٹی بنا کر مسجد کا کام شروع کیا جائے،لیکن مالکان نے اس بات سے نہ صرف انکار کیا،بلکہ وہ تمام لوگ جن کا یہ مطالبہ تھا،جن میں اہلِ محلہ کی اکثریت شامل تھی , کو مسجد سے گالم گلوچ کرکے نکال دیا۔ سوال یہ ہے کہ کیا شرعی طور پر اس ملکیتی مسجد کو مسجد کہا جائے گا اور اس میں ادا کردہ نماز مسجد میں ادا کی گئی نماز کے حکم میں ہوگی، براہِ مہربانی رہنمائی فرمائیں۔",واضح ہوکہ وقف کے تام ہونے یا کسی مسجد کو شرعی مسجد کہلانے کے لئے اس کو باقاعدہ اہلِ محلہ یا مشترکہ کمیٹی کے حوالہ کرنا شرعاً ضروری نہیں،بلکہ زبانی کلامی وقف کرکے متعین کردہ جگہ کو اپنی ملکیت سے علیحدہ کرنا اور لوگوں کو اس میں نماز پڑھنے کی اجازت دینا کافی ہے،اس لئے جب مذکور جگہ کے مالکان نے اس جگہ کوباقاعدہ طور پر اپنی ملکیت سے علیحدہ کرنے کےبعد اس پر مسجد تعمیر کرکے لوگوں کو اس میں نماز پڑھنے کی اجازت دیدی اورعرصہ تیس سال سے اس میں نمازیں بھی ادا ہوتی رہیں تو مذکور جگہ مسجدِ شرعی بن چکی ہے،لہذا اس میں ادا کردہ نمازوں پر مسجدِ شرعی کے نمازوں کا ثواب حاصل ہوگا، تاہم واقفین کا سوال میں مذکور طرزِ عمل شرعاً جائز نہیں، اس سے احتراز لازم ہے۔,معاملات,امانات,41672,,https://www.onlinefatawa.com/view_fatwa_unicode/41672/%D9%85%D9%88%D9%82%D9%88%D9%81%DB%81-%D9%85%D8%B3%D8%AC%D8%AF-%DA%A9%D8%A7-%D8%A7%D9%86%D8%AA%D9%82%D8%A7%D9%84-%D9%86%D8%A7%D9%85%DB%81-%D9%86%DB%81-%D8%A8%D9%86%D9%88%D8%A7%D9%86%DB%92-%DA%A9%DB%8C-%D9%88%D8%AC%DB%81-%D8%B3%DB%92-%D9%88%D9%82%D9%81-%DA%A9%D8%A7-%D8%AD%DA%A9%D9%85
قبرستان کی ایسی جگہ جہاں سے قبروں کے نشان مٹ چکے ہوں،مسجد اور مدرسہ بنا سکتے ہیں؟,اگر قبروں کے نشانات مٹ چکے ہوں اور میت کی ہڈیاں وغیرہ بوسیدہ ہوچکی ہوں تو ایسی صورت میں اگر مذکور قبرستان باقاعدہ وقف نہ ہو،بلکہ کسی شخص کی ملکیت ہو تو مالک کی اجازت سے اس پر مسجد اور مدرسہ وغیرہ بنانا جائز ہے،البتہ اگر وہ قبرستان وقف ہو اور اسے فی الحال یا مستقبل میں مردوں کو دفنانے کے لئے استعمال کرنے کی ضرورت ہو تو بلاکسی عذر کے وہاں مسجد یا مدرسہ تعمیر کرنا درست نہیں،جس سے احتراز لازم ہے۔,معاملات,امانات,45328,,https://www.onlinefatawa.com/view_fatwa_unicode/45328/%D9%82%D8%A8%D8%B1%D8%B3%D8%AA%D8%A7%D9%86-%DA%A9%DB%8C-%D8%AC%DA%AF%DB%81-%D9%BE%D8%B1-%D9%85%D8%B3%D8%AC%D8%AF-%D9%88%D9%85%D8%AF%D8%B1%D8%B3%DB%81-%D8%A8%D9%86%D8%A7%D9%86%DB%92-%DA%A9%D8%A7-%D8%AD%DA%A9%D9%85
صوبائی حکومت نے پنجاب کے مختلف اضلاع میں اپنی ملکیتی جگہ منتقل بنام لوکل گورنمنٹ بغرض تعمیر قبرستان کی، جس کا قانون کے مطابق انتقال ہوا ، اب حکومت کا ایک ادارہ ہاوسنگ مختص و منتقلہ جگہ بحقِ قبرستان پر ہاوسنگ کالونی بنانا چاہتا ہے، کیا حکومت کی طرف سے مختص و منتقلہ جگہ بحقِ قبرستان کوئی محکمہ کالونی کیلئے استعمال کر سکتا ہے؟,مذکور جگہ کو اگر حکومت نے باقاعدہ قبرستان کے لئے وقف کی ہو تو اب وقف تام ہونے کے بعد ادارہ ہاؤسنگ کے لئے اس جگہ ہاوسنگ کالونی بنانا جائز نہیں، جس سے احتراز لازم ہے۔,معاملات,امانات,44726,,https://www.onlinefatawa.com/view_fatwa_unicode/44726/%D9%82%D8%A8%D8%B1%D8%B3%D8%AA%D8%A7%D9%86-%DA%A9%DB%8C%D9%84%D8%A6%DB%92-%D9%85%D8%AE%D8%AA%D8%B5-%D8%AC%DA%AF%DB%81-%D9%BE%D8%B1-%D8%AD%DA%A9%D9%88%D9%85%D8%AA-%DA%A9%D8%A7-%D8%B3%D9%88%D8%B3%D8%A7%D8%A6%D9%B9%DB%8C-%D8%A8%D9%86%D8%A7%D9%86%D8%A7
کیا فرماتے ہیں مفتیانِ کرام اس مسئلہ کے بارے میں کہ: ایک مدرسہ جس کی زمین اور تعمیر بنات کے لئے مکمل طور پر وقف ہے اور اس کی زمین محدود ہے،کیا اس عمارت کو بنات کے مدرسے کے ساتھ ساتھ سیکنڈ ٹائم دیگر سرگرمیوں کے لئے استعمال کیا جاسکتا ہے؟مثلاً   لڑکوں کا مدرسہ،خانقاہ،مسافر خانہ،غم وخوشی کے لئے ذاتی استعمال میں لانا وغیرہ؟قرآن وحدیث کی روشنی میں جواب مرحمت فرمائیں۔,مذکور مدرسہ جو بنات کی تعلیم کے لئے وقف کیا گیا ہے، اس میں اگر فارغ اوقات میں لڑکوں کو تعلیم دی جائے یا اس میں ذکر واذکار کا حلقہ لگایا جائے اور اس کی وجہ سے بنات کی تعلیم پر کوئی اثر واقع نہ ہو تو شرعاً اگرچہ اس کی اجازت ہے،تاہم مذکورمدرسہ کو مستقلاً لڑکوں کی تعلیم کے لئے مختص کرنا یا اس میں مستقل طور پر خانقاہ بنانا یا اسے مسافر خانے کے طور پر استعمال کرنا یا اسے ذاتی کاموں کے لئے استعمال میں لانا چونکہ واقف کی منشاء کے خلاف ہے،اس لئے شرعاً اس کی اجازت نہیں۔,معاملات,امانات,46181,,https://www.onlinefatawa.com/view_fatwa_unicode/46181/%D9%85%D9%88%D9%82%D9%88%D9%81%DB%81-%D9%85%D8%AF%D8%B1%D8%B3%DB%81-%DA%A9%DB%8C--%D8%A7%DB%8C%DA%A9-%D8%B9%D9%85%D8%A7%D8%B1%D8%AA-%D8%AF%DB%8C%DA%AF%D8%B1-%D8%A7%D9%85%D9%88%D8%B1-%DA%A9%DB%8C%D9%84%D8%A6%DB%92-%D8%A7%D8%B3%D8%AA%D8%B9%D9%85%D8%A7%D9%84-%DA%A9%D8%B1%D9%86%D8%A7
السلام علیکم! کیا فرماتے ہیں مفتیانِ کرام اس مسئلہ کے بارے میں کہ اگر ایک جگہ مسجد کے بیت الخلاء کے لئے وقف ہو تو اس جگہ کو فلاحی ادارے کے لئے استعمال کرسکتے ہیں؟,واضح ہوکہ جو جگہ ایک مرتبہ کسی خاص جہت کے لئے وقف کردی جائے تو اسے کسی دوسرے مقصد کے لئے استعمال کرنے کی اجازت نہیں ہوتی،لہذا صورتِ مسئولہ میں مسجد کے بیت الخلاء کے لئے وقف کی ہوئی جگہ کو فلاحی ادارے کے لئے استعمال کرنا جائز نہ ہوگا،جس سے احتراز لازم ہے۔,معاملات,امانات,46214,,https://www.onlinefatawa.com/view_fatwa_unicode/46214/%DA%A9%DB%8C%D8%A7-%D9%85%D8%B3%D8%AC%D8%AF-%DA%A9%DB%92-%D8%A8%DB%8C%D8%AA-%D8%A7%D9%84%D8%AE%D9%84%D8%A7%D8%A1-%DA%A9%DB%92-%D9%84%DB%8C%DB%92-%D9%85%D9%88%D9%82%D9%88%D9%81%DB%81-%D8%AC%DA%AF%DB%81-%DA%A9%D9%88-%D9%81%D9%84%D8%A7%D8%AD%DB%8C-%D8%A7%D8%AF%D8%A7%D8%B1%DB%92-%DA%A9%DB%92-%D9%84%DB%8C%DB%92-%D8%A7%D8%B3%D8%AA%D8%B9%D9%85%D8%A7%D9%84-%DA%A9%D8%B1%D9%86%D8%A7-%D8%AC%D8%A7%D8%A6%D8%B2-%DB%81%DB%92%D8%9F
السلام علیکم ورحمۃ اللہ وبرکاتہ ! سوگز زمین مسجد بنانے کے لئے خریدی گئی، لیکن مسجد نوے گز زمین پر بنی اور دس گز زمین خالی پڑی ہے، عرض یہ ہے کہ باقی ماندہ زمین کو بیچ کر اس کی رقم مسجد ہی میں لگا دی جائے تو کیا حکم ہے؟,مذکور سو گز زمین اگر مسجد ہی کے لئے خریدی گئی ہو تو اس میں مسجد(نماز پڑھنے کی جگہ) اور وضوء خانہ وغیرہ بنانے کے بعد کچھ زمین باقی رہ گئی،تو وہ زمین بھی مسجد کی ملکیت ہے،لہذا اس حصہ کو فروخت کرنا شرعاً جائز نہیں، بلکہ مصالحِ مسجد میں ہی اس کا استعمال لازم اور ضروری ہے۔,معاملات,امانات,46187,,https://www.onlinefatawa.com/view_fatwa_unicode/46187/%D8%B3%D9%88-%DA%AF%D8%B2-%D8%B2%D9%85%DB%8C%D9%86-%D8%AE%D8%B1%DB%8C%D8%AF%D9%86%DB%92-%DA%A9%DB%92-%D8%A8%D8%B9%D8%AF-%D9%86%D9%88%DB%92-%DA%AF%D8%B2-%D9%BE%D8%B1-%D9%85%D8%B3%D8%AC%D8%AF-%D8%A8%D9%86%D8%A7%DA%A9%D8%B1-%D8%A8%D8%A7%D9%82%DB%8C-%D9%81%D8%B1%D9%88%D8%AE%D8%AA-%DA%A9%D8%B1%D9%86%D8%A7-%DA%A9%DB%8C%D8%B3%D8%A7-%DB%81%DB%92%D8%9F
السلام علیکم ورحمۃ اللہ وبرکاتہ! عرض یہ ہے کہ زید(فرضی نام) جو ایک مدرسہ کا ذمہ دار اور ناظم ہے، اس نے مدرسہ کی رقوم سے معتد بہ رقم بطورِ قرض خرچ کرلی تھی، اس خیال سے کہ تھوڑا تھوڑا کرکے ادا کردیں گے، بعد میں جب مسئلہ معلوم ہوا کہ ایسا کرنا جائز نہیں تھا تو اب اس کی ادائیگی کی فکر ہوئی،اب اس کے پاس نقد رقم نہیں ہے، لیکن اس کے پاس ایک زمین ہے،جس کو بیچ کر وہ مدرسہ کا قرض ادا کرسکتا ہے،لیکن زید بحیثیتِ ناظم اس زمین کو مدرسہ کیلئے کار آمد اور بہت مفید خیال کرتا ہےاور چاہتا ہے کہ کوئی ایسی صورت نکل آئے،جس سے یہ زمین مدرسہ کی ہوجائے اور وہ مدرسہ کے قرض سے بھی سبکدوش ہوجائے،بعض اہلِ علم نے اس کو مشورہ دیا کہ تم مدرسہ کی نظامت سے استعفی دے دو اور ایک کمیٹی بنا کر مدرسہ کی ذمہ داری اس کے حوالے کردو اور اپنے کو الگ کرلو، اس کے بعد کمیٹی اپنے آزاد ذرائع سے اس زمین کی ویلیو اور قیمت کا پتہ لگائے اور اس پہلو پر بھی غور کرے گی، آیا یہ زمین مدرسہ کی ضرورت اور اس کے لئے مفید ہے کہ نہیں؟ جب کمیٹی افراد مطمئن ہوجائیں گے تو وہ زید کی زمین اس سے اس قرض کے بدلے خرید لیں گے،جو مدرسہ کا اس کے ذمہ ہے، کیا اداءِ قرض کیلئے یہ طریقہ شرعاً درست ہے؟ یا اور کیا شرعی طریقہ ہوسکتا ہے کہ زید کا قرض بھی ادا ہوجائے اور زمین مدرسہ کی ہوجائے؟بینوا تؤجروا,واضح ہوکہ مدرسہ کی رقم مہتممِ مدرسہ یا ناظمِ مدرسہ کے پاس امانت ہوتی ہے، اس سے اپنی ضروریات پوری کرنا جائز نہیں ہوتا، لہذا مذکور ناظم کا مدرسہ کی رقم اپنی ذاتی ضروریات میں استعمال کرلینا جائز نہیں تھا، جس پر انہیں توبہ واستغفار اور جلد از جلد اس رقم کو واپس لوٹانا لازم ہے،تاہم رقم کو لوٹانے کیلئے سوال میں مذکور طریقۂ کار اختیار کرکے سائل کو مدرسہ کی نظامت سے باقاعدہ مستعفی ہونا شرعاً ضروری نہیں،بلکہ اہلِ محلہ کچھ متدین لوگوں کو(جو مدرسہ کے امور سے واقف ہوں)اپنے ساتھ شامل کرکے ایک کمیٹی تشکیل دے دیں،جس کے بعد باہمی مشاورت سے مدرسہ کی ضروریات کو مدِ نطر رکھتے ہوئے اگر یہ زمین مذکور قرض کی مد میں مارکیٹ ویلیو پر خریدی جائے، تو اس سے یہ قرضہ ادا ہوجائے گااور اگر مدرسہ کیلئے اس کی ضرورت نہ ہو تو  اسے کسی دوسری جگہ فروخت کرکے مذکور قرض ادا کرنے کی ترتیب بنائی جائے۔,معاملات,امانات,47767,,https://www.onlinefatawa.com/view_fatwa_unicode/47767/%D9%85%D8%AF%D8%B1%D8%B3%DB%81-%D8%B3%DB%92-%D9%84%DB%8C%D8%A7-%DA%AF%DB%8C%D8%A7-%D9%82%D8%B1%D8%B6-%D9%88%D8%A7%D9%BE%D8%B3-%D8%A7%D8%AF%D8%A7-%DA%A9%D8%B1%D9%86%DB%92-%DA%A9%DB%8C%D9%84%D8%A6%DB%92-%D9%85%D8%AF%D8%B1%D8%B3%DB%81-%D9%BE%D8%B1-%D8%B2%D9%85%DB%8C%D9%86-%D9%81%D8%B1%D9%88%D8%AE%D8%AA-%DA%A9%D8%B1%D9%86%D8%A7-%DA%A9%DB%8C%D8%B3%D8%A7-%DB%81%DB%92%D8%9F
السلام علیکم مفتی صاحب! اگر کوئی شخص مدرسے کے پیسوں پر کاروبار کرتا ہو اور منافع آدھا مدرسے کو اور آدھا خود لیتا ہو تو کیا یہ جائز ہے؟,مدرسہ کے پیسے مہتمم ومتولی کے پاس امانت ہوتے ہیں، کیونکہ مہتمم چندہ دہندگان اور طلباء کا وکیل ہے،بہر حال وکیل کے لئے یہ جائز نہیں کہ وہ امانت کی رقم سے تجارت کرے،اگرچہ اس میں بظاہر مدرسہ کی منفعت نظر آتی ہو، اس تجارت کے نتیجے میں اگر مدرسہ کے پیسوں کا نقصان ہوجائے تو مہتمم اس نقصان کا ضامن ٹھہرے گا۔,معاملات,امانات,49099,,https://www.onlinefatawa.com/view_fatwa_unicode/49099/%D9%85%D8%B3%D8%AC%D8%AF-%DA%A9%DB%92-%D9%BE%DB%8C%D8%B3%D9%88%DA%BA-%D8%B3%DB%92-%DA%A9%D8%A7%D8%B1%D9%88%D8%A8%D8%A7%D8%B1--%D9%85%DB%8C%DA%BA-%D9%84%DA%AF%D8%A7-%DA%A9%D8%B1-%D8%A2%D8%AF%DA%BE%D8%A7-%D9%85%D9%86%D8%A7%D9%81%D8%B9-%D8%A7%D9%BE%D9%86%DB%92-%D9%BE%D8%A7%D8%B3-%D8%B1%DA%A9%DA%BE%D9%86%D8%A7
السلام علیکم و رحمۃاللہ وبرکاتہ ! حضرت مفتی صاحب زید مجدہم، مسجد کی ایک زمین ہے، جو 12 فٹ چوڑی اور تقریباً 70 فٹ لمبی ہے اور اس زمین سے متصل ایک زمین ہے، جو بکر کی ہے اور اس کی بھی چوڑائی12 فٹ ہے اور لمبائی تقریباً 70 فٹ ہے،اب مسئلہ یہ ہے کہ مسجد کمیٹی والے اور بکر دونوں ملکر اپنی زمین (دونوں کی زمین) کو ملاکر ایک کمپلیکس بنوانا چاہتے ہیں، جس کی تعمیر ایک ساتھ ہوگی اور دونوں فریقین اس بات کے پابند ہوں گے کہ کوئی ایک اگر اس میں چینج کرنا چاہے یا ڈس مینٹل کر کے دوسرا کچھ بنوانا چاہے تو وہ نہیں بنوا سکتا، آنے والی مسجد کمیٹی کو بھی اسکا پابند رہنا ہوگا،کیا شرعاً ایسا کیا جا سکتا ہے؟,سائل نے سوال میں اس بات کی وضاحت نہیں کی کہ مذکور زمین مسجد تعمیر کرنے کے لئے وقف کی گئی ہے یا مسجد کے مصالح اور ضروریات کے لئے وقف ہے،تاہم مذکور زمین اگر مسجد تعمیر کرنے کے لئے وقف کی گئی ہو تو اس پر مسجد کے علاوہ کچھ تعمیر کرنا جائز نہیں،البتہ اگر یہ زمین مسجد کے مصالح اور ضروریات کے لئے وقف ہو اور کسی مصلحت اور فائدہ کے پیشِ نظر مسجدِ کمیٹی اور بکر دونوں زمینوں کو ملا کر ایک ساتھ تعمیر کرنا چاہیں تو اس میں کوئی حرج نہیں،بشرطیکہ اس کی وجہ سے مسجد کی زمین کو کسی قسم کے نقصان پہنچنے کا اندیشہ نہ ہو،لیکن بعد میں مسجد کی مصلحت کے پیشِ نظر اگر مسجدِ انتظامیہ کوئی اقدام کرنا چاہے تو بکر کے لئے اسے روکنے کا اختیار نہ ہوگا۔,معاملات,امانات,50375,,https://www.onlinefatawa.com/view_fatwa_unicode/50375/%D9%85%D9%88%D9%82%D9%88%D9%81%DB%81-%D8%B2%D9%85%DB%8C%D9%86-%D9%BE%D8%B1-%DA%A9%D9%85%D9%BE%D9%84%DB%8C%DA%A9%D8%B3-%D8%A8%D9%86%D8%A7%D9%86%DB%92-%DA%A9%D8%A7-%D8%AD%DA%A9%D9%85
مسجد کا پانی گھر میں استعمال کرنا جائز ہے؟,واضح ہو کہ عام طور پر چونکہ مسجد کا پانی خاص مسجد کی ضروریات کے لیے ہوتا ہے، اس لیے اہلِ محلہ وغیرہ کے لیے مسجد سے باہر لیجا کر اپنی ذاتی ضروریات وغیرہ کے لیے استعمال کرنا شرعاً جائز نہیں، جس سے بہر صورت احتراز لازم ہے۔ البتہ اگر کسی مسجد میں بورنگ وغیرہ کر کے رفاہِ عام کے طور پر استعمال کرنے کی اجازت ہو تو وہاں پر مسجد کا پانی گھر لے جانے کی گنجائش ہے، ورنہ نہیں۔,معاملات,امانات,50623,2022-05-31,https://www.onlinefatawa.com/view_fatwa_unicode/50623/%D9%85%D8%B3%D8%AC%D8%AF-%DA%A9%D8%A7-%D9%BE%D8%A7%D9%86%DB%8C-%DA%AF%DA%BE%D8%B1-%D9%85%DB%8C%DA%BA-%D8%A7%D8%B3%D8%AA%D8%B9%D9%85%D8%A7%D9%84-%DA%A9%D8%B1%D8%B3%DA%A9%D8%AA%DB%92-%DB%81%DB%8C%DA%BA-%DB%8C%D8%A7-%D9%86%DB%81%DB%8C%DA%BA-%D8%9F
السلام علیکم میرا سوال یہ ہے کہ کیا محکمۂ اوقاف کی زمین جس کو آباء و اجداد نے وقف کیا تھا اور اب بھی محکمۂ اوقاف والے اس زمین کا سالانہ معاوضہ لیتے ہیں، کیا ایسی زمین وراثت میں تقسیم کرنا جائز ہے یا نہیں؟ اگر جائز نہیں تو اس کے متعلق بھائی اور بہنوں کے لئے کیا احکامات ہیں؟رہنمائی فرما دی جائے۔,مذکورہ زمین اگر مالک کی طرف سے باقاعدہ وقف کرکے اپنی ملکیت سے علیحدہ کر دی گئی تھی، جس کا محکمۂ اوقاف میں باقاعدہ اندراج بھی ہوا ہے تو یہ زمین وقف ہوچکی ہے،اب واقف(وقف کرنے والے) کی اولاد کا اس زمین کو بطورِ ترکہ اپنے درمیان تقسیم کرنا شرعاً جائز نہیں،بلکہ زمین جس مقصد کیلئے وقف کردی گئی ہے، اسے اس مقصد کیلئے استعمال کرنا لازم اور ضروری ہے۔,معاملات,امانات,56452,,https://www.onlinefatawa.com/view_fatwa_unicode/56452/%D9%85%D8%AD%DA%A9%D9%85%DB%81-%D8%A7%D9%88%D9%82%D8%A7%D9%81-%DA%A9%D9%88-%D8%AF%DB%8C-%DB%81%D9%88%D8%A6%DB%8C-%D8%B2%D9%85%DB%8C%D9%86-%D9%85%DB%8C%DA%BA-%D9%88%D8%B1%D8%A7%D8%AB%D8%AA-%DA%A9%D8%A7-%D8%AD%DA%A9%D9%85-
"السلام علیکم مفتی صاحب! آپ کی گذارش میں ایک مسئلہ پر فتویٰ کی ضرورت ہے۔ مسئلہ: ایک بڑی مارکیٹ میں  راستے سے ایک بہت بڑی رقم مجھے ملی ہے ,  دو ماہ سے تشہیر کروا رہا ہوں , پر مالک کا کوئی پتہ نہیں ,  ڈر ہے اگر میں نے صدقہ کر دیا اور بعد میں مالک آگیا , تو میں واپس نہیں کر سکوں گا۔ میرا چھوٹا کاروبار ہے اگر اس میں رقم کو لگوا دوں اور مالک آئے تو اس کی رقم اس کو واپس کر دوں  ؟ مرنے کے بعد اس کاروبار میں لگی رقم کا کیا مسئلہ ہو گا ؟   اس کے اوپر جو بہتر ہو , فتویٰ دے دیں-","تشہیر کے باوجود اگر مالک معلوم نہیں ہورہا ،اور سائل خود زکوۃ کا مستحق نہ ہو تو پھر مذکور رقم اپنے کاروبار میں لگانااور اس سے منافع حاصل کرنا جائز نہیں ، بلکہ سائل پر لازم ہے کہ وہ رقم کسی مستحقِ زکوۃ فرد کو مالک کی طرف سے صدقہ کردے ، اور بعد میں مالک کے آنے پر اس کو ادائیگی کر دے  , بصورتِ دیگر اس رقم کو محفوظ رکھے تا آنکہ مالک آ کر خود وصول کر لے -",معاملات,امانات,57353,2022-07-15,https://www.onlinefatawa.com/view_fatwa_unicode/57353/%D8%B1%D8%A7%D8%B3%D8%AA%DB%92-%D8%B3%DB%92-%D9%85%D9%84%DB%8C-%DB%81%D9%88%D8%A6%DB%8C-%D8%B1%D9%82%D9%85-%DA%A9%D8%A7-%D8%AD%DA%A9%D9%85-
السلام علیکم ورحمۃ اللہ وبرکاتہ! ہماری مسجد کے سامنے شادی ہال ہے اور شادی ہال کی پارکنگ چھوٹی ہے تو شادی ہال والے لوگ مسجد کی پارکنگ استعمال کرتے ہیں،کیا یہ جائز ہے؟,مسجد کی پارکنگ چونکہ مسجد کے نمازیوں کے لئے مختص ہوتی ہے، اس لئے شادی ہال میں آنے والے افراد کا اوقاتِ نماز  مسجد کی پارکنگ استعمال کرنا درست نہیں،بلکہ شادی ہال والوں کو چاہیئے کہ شادی ہال میں آنے والے افراد کے لئے پارکنگ کا انتظام کریں، البتہ نماز کے علاوہ اوقات میں شادی میں آنے والے حضرات، جگہ کی تنگی کی وجہ سے مسجد کی پارکنگ استعمال کریں اور مسجدِ انتظامیہ بھی اس کی اجازت دیدے،تو اس کی بھی گنجائش ہوگی۔,معاملات,امانات,57945,,https://www.onlinefatawa.com/view_fatwa_unicode/57945/%DA%A9%DB%8C%D8%A7-%D8%B4%D8%A7%D8%AF%DB%8C-%D9%85%DB%8C%DA%BA-%D8%A2%D9%86%DB%92-%D9%88%D8%A7%D9%84%DB%92-%D9%84%D9%88%DA%AF-%D9%85%D8%B3%D8%AC%D8%AF-%DA%A9%DB%8C-%D9%BE%D8%A7%D8%B1%DA%A9%D9%86%DA%AF-%D8%A7%D8%B3%D8%AA%D8%B9%D9%85%D8%A7%D9%84-%DA%A9%D8%B1%D8%B3%DA%A9%D8%AA%DB%92-%DB%81%DB%8C%DA%BA%D8%9F
"کیا فرماتے ہیں مفتیان کرام بیچ اس مسلہ کہ اگر بکرنےصدقات کی رقم  زید کے اکاؤنٹ میں رکھی ہوئی ہو  تو کیا با امر مجبوری زید اس رقم کو ذاتی استعمال میں لا سکتا ہے اس شرط کے ساتھ کے جب صدقات کے مصرف کے لئیےضرورت ہو گی تو اس وقت واپس کر دیا جائے ?یا کسی اور شراط کے ساتھ کوئی گنجائش استعمال کر سکتے ہیں ? برائے مہربانی رہنمائی فرمائیں,",واضح ہو کہ اکاونٹ میں صدقہ کی رکھی ہوئی رقم کی حیثیت امانت کی ہے، اور امانت میں اصل مالکان کی اجازت کے بغیر تصرف کرنا خیانت کے زمرے میں آتاہے، جو شرعاجائز نہیں۔ اس لیے اگر زید کے اکاونٹ میں صرف صدقہ کی رقم ہو، تو اسے حدالامکان اسے اپنے ذاتی استعمال میں لانے احتیاط کرنا چاہیے، تاہم اگر وہ کسی بھی وقت اس رقم کو استعمال کرلے، تو استعمال کی وجہ سے  یہ امانت کے حکم سے نکل زید اس  رقم کے ضامن بنے گا، اور یہ رقم اس کے ذمہ قرض ہوگی، جو بکر کے مطالبہ کرنے پر اسے اداکرنا لازم ہوگا۔اور امانت میں خیانت کی وجہ سے توبہ واستغفار بھی لازم ہوگا۔,معاملات,امانات,58059,2022-08-31,https://www.onlinefatawa.com/view_fatwa_unicode/58059/%D8%B5%D8%AF%D9%82%DB%81-%DA%A9%DB%8C-%D8%B1%D9%82%D9%85-%DA%A9%D9%88-%D8%AE%D9%88%D8%AF-%D8%A7%D8%B3%D8%AA%D8%B9%D9%85%D8%A7%D9%84-%DA%A9%D8%B1%D9%86%D8%A7
السلام علیکم ورحمۃ اللہ وبرکاتہ کیا فرماتے ہیں مفتیانِ کرام اس مسئلہ کے بارے میں کہ: قبرستان کی زمین پر اگر راستہ بن رہا ہو یا عمارت بن رہی ہو تو کیا حکم ہے؟ قبروں کو کھول کر بوسیدہ ہڈیاں جمع کرکے ایک جگہ دفنایا جائے؟ یا اوپر سے راستہ یا عمارت بنا دی جائے؟ جزاک اللہ خیراً,واضح ہوکہ جو زمین قبرستان کے لئے وقف کی گئی ہو،اس پر ذاتی کوئی عمارت بنانا جائز نہیں، اسی طرح قبرستان کی زمین میں لوگوں کے گزرنے کے لئے مستقل راستہ بنانا بھی جائز نہیں،البتہ قبرستان کے علاوہ دوسری جگہ سے راستہ بنانے کی کوئی صورت ممکن نہ ہو تو مفادِ عامہ کے تحت قبرستان کی بقیہ جگہ اور ان قبروں کی جگہ کو جو قبریں پرانی ہوچکی ہوں کہ اب ان میں سوائے بوسیدہ ہڈیوں کے کچھ باقی نہ رہا ہو تو انتظامیہ کی مشاورت سے وہاں راستہ بنانے کی گنجائش ہے، تاہم اس دوران اگر پرانی قبروں سے ہڈیاں نکل آئیں تو انہیں احترام کے ساتھ کسی جگہ دفن کیا جائے، جبکہ قبرستان کے اوپر سے اگر پل ڈال کر راستہ بنایا جائے تو اس کی بھی گنجائش ہے۔,معاملات,امانات,59722,,https://www.onlinefatawa.com/view_fatwa_unicode/59722/%D9%85%D9%88%D9%82%D9%88%D9%81%DB%81-%D9%82%D8%A8%D8%B1%D8%B3%D8%AA%D8%A7%D9%86-%D9%85%DB%8C%DA%BA-%D9%84%D9%88%DA%AF%D9%88%DA%BA-%DA%A9%DB%92-%DA%AF%D8%B2%D8%B1%D9%86%DB%92-%DA%A9%DB%92-%D9%84%D8%A6%DB%92-%D9%85%D8%B3%D8%AA%D9%82%D9%84-%D8%B1%D8%A7%D8%B3%D8%AA%DB%81-%D8%A8%D9%86%D8%A7%D9%86%DB%92-%DA%A9%D8%A7-%D8%AD%DA%A9%D9%85
ہم نے آبائی قبرستان کے لئے جگہ وقف کی ہے،ابھی تک قبرستان میں دو قبریں موجود ہیں،ہمارا ارادہ ہے کہ قبرستان کے اوپر مسجد بنا لیں،کیا قبرستان کے اوپر مسجد بنا سکتے ہیں یا نہیں؟ رہنمائی فرمائیں۔,واضح ہوکہ جو جگہ جس مقصد کے لئے وقف کی گئی ہو، اسے اسی مقصد کے لئے استعمال کرنا لازم اور ضروری ہے، لہذا مذکور جگہ چونکہ قبرستان کے لئے وقف کی گئی ہے، اس لئے اس جگہ کو قبرستان کے لئے استعمال کرنا لازم اور ضروری ہے،البتہ اگر مذکور قبرستان میں موجود قبریں بوسیدہ ہوچکی ہوں اور وہاں مزید مردے دفن کرنے کی ضرورت باقی نہ ہو، تو ایسی صورت میں اہلِ علاقہ کی مشاورت اور اتفاق سے وہاں مسجد تعمیر کرنے کی گنجائش ہے۔,معاملات,امانات,61241,,https://www.onlinefatawa.com/view_fatwa_unicode/61241/%D9%85%D9%88%D9%82%D9%88%D9%81%DB%81-%D9%82%D8%A8%D8%B1%D8%B3%D8%AA%D8%A7%D9%86-%DA%A9%DB%92-%D8%A7%D9%88%D9%BE%D8%B1-%D9%85%D8%B3%D8%AC%D8%AF-%D8%AA%D8%B9%D9%85%DB%8C%D8%B1-%DA%A9%D8%B1%D9%86%DB%92-%DA%A9%D8%A7-%D8%AD%DA%A9%D9%85
سوال1:مسجد کے وضو  خانے پر امام کی رہائش گاہ بنانا کیسا ہے؟ سوال2:امام صاحب کی رہائش گاہ کی بجلی، گیس اور پانی وغیرہ کا بل مسجد کے پیسوں سے ادا کرنا کیسا ہے؟ سوال3:امام صاحب کی پیٹھ پیچھے ان کی برائی کرنا شریعت میں کیسا ہے؟جزاک اللہ۔,مسجد کے وضو خانے کے اوپر امام کی رہائش گاہ بنانا بلاشبہ جائز اور درست ہے،جبکہ امام صاحب کی رہائش گاہ کی بجلی،گیس اور پانی کا بل مسجد کے پیسوں سے ادا کرنا اس صورت میں جائز ہوگا کہ چندہ دہندہ گان کسی خاص مصرف کی تعیین کیے بغیر مصالحِ مسجدکے لئے چندہ دیتے رہیں اور ہمارے عرف میں چونکہ مصالحِ مسجد میں سے امام کی رہائش گاہ اس کی بجلی،گیس اور پانی کا بل بھی شامل ہے، اس لئے مسجد کے وقف فنڈ سے اس کی ادائیگی شرعاً بھی جائز اور درست ہے،جبکہ کسی کی برائی اور غیبت کرنا پیٹھ پیچھے اس کے جائز نہیں،خاص طور پر جب کہ غیبت کیا جانے والا شخص پیش امام ہو تو ان کی برائی کرنا اور بھی معیوب اور قابلِ مذمت عمل ہے، اس لئے اس سے اجتناب لازم ہے،البتہ اگر امام صاحب کے متعلق واقعۃً کسی ایسی بات کا علم ہوجائے جو شرعاً بھی مناسب نہ ہو تو اس کی غیبت کرکے اپنی آخرت خراب کرنے کے بجائے پوری تحقیق کے بعد کسی مناسب طریقہ سے اس کی نشاندہی کرنی چاہیئے ،تاکہ امام صاحب بھی اس سے اجتناب کریں۔,معاملات,امانات,61230,,https://www.onlinefatawa.com/view_fatwa_unicode/61230/%D9%85%D8%B3%D8%AC%D8%AF-%DA%A9%DB%92-%D9%88%D8%B6%D9%88-%D8%AE%D8%A7%D9%86%DB%92-%D9%BE%D8%B1-%D8%A7%D9%85%D8%A7%D9%85-%DA%A9%DB%8C-%D8%B1%DB%81%D8%A7%D8%A6%D8%B4-%DA%AF%D8%A7%DB%81-%D8%A8%D9%86%D8%A7%D9%86%DB%92-%DA%A9%D8%A7-%D8%AD%DA%A9%D9%85
السلام علیکم ہم لوگوں نے ایک جگہ مسجد کی نیت سے بنائی ہے،لیکن وہاں ابھی جماعت نہیں ہوسکتی عام لوگوں کے لئے،سوال یہ ہے کہ مسجد کی ابتداء کے لئے کچھ خاص کرنا ہوتا ہے، ہم مسجد کیسےشروع؟اور کیا کیا کرنا ہوگا؟,واضح ہوکہ مسجد کو وقف اور مسجدِ شرعی بنانے کیلئے اس کو اپنی ملکیت سے مکمل طور پر اس طرح جدا کرنا کہ جس سے کسی شخص کا کوئی ملکیتی مفاد وابستہ نہ ہو،لازم اور ضروری ہے، لہذا مسجد کو اس کے راستے کے ساتھ اپنی ملکیت سے جدا کرنے کے بعد ابتداء اس طرح کی جائے کہ لوگوں کو اس میں نماز پڑھنے کی عام اجازت دے دی جائے،چنانچہ اس طرح کرنے کے بعد جب لوگ اس میں اذان واقامت کے ساتھ نماز پڑھنا شروع کردیں، تو وہ مسجدِ شرعی بن جائے گی۔,معاملات,امانات,61332,,https://www.onlinefatawa.com/view_fatwa_unicode/61332/%D9%85%D8%B3%D8%AC%D8%AF-%DA%A9%D9%88-%D9%88%D9%82%D9%81-%D8%A7%D9%88%D8%B1-%D9%85%D8%B3%D8%AC%D8%AF%D9%90-%D8%B4%D8%B1%D8%B9%DB%8C-%D8%A8%D9%86%D8%A7%D9%86%DB%92-%DA%A9%DB%8C%D9%84%D8%A6%DB%92-%DA%A9%DB%8C%D8%A7-%DA%A9%DB%8C%D8%A7-%D8%AC%D8%A7%D8%A6%DB%92-%D8%9F
کیا فرماتے ہیں مفتیان کرام اس مسئلہ کے بارے میں کہ میرے ایک دوست نے کچھ رقم میرے پاس بطور امانت رکھوائی تھی،اور اس رقم کے بارے میں کسی کو دینے یا نہ دینے کے بارے میں کوئی صراحت نہیں کی تھی،اب تقریبا چار پانچ ماہ سے میرا وہ دوست لاپتہ ہے،زندہ یا مردہ ہونے کا کوئی پتہ نہیں،اب ان کی والدہ بیمار ہے،ان کی بیوی ،ایک بیٹی اور بھائی موجود ہے،والدکا انتقال ہوچکا ہے،اب  میں یہ رقم کس کو ادا کروں،تاکہ میرے ذمہ کچھ نہ رہے،اور میں شرعا بری الذمہ ہوجاؤں۔اور اس بات کی بھی وضاحت کردیں کہ اگر یہ رقم دینے کے بعد میرا وہ دوست واپس آجائے تو کیا مذکور رقم کا مطالبہ کرسکتاہے یا نہیں؟,صورت مسئولہ میں سائل کے پاس بطور امانت رکھوائی ہوئی رقم  کا اصل حکم تو یہ ہےکہ جب تک سائل کو اپنے لاپتہ دوست کے مرنے کایقین یا غالب گمان نہ ہوجائے تب تک سائل کیلئے مذکور رقم کی حفاظت کرنا لازم  اور ضروری ہے،پھر اگر سائل کا دوست واپس آجائےتو اسے وہ رقم حوالہ کرنا یا اگر اس کی موت کا یقین اور غالب گمان ہوجائے تو وہ رقم اپنے دوست کے ورثاء کے حوالہ کرنا لازم اور ضروری ہوگا،تاہم اگر سائل کو امانت کی رقم کے ضائع ہونے کا اندیشہ ہو،جس کی وجہ سے وہ اپنا ذمہ فارغ کرنا چاہے،تو ایسی صورت میں اگر سائل باقاعدہ گواہوں کی موجودگی میں تحریری ثبوت کیساتھ اپنے دوست کے خاندان میں اس کے بھائی یا کسی اور معتمد اور امانت دار شخص کو وہ رقم حوالہ کردے تو اس کی گنجائش معلوم ہوتی ہے،تاہم جس شخص کو یہ رقم حوالہ کی جائے اس کیلئے مذکور  کے لاپتہ شخص  کے واپس آنے یا اس کے متعلق موت کا فیصلہ کیا جانے سے قبل وہ رقم خرچ کرنا درست نہ ہوگا،بلکہ اس کی حفاظت لازم اور ضروری ہوگی،البتہ اگر مذکور لاپتہ شخص کی بیوی ،بیٹی یا والدہ کے پاس کوئی مال یا ان کا کوئی ذریعہ آمدن نہ ہو اور انہیں نان و نفقہ کی ضرورت ہو تو ایسی صورت میں بذریعہ عدالت مذکور رقم لاپتہ شخص کی بیوی ،بیٹی اور والدہ پر خرچ کی جاسکتی ہے۔,معاملات,امانات,61527,2023-01-01,https://www.onlinefatawa.com/view_fatwa_unicode/61527/%D8%A7%D9%85%D8%A7%D9%86%D8%AA-%D8%B1%DA%A9%DA%BE%D9%88%D8%A7%D9%86%DB%92-%D9%88%D8%A7%D9%84%DB%92%D8%A7%DA%AF%D8%B1-%D9%88%D8%A7%D9%BE%D8%B3-%D9%86%DB%81-%D8%A2%D8%A6%DB%92-%D8%AA%D9%88-%DA%A9%DB%8C%D8%A7-%D8%AD%DA%A9%D9%85-%DB%81%DB%92
السلام علیکم ! مفتی صاحب عاجزانہ گزارش ہے کہ ہمارے معاشرے کا کوئی فرد اپنی 7 فیصد زمین مسجدوں اور قبرستانوں کے لئے وقف کے طور پر دیدے،ہمارا معاشرہ بہت بڑا ہے،ایک مسجد ہے،کیونکہ وہ دور ہے تو اس جگہ پر مسجد بنانے کی ضرورت تھی، اس لئے وہاں مسجد بنانے کا اقدام کیا گیا،لیکن جگہ کی کمی کی وجہ سے مسجد کے لئے مختص جگہ کے نصف حصے میں مسجد بنانا مشکل ہوگیا، ایک اور بات ! چونکہ ہماری سوسائٹی کے ساتھ ہی 7سوسائٹیوں کا ایک بڑا قبرستان ہے، اس لئے اس جگہ تدفین کی ضرورت نہیں،چنانچہ فیصلہ ہوا کہ پوری جگہ ایک مسجد بنائی جائے گی، بعد میں اس پوری جگہ پر مسجد بنائی گئی،جو ابھی تک موجود  ہے، لہذا جاننے والی بات یہ ہے کہ کیا اس طرح قبرستان کے لئے وقف زمین لینا اور وہاں مسجد بنانا جائز ہوگا؟ اور جگہ کی کمی اور مڑے ہوئے کی وجہ سے آدھی جگہ پر مسجد بنانا مشکل ہے اور قبرستان کی ضرورت بھی نہیں ہے، تو ہمیں کیا کرنا چاہیئے تھا اور اب کیا کرنا چاہیئے؟ یا اب اگر مسجد کے پیسے سے قبرستان کے مستحق حصے کی مقدار خرید لی جائے اور اسے الگ قبرستان یا پہلے بنائے گئے،قبرستان کو دے دی جائے تو کیا یہ صحیح ہوگا یا کوئی اور صورت ہے؟ براہِ کرم مجھے بتائیں۔,صورتِ مسئولہ میں اگر واقف نے مذکور قطعۂ زمین مسجد اور قبرستان دونوں کے لئے وقف کی ہو،لیکن قبرستان سے زیادہ مسجد کی ضرورت ہونے کی بناء پر مذکور ساری زمین واقف کی اجازت سے مسجد کیلئے مختص کر دی گئی ہو تو ایسا کرنا درست ہے، البتہ مسجد بن جانے کے بعد اس  کی آمدنی سے قبرستان کے لئے جگہ خریدنا یا پہلے سے موجود قبرستان میں مسجد کی رقم خرچ کرنا درست نہیں، جس سے احتراز لازم ہے ، تاہم اہلِ محلہ کو چاہیئے کہ بوقتِ ضرورت آپس میں پیسے ملا کر قبرستان کے لئے جگہ خریدیں،لیکن مسجد کی رقم استعمال کرنے سے احترازکریں۔,معاملات,امانات,61539,,https://www.onlinefatawa.com/view_fatwa_unicode/61539/%D9%82%D8%A8%D8%B1%D8%B3%D8%AA%D8%A7%D9%86-%DA%A9%DB%8C-%D8%AC%DA%AF%DB%81-%D9%BE%D8%B1-%D9%85%D8%B3%D8%AC%D8%AF-%D8%AA%D8%B9%D9%85%DB%8C%D8%B1-%DA%A9%D8%B1%D9%86%DB%92-%DA%A9%D8%A7-%D8%AD%DA%A9%D9%85-
السلام علیکم ایسی پرانی چونے سے بنی ٹوٹی پھوٹی مزارات جو درگاہ کے احاطے باؤنڈری کے اندر 300 سال اندازاً پرانے ہیں،عرض یہ ہے کہ حضرت مستان ولی درگاہ کی آمدنی کے لئے اس جگہ پر جہاں قبریں یا مزارات ہیں،جن کا نام کچھ پتہ نہیں،کیا وہاں دکان بنا سکتے ہیں؟ صرف درگاہ کے اخراجات کے لئے،یہ جائز ہے یا نہیں؟,واضح ہوکہ زمین جس مقصد کے لئے وقف کی جائے،اسی مقصد میں اسے استعمال کرنا شرعاً لازم اور ضروری ہے،کسی اور مقصد میں استعمال کرنا شرعاً جائز نہیں،چنانچہ صورتِ مسئولہ میں اگر مذکور قبرستان وقف ہو اور واقف نے صرف تدفین کے لئے ہی زمین وقف کی ہو تو اس کو تدفین کے لئے ہی استعمال کرنا شرعاً ضروری ہے،لہذا سائل کا مذکور وقف شدہ قبرستان میں دکانیں بنانا شرعاً جائز نہیں،جس سے احتراز لازم ہے۔,معاملات,امانات,62155,,https://www.onlinefatawa.com/view_fatwa_unicode/62155/%DA%A9%DB%8C%D8%A7%D9%85%D9%88%D9%82%D9%88%D9%81%DB%81-%D9%82%D8%A8%D8%B1%D8%B3%D8%AA%D8%A7%D9%86-%D9%85%DB%8C%DA%BA-%D8%AF%DA%A9%D8%A7%D9%86%DB%8C%DA%BA-%D8%A8%D9%86%D8%A7%D9%86%D8%A7-%D8%AC%D8%A7%D8%A6%D8%B2-%DB%81%DB%92%D8%9F
السلام علیکم ورحمۃ اللہ وبرکاتہ! عرض یہ ہے کہ ہمارے گاؤں میں ایک پرانی مسجد بنی ہوئی ہے، جس کی زمین مسجد اور اس کے امام کے ذریعہ معاش کے لئے پرانے زمانے میں وقف کی گئی تھی، لیکن اب چونکہ گاؤں کی آبادی بڑھنے کی وجہ سے دوسری نئی مسجد بنانے کی ضرورت ہے اور پرانی مسجد کی اراضی اس جگہ پر بنجر حالت میں (غیر مستعمل) موجود ہے، جہاں نئی مسجد بنانے کی ضرورت ہے، سوال یہ ہے کہ مذکورہ زمین پر دوسری نئی مسجد تعمیر کرسکتے ہیں؟ مسجد کے علاوہ مدرسہ اور جنازہ گاہ بھی بنائی جاسکتی ہے یا نہیں؟ براہ مہربانی فتویٰ دیدیں۔,اگر پرانی مسجد کو اس کے اخراجات کے لئے وقف کی گئی زمین کی ضرورت باقی نہ رہی ہو اور اب وہ بنجر حالت میں موجود ہو،تو ایسی صورت میں عدالتی اجازت نامہ،یا گاؤں والوں کی مشاورت اور اتفاقِ رائے سے وہاں پر نئی مسجد تعمیر کرنا جائز ہے،جبکہ مسجد کے علاوہ مدرسہ اور جنازہ گاہ وغیرہ کے لئے اس زمین کو استعمال کرنا درست نہیں۔,معاملات,امانات,62367,,https://www.onlinefatawa.com/view_fatwa_unicode/62367/%D8%A7%D8%AE%D8%B1%D8%A7%D8%AC%D8%A7%D8%AA%D9%90--%D9%85%D8%B3%D8%AC%D8%AF-%DA%A9%DB%92-%D9%84%D8%A6%DB%92-%D9%85%D9%88%D9%82%D9%88%D9%81%DB%81-%D8%B2%D9%85%DB%8C%D9%86-%D9%BE%D8%B1-%D9%85%D8%B3%D8%AC%D8%AF%D8%8C%D9%85%D8%AF%D8%B1%D8%B3%DB%81-%D8%A7%D9%88%D8%B1-%D8%AC%D9%86%D8%A7%D8%B2%DB%81-%DA%AF%D8%A7%DB%81-%D8%A8%D9%86%D8%A7%D9%86%DB%92-%DA%A9%D8%A7-%D8%AD%DA%A9%D9%85
میں نے مسجد تعمیر کی ہے،کیا میں اس مسجد کی دیوار پر اپنا نام بطورِ متولی لکھ سکتا ہوں؟,تعارف اور متولی کے طور پر مسجد کی دیوار پر اپنا نام لکھنے کی گنجائش ہے،بشرطیکہ کوئی غرضِ فاسد اس میں شامل نہ ہو۔,معاملات,امانات,64553,,https://www.onlinefatawa.com/view_fatwa_unicode/64553/%DA%A9%DB%8C%D8%A7-%D9%85%D8%B3%D8%AC%D8%AF--%D9%BE%D8%B1-%D9%85%D8%AA%D9%88%D9%84%DB%8C-%DA%A9%D8%A7-%D9%86%D8%A7%D9%85-%D9%84%DA%A9%DA%BE%D9%86%D8%A7-%D8%AC%D8%A7%D8%A6%D8%B2-%DB%81%DB%92-%D8%9F
"السلام علیکم و رحمۃ اللہ و برکاتہ دیکھنے میں آیا ہے کہ قبرستان کے عملہ سےملی بھگت کر کے قبل از وفات قبر کے لئے جگہ مختص کر کے وصیت کی جاتی ہے کہ میری تدفین اس میں کی جائے ,  کیا ایسا عمل شرعاً درست ہے؟",واضح ہوکہ اپنی مملوکہ زمین میں اگر کوئی شخص اپنی زندگی میں اپنے لئے قبر کی جگہ مختص یا متعین کردے تو ایسا کرنا جائز ہے،البتہ وقف زمین میں چونکہ تمام لوگوں کا حق ہوتاہے ،اس لئے ایسا کرنا شرعاً جائز نہیں-,معاملات,امانات,64585,2023-05-17,https://www.onlinefatawa.com/view_fatwa_unicode/64585/%D9%85%D8%B1%D9%86%DB%92-%D8%B3%DB%92-%D9%BE%DB%81%D9%84%DB%92-%DB%81%DB%8C-%D8%A7%D9%BE%D9%86%DB%8C--%D9%82%D8%A8%D8%B1-%DA%A9%DB%8C-%D8%AC%DA%AF%DB%81-%D9%85%D8%AA%D8%B9%DB%8C%D9%86-%DA%A9%D8%B1%D9%86%D8%A7
زید نے عمرو کی بوئی ہوئی کھیتی کو جڑ سے کاٹ دیا تو کیا اس پر ضمان آئے گا؟,سائل نے مذکور معاملے کے متعلق تفصیل ذکر نہیں کی ،تاکہ اس کے مطابق جواب دیا جاتا، تاہم مذکور کھیتی اگر عمرو کی ذاتی زمین میں اس کی اپنی بیچ کی بوئی گئی ہو، اور زید نے اس کھیتی کو کاٹ دیا ہو، تو ایسی صورت میں زید کے ذمہ شرعاً اس کھیتی کا ضمان لازم ہو گا۔,معاملات,امانات,65008,,https://www.onlinefatawa.com/view_fatwa_unicode/65008/%DA%A9%D8%B3%DB%8C-%DA%A9%DB%8C-%DA%A9%DA%BE%DB%8C%D8%AA%DB%8C-%DA%A9%D8%A7%D9%B9%D9%86%DB%92-%DA%A9%DB%92-%D8%B6%D9%85%D8%A7%D9%86-%DA%A9%D8%A7-%D8%AD%DA%A9%D9%85-
واقف ںے ایک مدرسہ بنات کے لئے وقف کیا اور اس کا ایک متولی مقرر کیا ،پھر متولی نے ایک مہتمم مقرر کیا اب کیا واقف کو متولی یا مہتمم تبدیل کرنے کا اختیار ہے؟با حوالہ تفصیلی جواب مرحمت فرمائیں,واضح ہو کہ اگر واقف خود کسی شخص کو املاکِ وقف کا متولی اور نگران مقرر کردے ،اور بعد میں اسے تبدیل کرنا چاہے تو اسے اگرچہ اس متولی اور نگران تبدیل کرنے کا اختیار ہے ،تاہم اگر وہ متولی اور نگران املاک وقف کا پورا خیال رکھتے ہوئے اسے پوری دیانت داری کے ساتھ مقاصد ِ وقف کے مطابق استعمال کررہا ہو تو واقف کیلئے بلاوجہ اسے تبدیل کرنا اور مدرسے کے چلتے ہوئے نظام میں خلل ڈالنا مناسب نہیں ،بلکہ معمول کے مطابق اسے چلانے میں ان کی معاونت کرنی چاہیئے۔,معاملات,امانات,65176,2023-06-09,https://www.onlinefatawa.com/view_fatwa_unicode/65176/%D9%88%D8%A7%D9%82%D9%81-%DA%A9%D8%A7-%D9%85%D9%82%D8%B1%D8%B1-%DA%A9%D8%B1%D8%AF%DB%81-%D9%85%D8%AA%D9%88%D9%84%DB%8C-%D8%A7%D9%88%D8%B1-%D9%85%DB%81%D8%AA%D9%85%D9%85-%DA%A9%D9%88-%D8%AA%D8%A8%D8%AF%DB%8C%D9%84-%DA%A9%D8%B1%D9%86%D8%A7
کیا فرماتے ہیں مفتیان کرام   مندرجہ ذیل مسئلہ کے بارے میں کہ  ہماری مسجد کی ایک کمیٹی ہے ،مسجد کی تعمیر کے لئے  ایک ممبر کومسجدکے  تعمیر کی رقم جو اس مسجد کاکمیٹی ممبراور جرنل سیکرٹری بھی ہے، کے پاس جمع ہوتی ہے، کیا وہ ممبرجو اس مسجد کا ممبراور جرنل سیکرٹری ہے، یہ چندے کی رقم اپنے ذاتی  کاروبار میں استعمال  کرسکتا ہے،جبکہ مذکور ممبر جو کہ اس مسجد کا جنرل سیکرٹری بھی ہے، اس نے یہ کہہ کر رقم اپنے پاس رکھی تھی کہ یہ رقم میں اپنے اس بنک اکاؤنٹ میں رکھ لیتا ہو ں جو کہ کسی بھی استعمال میں نہیں ہے اور میں ان کو اپنے ذاتی کاروباری  استعمال میں نہیں لاؤں گا اور اس کا اس نے حلف بھی دیا تھا ،اب کافی عرصہ کے بعدجب مسجد کمیٹی کو پتہ چلا کہ یہ ممبر جو مسجد کا ممبراور جنرل سیکرٹری بھی ہے، وہ اس رقم کو اپنے ذاتی اور کاروباری استعمال میں لایا ہے، جب مسجد کمیٹی نے اس سے پوچھا کی یہ رقم آپ نے اپنے کاروبار میں کیوں لگائی ہے تو وہ کہتا ہے  کہ جی میرے دو تین اور دوسرے بنک اکاؤنٹ میں رقم ہے میں اس میں سے ادا کر دوں گا ،کیا وہ ممبراور جنرل سیکرٹری یہ چندہ اپنے ذاتی یا کاروباری استعمال میں لا سکتا ہے اور بعد میں وہ بندہ یہ چندہ کی رقم جو اس بندے نے استعمال کی تھی واپس اس چندہ والی رقم میں رکھ دے، کیا یہ عمل اس بندے کے لئے جائز ہے کہ نہیں؟ آپ سے گزارش ہے کہ جواب جلد دیں کیوں کہ مسجد کمیٹی نےآ ئندہ اجلاس جو کہ ستمبر کی 3 تاریخ کو ہے اس میں اس مسئلہ پر بات چیت کرنی ہے ،آپ سے دعا کی درخواست ہے۔ العارض انتظامیہ مکی جامع مسجد,واضح ہو کہ  مسجد کے چندے کی  رقم  متولیِ مسجد اور منتظمہ کمیٹی   کے پاس امانت ہوتی ہے،کمیٹی کے کسی ممبر  کے لئے  اس رقم کو مصالح اور ضروریاتِ مسجد کے علاوہ اپنے ذاتی ضروریات اور کاروباری مقاصد میں استعمال کرنا جائز نہیں ہوتا ، لہذا سوال میں ذکر کردہ بیان اگر واقعۃً درست اور مبنی بر حقیقت ہو اس میں کسی قسم کی کمی بیشی سے کام نہ لیا گیا ہو، تو مذکور کمیٹی ممبر(جنرل سیکرٹری) کا مسجد کی فنڈ کو اپنے ذاتی کاروبار کے لئے استعمال کرنا شرعاً جائز نہیں تھا ،جس پر اسے توبہ و استعفار اور مسجد کی رقم  امانت دار  و  دیانت دار متولیان کے حوالے کرکے آئندہ کےلئے اس طرح کے عمل سے مکمل اجتناب لازم ہے ۔,معاملات,امانات,66837,0000-00-00,https://www.onlinefatawa.com/view_fatwa_unicode/66837/%D9%85%D8%B3%D8%AC%D8%AF-%DA%A9%DB%8C-%D8%B1%D9%82%D9%85-%DA%A9%D8%A7%D9%88%D8%B1%D8%A8%D8%A7%D8%B1-%D9%85%DB%8C%DA%BA-%D9%84%DA%AF%D8%A7%D9%86%D8%A7
مسجد کا متولی امامِ مسجد کو مسجد کے فنڈ سے عمرہ پر بھیج سکتا ہے؟ رہنمائی فرمائیں۔,واضح ہوکہ مسجد کے لئے چندہ کے طور پر جمع شدہ رقم مسجد کی ملکیت ہوتی ہے،اسے اس کی تعمیر اور مصالح پر خرچ کرنا لازم وضروری ہے،جبکہ امامِ مسجد کو عمرہ کرانا مصالحِ مسجد میں سے نہیں ہے، لہذا مسجد کے چندہ کی رقم سے مذکور متولّی کا امامِ مسجد کو عمرہ کے لئے بھیجنا تو شرعاً درست نہیں، البتہ اگر متولّیِ مسجد چند اربابِ خیر سے اس مد میں الگ سے تعاون لے کر یا چندہ دہندگان سے اس بات کی اجازت لے کر امامِ مسجد کو عمرہ پر بھیجے تو شرعاً اس کی گنجائش ہے اور باعثِ اجرو وثواب بھی ہے۔,معاملات,امانات,66963,,https://www.onlinefatawa.com/view_fatwa_unicode/66963/%D9%85%D8%B3%D8%AC%D8%AF-%DA%A9%DB%92-%D9%81%D9%86%DA%88-%D8%B3%DB%92-%D8%A7%D9%85%D8%A7%D9%85-%D8%B5%D8%A7%D8%AD%D8%A8-%DA%A9%D9%88-%D8%B9%D9%85%D8%B1%DB%81-%D9%BE%D8%B1-%D8%A8%DA%BE%DB%8C%D8%AC%D9%86%D8%A7
کیا فرماتے ہیں علماء کرام و مفتیان عظام مسئلہ مذکورہ کے بارے میں  کہ میرے والد صاحب تین بھائی اور ایک بہن تھے، میرے دادا کے انتقال کے بعد جب وراثت تقسیم ہوئی ،تو اس میں میری پھوپھی کو حصہ نہیں دیا گیا، اور بھائیوں کے بیچ جو تقسیم ہوئی، وہ بھی ایسے ہی ہو گئی(غیر شرعی طور پر)، میرے والد کے حصے میں جو زمین آئی، وہ اور بھائیوں کے مقابلے کم تھی، جس کی وجہ سے والد صاحب ناراض بھی رہے، اب نہ میرے والد صاحب حیات ہیں، نہ ہی چچا اور نہ ہی پھوپھی، اب پوچھنا یہ ہے کہ والد صاحب کے حصے میں جو زمین آئی تھی، اس میں سے پھوپھی کے وارثین کو حصہ دینا ہوگا؟ اگر ہاں تو اسکی تقسیم کا طریقہ کیا ہوگا؟ کیونکہ والد کے انتقال کے بعد میری والدہ نے میری بڑی بہن کی شادی میں کچھ زمین بیچ دی تھی،کیا بیچی گئی زمین سے بھی پھوپھی کا حصہ دینا ہوگا؟ اگر ہاں تو آج کی قیمت کے اعتبار سے یا جس قیمت سے بیچا گیا تھا اس سے؟,واضح ہوکہ مورث کے انتقال کے بعدورثاء میں سے کسی ایک وارث  یا چندورثاء کا کل ترکہ پر قبضہ کرکے بقیہ حقداروں کو ان کا حق نہ دینا سراسر ظلم، ناانصافی اور غصب پر مبنی عمل ہے،جس پر قرآن وحدیث میں سخت ترین وعیدیں وارد ہوئی ہیں۔ لہذا صورتِ مسؤلہ میں  سائل کے  دادا مرحوم کے انتقال کے بعد  اگر واقعۃًسائل  کے والد اور چچاؤں  نے  غیر شرعی طریقے پر جائیداد اپنے درمیان ہی تقسیم کر لی  ہو،  اور اپنی بہن (سائل کی پھوپھی)کو اس کےحصہ شرعی  سے محروم  رکھا  ہوتوان کے لئے ایسا کرنا شرعاً ناجائز وحرام  تھا ، جس کی وجہ سے وہ سب  سخت گناہ گار ہوئے ہیں ،چنانچہ  اب باقی ورثاء پر لازم ہے  کہ دادا مرحوم نے بوقتِ انتقال مذکور  زمین سمیت جو کچھ مال وجائیداد وغیرہ  اپنے پیچھے چھوڑا تھا  ،اور   وہ جو سائل کے والد مرحوم  کے حصہ میں زمین آئی تھی ،ان  سب کی(اگر وہ زمین  وجائیداد  موجود ہو،ورنہ اس کی موجودہ مارکیٹ ویلیوکے حساب سے ) قیمت لگا کر  از سر نوتقسیم کر کے سائل کے والد مرحوم   سمیت،چچاؤں   اورپھوپھی  کے تمام   وارثین کو ان کا حصہ شرعی پہنچانا لاز م وضروی ہے۔(جس کا طریقہ کار درج ذیل ہے)۔ اس کے بعد واضح  ہوکہ سائل کے دادا مرحوم  کا ترکہ اصولِ میراث کے مطابق اس کے موجود ورثاء کے درمیان اس طرح تقسیم ہوگاکہ مرحوم  نے بوقتِ انتقال مذکور زمین  سمیت جوکچھ منقولہ وغیر منقولہ مال وجائیداد،سونا، چاندی،زیورات،نقد رقم اورہر قسم کاچھوٹا بڑا  گھریلو سازوسامان اپنی ملکیت میں چھوڑا ہے ،اس میں سے  سب سے پہلےمرحوم  کے کفن دفن کے متوسط مصارف ادا کریں ،اس کے بعد دیکھیں کہ اگر ان کے ذمہ کچھ قرض واجب الاداہوتو وہ ادا کریں،اس کے بعد  دیکھیں کہ اگر انہوں  نے کوئی جائز وصیت کی ہو تو بقیہ مال کے ایک تہائی(3/1)حصے  کی حد تک اس  پر عمل کریں،اس کے بعد جو کچھ بچ جائے،اس کے کل سات (7) حصے بنائے جائیں ، جن میں سے مرحوم کےہر بیٹے  کو دو دو(2) حصے ، جبکہ بیٹی کو  ایک   (1) حصہ دیا  جائے۔,معاملات,ترکات,81992,,https://www.onlinefatawa.com/view_fatwa_unicode/81992/%D8%A8%DB%81%D9%86-%DA%A9%D9%88-%D8%A7%DA%AF%D8%B1-%D8%A8%DA%BE%D8%A7%D8%A6%DB%8C-%D9%86%DB%92-%D9%85%DB%8C%D8%B1%D8%A7%D8%AB-%D9%85%DB%8C%DA%BA-%D8%AD%D8%B5%DB%81-%D9%86%DB%81-%D8%AF%DB%8C%D8%A7-%D8%AA%D9%88-%DA%A9%DB%8C%D8%A7-%D8%A7%D8%A8-%D8%A8%DA%BE%D8%A7%D8%A6%DB%8C-%DA%A9%DB%8C-%D8%A7%D9%88%D9%84%D8%A7%D8%AF-%D9%BE%D8%B1-%D8%AF%DB%8C%D9%86%D8%A7-%D9%84%D8%A7%D8%B2%D9%85-%DB%81%DB%92-%D8%9F
"کیا فرماتے ہیں  علماءِ کرام اس مسئلہ کے بارے میں کہ ایک پرانی مسجد ہے , جس کے پاس پہلے آبادی تھی لیکن دریا کے کٹاؤ کی وجہ سے آبادی وہاں سے منتقل ہو گئی ،اب جہاں آبادی ہے وہاں سے اس مسجد تک جانے میں کافی دشواری پیش آرہی ہے مثلاً ایک تو اس مسجد کی طرف جانے کےلئے کوئی مستقل راستہ نہیں ہے ،اور خاص طور پر جب بارش ہو تو ساتھ دریا بھی ہے جو  بھر  جاتا ہے اور مسجد کی طرف جانے کا راستہ کٹ جاتا ہے ، اس مسجد  میں ان وجوہات کی بنا پر پانچ وقت کی نماز بھی ادا نہیں کی جاتی ،لہذا بستی والے چاہتے ہیں کہ اس پرانی مسجد کو شہید کر کے بستی کے قریب نئی مسجد تعمیر کی جائے اوراس پرانی مسجد کو شہید کر کےاس کا ملبہ وغیرہ منتقل کر کے دوسری مسجد میں لگا دیا جائے اور اس جگہ کو ہم چار دیواری کر کے مصلی کی شکل میں محفوظ چھوڑ دیں گے تاکہ وہاں اگر کوئی نماز پڑھنا چاہے تو پڑھ لے،آیا اس پرانی مسجدکوشہیدکرکے دوسری جگہ بستی کے قریب نئی مسجد تعمیر کرنے کی شرعاً گنجائش ہے۔","سوال میں ذکر کردہ تفصیل کے مطابق اگر پرانی مسجد کے آس پاس قرب و جوار سے آبادی منتقل ہو چکی ہو اور دریا کے کٹاؤ  وغیرہ کی و جہ سے نمازیوں کو پرانی مسجد  میں دشواری کا سامنا ہو , جسکی وجہ سے  نئی مسجد تعمیر کرنے کی ضرورت ہو , تو بستی  والوں کیلئے بستی کے قریب نئی  مسجد تعمیر کرنا تو شرعاً جائز اور درست ہے، البتہ پرانی مسجد کی عمارت وغیرہ اگر مضبوط ہو ،  اس کے منہدم ہونے کا اندیشہ نہ ہو ، تو بلا کسی وجہ کے پرانی مسجد کو منہدم نہ کیا جائے، بلکہ اس کو اپنی حالت پر چھوڑ کر اسے حسبِ اِستطاعت  آباد  رکھنے  کا اہتمام کریں ، البتہ  اگر عمارت بوسیدہ  ہو چکی ہو یا مسجد کا ساز و سامان ( دروازے، کھڑکیاں وغیرہ) چوری اور ضائع ہو جانے کا اندیشہ ہو تو ایسی صورت میں عدالتی حکم نامے یا اہلِِ محلہ کی مشاورت اور اتفاقِ رائے سے پرانی مسجد کو شہید کر کے اسکا  ملبہ وغیرہ نئی مسجد منتقل کیا جا سکتا ہے ، تاہم نئی مسجد تعمیر ہو  جانے کے باوجود پرانی مسجد تاقیامت مسجد رہے گی،اس لئے  بستی والوں پر لازم ہے کہ مسجد  کے حصے کے اردگرد چار دیواری  وغیرہ  قائم کرے اسے محفوظ کیا جائے ،تاکہ اس کی بے احترامی نہ ہو اور بعد میں کھبی ضرورت پڑنے پر اسے مسجد کے لئے استعمال کیا جاسکے۔",معاملات,امانات,67071,0000-00-00,https://www.onlinefatawa.com/view_fatwa_unicode/67071/%D8%A7%DB%8C%DA%A9-%D9%85%D8%B3%D8%AC%D8%AF-%DA%A9%DB%92-%D8%BA%DB%8C%D8%B1-%D8%A2%D8%A8%D8%A7%D8%AF-%DB%81%D9%88%D9%86%DB%92-%DA%A9%DB%92-%D8%A8%D8%B9%D8%AF--%D8%A7%D8%B3-%DA%A9%DB%8C-%D8%A7%D8%B4%DB%8C%D8%A7%D8%A1-%DA%A9%D9%88-%D8%AF%D9%88%D8%B3%D8%B1%DB%8C-%D9%86%D8%A6%DB%8C-%D9%85%D8%B3%D8%AC%D8%AF-%D9%85%DB%8C%DA%BA-%D8%B5%D8%B1%D9%81-%DA%A9%D8%B1%D9%86%D8%A7
السلام علیکم و رحمۃ اللہ وبرکاتہ ! ایک وقف شدہ قبرستان ہے جس کا راستہ نہیں ہے اور جس بندے کی آگے زمین ہے وہ کسی صورت میں بھی راستہ دینے پہ راضی نہیں ہو رہا، کافی کہنے سننے کے بعد وہ اس بات پر راضی ہوا کہ مجھے قبرستان سے زمین دو اور بدلے میں راستہ لے لو ، کیا یہ صورت جائز ہے ؟یہ بات ذہن نشین رہے کہ اس کے علاوہ وہ کسی صورت میں راستہ دینے پر راضی نہیں اورجن لوگوں کے اعزہ و اقرباء کی وہاں پر قبریں ہیں ان کے لئے بہت پریشانی بنی ہوئی ہے ۔,صورتِ مسؤلہ میں سائل اور اہل محلہ کو چاہیے کہ کہ اولاً تو مذکور شخص کو ترغیب وغیرہ دے کر اس بات پر راضی کیا جائے کہ وہ اپنی زمین سے گزرنے کی اجازت دے،لیکن اگر ہر ممکن کوشش کے باوجود وہ اس بات پر راضی نہ ہو تو ایسی مجبوری کی صورت میں قاضی (جج) کے ذریعے وقف کردہ زمین کے کسی زائد فارغ جگہ کو شخص مذکور کے ہاتھ فروخت کرکے اس سے قبرستان کے آنے جانے کیلئے زمیں خرید  لی جائے ۔,معاملات,امانات,67130,2023-08-21,https://www.onlinefatawa.com/view_fatwa_unicode/67130/%D9%88%D9%82%D9%81-%D9%82%D8%A8%D8%B1%D8%B3%D8%AA%D8%A7%D9%86-%DA%A9%DB%8C-%D8%B2%D9%85%DB%8C%D9%86-%D8%A7%D8%B3-%DA%A9%DB%92-%D8%B1%D8%A7%D8%B3%D8%AA%DB%92-%DA%A9%DB%8C-%D8%B6%D8%B1%D9%88%D8%B1%D8%AA-%DA%A9%DB%92-%D9%84%D8%A6%DB%92-%D8%A8%DB%8C%DA%86%D9%86%D8%A7
ترجمہ :السلام علیکم   : میرے پاس میرے نام  ایک جائیداد ہے،میں  اپنے شوہر کے ساتھ وہاں  رہ    رہی ہوں،ہماری کوئی اولاد نہیں    ہے   ،میں یہ جائیداد ایک ٹرسٹ  کو ہبہ کرنا چاہتی  ہوں   جو مجھے میری موت  تک  وہاں رہنے کی اجازت  دے گا،ہمارے درمیان کوئی نقدی ٹرانزیکشن  کے بغیر  ،میرے اور شوہر کے انتقال کے بعد  یہ جائیداد کسی بھی مقصد کیلئے   ٹرسٹ کی جانب سے استعمال ہوگی ،براہ مہربانی  مجھے بتائیں   کہ کیا  میں اپنی زندگی میں  یہ کر سکتی ہوں ؟ کیوں کہ میں  نہیں  چاہتی   کہ  کوئی خاندانی  فرد اس  کو بطور  میراث   لے لے ۔,واضح ہو کہ ہر شخص اپنی صحت والی زندگی میں  مرض الوفات  میں مبتلاء ہونے سے قبل  اپنے مال و جائیداد کا تنہا مالک ہوتا ہے وہ جس طرح چاہے  اس میں تصرف کرسکتا ہے ،لہذا   صورت مسئولہ میں سائلہ کو صحت والی زندگی میں    سوال میں مذکور      طریقہ  کار کے مطابق     اپنی جائیداد،   لوگوں کے ساتھ تعاون اور خیر خواہی کرنے والے  کسی   ٹرسٹ کے نام وقف  کرنے کا شرعاً اختیار حاصل ہے ،تاہم  سائلہ کے ورثاء   اگر محتاج  ومستحق ہوں  تو سائلہ  کا اپنے ورثاء کو محروم کرنے کی نیت و ارادے سے ایسا کرنا  مناسب نہیں ،بلکہ ایسی صورت میں اپنے محتاج اور ضرورت مند رشتہ داروں کو ترجیح دینا بہتر ہے ۔,معاملات,امانات,67178,0000-00-00,https://www.onlinefatawa.com/view_fatwa_unicode/67178/%D8%A8%DB%92-%D8%A7%D9%88%D9%84%D8%A7%D8%AF-%D8%AE%D8%A7%D8%AA%D9%88%D9%86-%DA%A9%D8%A7-%D8%A7%D9%BE%D9%86%D8%A7-%D9%85%DA%A9%D8%A7%D9%86-%D9%B9%D8%B1%D8%B3%D9%B9-%DA%A9%D9%88-%D8%AF%DB%8C%D9%86%DB%92-%DA%A9%D8%A7-%D8%AD%DA%A9%D9%85-
محترم جناب مفتی صاحب! جامعہ بنوریہ سائٹ کراچی السلام  علیکم! کیا فرتے ہیں علماءِ کرام ومفتیانِ عظام اس مسئلے کے بارے میں کہ والد صاحب سے علیحدہ ہونے کے بعد میں نے ایک عدد مکان خریدا اور اسے اپنے ذاتی خرچ پر تعمیر کیا۔ (۲): ایک عدد جو والد صاحب کی ملکیت تھا، والد صاحب نے مجھے اس کے بنانے کی اجازت دی، والد اور والدہ کی رضامندی سے میں نے اسے اپنے ذاتی خرچہ پر تعمیر کیا، میں نے اس کی قیمت معلوم کی تو مارکیٹ ویلیو کے حساب سے اس کی قیمت مبلغ تیرہ لاکھ روپے (۱۳۰۰۰۰) ہیں۔ پوچھنا یہ ہے کہ کہ ان میں بہنوں اور بھائی کا بھی حصہ ہوگا یا نہیں؟ جب کہ دونوں کی تعمیر میں نے خود اپنی رقم سے کی ہے۔ نوٹ: مذکور پلاٹ جس پر بندہ نے والدین کی اجازت سے مکان تعمیر کیا، والدین نے با ضابطہ مالکانہ قبضہ نہیں دیا تھا، البتہ سابقہ مکان میں وسعت کم پڑ جانے پر صرف تعمیر کی اجازت دی ،تاکہ رہائش میں سہولت رہے ، جبکہ اس وقت والد صاحب کاروبار سے  الگ ہو چکے تھے، اور دو بھائیوں کا الگ الگ سے کاروبار اور کھانا پکانا الگ تھا، اور حسبِ استطاعت ہر بھائی والدین کی خدمت کرتا رہا، مزید یہ کہ مکان کی تعمیر پر جو اخراجات آئے ان کے بارے میں بھی کچھ طے نہیں ہوتا تھا کہ یہ والد صاحب پر قرض ہوگا یا نہیں؟ اور اب بھی والدین الحمد للہ حیات ہیں۔,برتقدیرِ صحتِ سوال سائل کے مذکور اخراجات والدین کے ساتھ تعاون اور اس کی طرف سے  ذاتی تبرّع و احسان ہیں، البتہ علیحدگی کے بعد اپنی ذاتی رقم سے الگ طور پر جو مکان تعمیر کیا ہے، وہ محض سائل کا ہی حق ہے، اس میں کسی دوسرے کا اپنی حصہ داری کا دعوی کرنا درست نہیں۔,معاملات,ترکات,82544,,https://www.onlinefatawa.com/view_fatwa_unicode/82544/%D8%B0%D8%A7%D8%AA%DB%8C-%D8%B1%D9%82%D9%85-%D8%B3%DB%92-%D8%AE%D8%B1%DB%8C%D8%AF%DB%92-%DA%AF%D8%A6%DB%92-%D9%85%DA%A9%D8%A7%D9%86-%D9%85%DB%8C%DA%BA-%D8%AF%D9%88%D8%B3%D8%B1%DB%92-%D8%A8%DA%BE%D8%A7%D8%A6%DB%8C--%DA%A9%D8%A7-%D8%AF%D8%B9%D9%88%DB%8C-%DA%A9%D8%B1%D9%86%D8%A7
کیا فرماتے ہیں علماء  کرام اس مسئلے کے بارے میں کہ میرے والدِ محترم کی ایک ملکیت (پلاٹ) ہے ،اور ان کو فالج پڑ گیا تھا، اور انہوں نے اپنی زندگی میں وہ پلاٹ میری والدہ محترمہ کے نام کر دیا  تھا ، اور اب میرے والد اپنے خالق حقیقی سے جاملے ہیں، اب وراثت میں ایک بھائی، چھ بہنیں اور والدہ محترمہ ہے، میراث سے متعلق تمام تقسیم کا طریقہ کارکے ساتھ اس سوال کا جواب عنایت فرماکر مشکور ہوں۔جزاکم اللہ خیرا واحسن الجزاء,سائل نے اس بات کی وضاحت نہیں کی کہ اس کے والدِمرحوم نے مذکو ر پلاٹ  اپنی بیوی (سائل کی والدہ ) کے فقط نام کروایا تھا، یا مرحوم نے اپنی زندگی میں یہ پلاٹ اسے ہبہ (گفٹ)کرکے اس پر انہیں باضابطہ مالکانہ قبضہ بھی دیدیاتھا ؟ تاکہ اس کے مطابق جواب دیاجاتا ۔ تاہم اگر سائل کے والدِمرحو م نے مذکور پلاٹ اپنی بیوی(سائل کی والدہ)  کے فقط نام کیا ہو،ان کو اس پلاٹ پر باضابطہ مالکانہ قبضہ نہ دیا ہو تو ایسی صورت میں فقط نام کردینے سے بیوی(سائل کی والدہ) شرعاً مذکور پلاٹ کی مالک نہیں بنی ،بلکہ وہ پلاٹ سائل کے والدِ مرحوم  کی حیات تک بدستور اس کی ملکیت رہا ، اور اب ان کے انتقال کرجانے کی صورت میں ان کا ترکہ شمار ہوکر اس کے تمام ورثاء (بیوہ ،بیٹے اور بیٹیوں )کے درمیان حسبِ حصصِ شرعیہ تقسیم ہوگا ، جس کی تفصیل ذیل  میں آرہی ہے۔ اس کے بعد واضح ہوکہ سائل کے والدِ مرحوم  کا ترکہ اصولِ میراث کے مطابق اس کے موجود ورثاء کے درمیان اس طرح تقسیم ہوگاکہ مرحوم  نے بوقتِ انتقال مذکور پلاٹ سمیت جوکچھ منقولہ وغیر منقولہ مال وجائیداد،سونا، چاندی،زیورات،نقد رقم اور ہر قسم کاچھوٹا بڑا  گھریلو سازوسامان اپنی ملکیت میں چھوڑا ہے ،اس میں سے  سب سے پہلےمرحوم  کے کفن دفن کے متوسط مصارف ادا کریں ،اس کے بعد دیکھیں کہ اگر مرحوم  کے ذمہ کچھ قرض واجب الاداہو،یا بیوہ  کا حقِ مہر ادا نہ کیا ہو اور انہوں نے معاف بھی نہ کیا ہوتو وہ ادا کریں،اس کے بعد  دیکھیں کہ اگر مرحوم   نے کوئی جائز وصیت کی ہو تو بقیہ مال کے ایک تہائی(3/1)حصے  کی حد تک اس  پر عمل کریں،اس کے بعد جو کچھ بچ جائے،اس کے کل چونسٹھ (64) حصے بنائے جائیں ، جن میں  سے مرحوم کی بیوہ کوآٹھ(8)حصے، بیٹے  کوچودہ (14) حصے ، جبکہ ہر بیٹی کو   سات(7) حصےدیے  جائیں   ۔,معاملات,ترکات,82551,,https://www.onlinefatawa.com/view_fatwa_unicode/82551/%D8%A8%DB%8C%D9%88%DB%81%D8%8C%D8%A7%DB%8C%DA%A9-%D8%A8%DB%8C%D9%B9%DB%92-%D8%A7%D9%88%D8%B1-%DA%86%DA%BE-%D8%A8%DB%8C%D9%B9%DB%8C%D9%88%DA%BA-%DA%A9%DB%92-%D8%AF%D8%B1%D9%85%DB%8C%D8%A7%D9%86-%D8%AA%D8%B1%DA%A9%DB%81-%DA%A9%DB%8C-%D8%AA%D9%82%D8%B3%DB%8C%D9%85-%DA%A9%D8%A7-%D8%B7%D8%B1%DB%8C%D9%82%DB%81-%DA%A9%D8%A7%D8%B1-
کیا فرماتے ہیں مفتیانِ کرام اس مسئلہ کے بارے میں کہ ہمارے دادا مرحوم نے ایک پلاٹ تعمیراتی مقاصد کے لئے خریداتھا،لیکن ان کے انتقال کے بعد چچاؤں نے اپنے والد کے نام صدقہ جاریہ کے واسطے مذکورہ پلاٹ پر مسجد تعمیر کی، جس کے اخراجات تمام بھائیوں نے مشترکہ طور پر ادا کیے( بغیر کسی خارجی چندہ لیے) اب مسجد چونکہ تعمیر ہوچکی ہے،  اس میں باقاعدہ نمازیں، جمعہ، اور عیدین بھی ادا کی جاتی ہیں ، اور ساتھ ہی مسجد کی چھت پر عام رہائش بھی رکھی ہوئی ہے،اب وہ اس مسجد کو کسی مذہبی ادارے کے ہاتھ فروخت کرنا چاہتے ہیں، کیا یہ خرید و فروخت درست ہے؟ قرآن و سنت کی روشنی میں اسکا حکم ارشاد فرمایئے۔نوٹ  : مذکور پلاٹ تمام ورثاء کی رضامندی و خوشی سے مسجد کے لئے باقاعدہ وقف کر دیا گیا تھا ،اس کے کچھ عرصہ بعد سائل کے تایا کو ضرورت پڑی ،تو  وہ  عارضی طور پر مسجد کے اوپر منتقل ہوئے ،اپنے لئے رہائش بنا کر ۔,سوال میں درج کردہ تفصیل اگر واقعۃً درست اور مبنی بر حقیقت ہو،اس میں کسی قسم کی غلط  بیانی اور کمی بیشی سے کام نہ لیا گیا ہو،اس طور پر کہ سائل کے دادا مرحوم کی وفات کے بعد اس کے تمام ورثاء نے اپنی مرضی وخوشی سے مذکور پلاٹ مسجد کے لئے وقف کرکے اس پرباقاعدہ مسجد تعمیر کر لی ہو ،اور اس میں ایک عرصے سے باجماعت نمازوں اور جمعہ وعیدیں کی ادائیگی کا اہتمام ہو رہا ہو ،تو ایسی صورت میں مذکور جگہ باقاعدہ مسجدِ شرعی بن چکی ہے،اب وہ تاقیامت مسجد ہی کے حکم میں ہی رہے گی ،اور مسجد کی خریدوفروخت شرعاً جائز نہیں ،لہذا سائل کے چچاؤں کے  لئے مذکور مسجد کو کسی کے ہاتھ فروخت کرنا  یا اسے ذاتی رہائش گاہ کے طور پر استعمال کرکے وہاں رہائش اختیار کرنا شرعاً جائز نہیں ،جس سے احتراز لازم ہے ۔,معاملات,امانات,67417,0000-00-00,https://www.onlinefatawa.com/view_fatwa_unicode/67417/%D9%85%D8%B3%D8%AC%D8%AF-%D8%A8%D9%86%D9%86%DB%92-%DA%A9%DB%92-%D8%A8%D8%B9%D8%AF-%D8%A7%D8%B3%DB%92-%D9%81%D8%B1%D9%88%D8%AE%D8%AA-%DA%A9%D8%B1%D8%AF%DB%8C%D9%86%DB%92-%DA%A9%D8%A7-%D8%AD%DA%A9%D9%85-
"السلام علیکم ! کیا فرماتے ہیں مفتیانِ کرام اس مسئلے کے بارے میں کہ: میرے بہنوئی فیملی کے ساتھ سعودیہ میں کام کرتے تھے ,وہ ہر مہینے تنخواہ سےزکوۃ کے پیسے نکال لیا کرتے تھے ،جب وہ ریٹائرڈ ہو کر واپس آئے ، تو انہوں نے یہاں پر کام کرنے کی کوشش کی ، لیکن کوئی کام مناسب نہیں ملا ،کچھ عرصے بعد میری چھوٹی بہن اور بہنوئی میرے گھر آئے اور مجھے ایک ایک تولہ کی دو اینٹیں دیں  کہ یہ دونوں بیٹیوں کے لئے ہیں کہ جب ان کی شادی ہو تو ان کو دے دینا ، اور یہ بھی بتایا ہے کہ یہ زکوۃ کے پیسوں سے ہم نے تمہاری بیٹیوں کے لئے رکھا تھا، میری بہن اور بہنوئی کو میرے گھر کے حالات معلوم تھے کہ میں بیٹیوں کی شادی کا خرچہ نہیں اٹھا سکتا اور بے روزگار ہوں، میں نے اللہ کا شکر ادا کیا اور دونوں اینٹ امانت کے طور پر اپنی بہن کو واپس کردیں، جب دونوں بیٹیوں کی شادی ہو تو اس وقت مجھے دے دینا ، جس کی زکوۃ میری  دونوں بیٹیاں ادا کرتی ہیں ، جب میری ایک بیٹی کی شادی ہوئی تو انہوں نے ایک اینٹ تو مجھے واپس کر دی ،لیکن کچھ اختلافیوں اور گھریلو جھگڑوں کی وجہ سے میری بہن نے دوسری اینٹ   دینے سے منع کردیا زبانی طور پر، برائے مہربانی اپ اس  مسئلے پر اپنی رہنمائی کیجئے۔جزاک اللہ",سوال میں ذکرکردہ وضاحت کے مطابق  اگر سائل کی دونوں بیٹیاں  واقعۃً مستحق زکوٰۃ  ہوں ، اور سائل  کی بہن اور بہنوئی نے زکوٰۃ کی مد میں  مذکور  دوتولہ  سونا  ہر ایک بیٹی کو  دیدیا  تھا ، تو دونوں  بیٹیاں  اس سونے کی  شرعاً  مالک بن گئیں،چنانچہ اس کےبعد اگر سائل نے مذکور  دوتولہ  سونا اپنی بہن  کے پاس  بطورِ  امانت  رکھوایا تھا،  تو اب سائل کی  مذکور بہن پر  دونوں سونے کی ٹکیہ واپس کرنا  شرعاً لازم ہے،اگر واقعۃً سائل کی بہن مذکور   ایک تولہ سونا  واپس نہیں کرتی ، تو یہ غصب کی زمرے  میں آنے کی  وجہ سے شرعاً  جائز نہیں،لہذا اس پر لازم ہے  کہ اپنی بھتیجی کاحق  دیکر  مواخذہ دنیوی واخروی سے سبکدوشی حاصل کرے،ورنہ اپنے  حق کی وصولی کی خاطر سائل قانونی چارہ جوئی کا  بھی مجاز ہے۔,معاملات,امانات,67453,,https://www.onlinefatawa.com/view_fatwa_unicode/67453/%D8%A7%D9%85%D8%A7%D9%86%D8%AA-%DA%A9%DB%8C-%D8%B1%D9%82%D9%85-%D9%88%D8%A7%D9%BE%D8%B3-%D9%86%DB%81-%DA%A9%D8%B1%D9%86%D8%A7
کیا فرماتے ہیں مفتیانِ کرام اس مسئلہ کے بارے میں کہ قرآن و حدیث کی روشنی میں مسئلہ کو حل فرما دیجیے،عرض ِخدمت یہ ہے کہ میں نے اپنی زرعی زمین فروخت کر دی ہے، جس کی مالیت 2 لاکھ 30 ہزار روپے ہے ، میرے 3 بیٹے اور ایک بیٹی ہے،  ایک بیٹا فوت ہو چکا ہے، اور اس کے بچے اور بیوی زندہ ہے، ان کے بارے میں رقم کی تقسیم کس طرح ہوگی، والسلام!,مذکور رقم تنہا سائل کی ہی ملکیت ہے، جس کی تقسیم اس پر شرعاً لازم نہیں، اور نہ ہی اسے کوئی مذکور مال کی تقسیم پر مجبور کر سکتا ہے، تاہم اگر وہ مرضی سے بغیر کسی جبر و اکراہ کے زندگی ہی میں اپنا مذکور مال تقسیم کرنا چاہتا  ہو تو اس کا بہتر طریقہ یہ ہے کہ مذکور رقم کے پانچ حصے کر کے ایک ایک حصہ اپنی زندہ اولاد کو مالک بنا کر دیدے، اور ایک حصہ مرحوم بیٹے کی اولاد پر خرچ کرنے کے لئے   اس کی بیوہ کے حوالے کر  دے۔,معاملات,ترکات,82599,0000-00-00,https://www.onlinefatawa.com/view_fatwa_unicode/82599/%D8%B2%D9%86%D8%AF%DA%AF%DB%8C-%D9%85%DB%8C%D9%86--%D8%A7%D9%BE%D9%86%DB%8C-%D8%A7%D9%88%D9%84%D8%A7%D8%AF-%DA%A9%DB%92-%D8%AF%D8%B1%D9%85%DB%8C%D8%A7%D9%86-%D8%B2%D9%85%DB%8C%D9%86-%D8%AA%D9%82%D8%B3%DB%8C%D9%85-%DA%A9%D8%B1%D9%86%D8%A7
السلام علیکم ورحمۃ الله وبركاتہ! کیا فرماتے ہیں علماء ِکرام اس مسئلہ کے بارے میں کہ  میں نے ایک عورت سے شادی کی تھی، جس  سے تین بیٹے اور ایک بیٹی پیدا ہوئی، پھر اس کے بعد میری بیوی کی وفات ہوگئی ،پھر دو سال کے بعد دوسری شادی کی جس سے ایک لڑکی پیدا ہوئی ہے، اب میری دوسری بیوی میری حیات کے اندر ہی میراث کے تقسیم کرنے کی خواہاں ہے، اور اس کے نہ کرنے پر وہ مجھے مختلف قسم کی دھمکیاں دیتی ہے، تو آیا مجھ پر حیات میں بھی جائیداد تقسیم کرنا لازم ہے کہ یا نہیں؟ واضح ہو کہ میری ایک بہن بھی موجود ہے، تو اب ان ورثاء کے مطابق جائیداد کس طرح تقسیم ہوگی؟ جواب بالصواب سے مطلع فرمائیں۔ میرے دو مکان ہیں، ایک والدہ ماجدہ صاحبہ کا اور دوسرا والد صاحب کا اور والدہ صاحبہ نے اپنا مکان میرے نام کر دیا ہے۔,محض نام کر دینے سے کوئی شخص کسی چیز کا مالک نہیں بن جاتا، جب تک اس پر باضابطہ مالکانہ قبضہ بھی نہ دیا جائے، لہذا صورتِ مسئولہ میں سائل کی والدہ مرحومہ نے جو مکان سائل کے نام کیا تھا، اگر محض کاغذوں میں کیا تھا، تو اس صورت میں یہ ہبہ شرعاً درست نہیں ہوا ،بلکہ یہ مکان اب تک والدہ کی ملکیت شمار ہوگا، اور ان کے انتقال کے بعد تمام ورثاء میں سے فقط اصولِ میراث کے مطابق تقسیم ہو گا ،اب اگر والد مرحوم اور والدہ مرحومہ کے ورثاء میں سے  فقط دو ہی وارث ہوں یعنی سائل اور اس کی بہن اس کے علاوہ کوئی اور وارث موجود نہ ہو  ،تو پھر یہ دونوں ہی اس کل ترکہ کے حقدار ہیں، اور اس کل ترکہ میں حقوقِ متقدمہ علی المیراث کے بعد کل تین حصے کریں ،پھر ان میں سے دو حصے سائل کے ہیں  اور ایک حصہ اس کی  بہن کا ہے ،اس کے بعد واضح ہو کہ اپنی صحت والی زندگی میں مرض الوفات میں مبتلا ہونے سے قبل ہر شخص اپنی جائیداد وغیرہ کا تنہا مالک ہوتا ہے، کوئی دوسرا اس کا حقدار نہیں ،اور وہ خود اپنی مرضی سے ہر قسم کے تصرفات کا حق رکھتا ہے،زوجہ یا کسی دوسرے  وارث کا اس سے تقسیمِ جائیداد کا مطالبہ کرنا یا اسے تقسیم پر مجبور کرنا شرعا جائز نہیں، اس لئے سائل کی بیوی اپنے ناجائز اور غلط دعویٰ اور شوہر کو ستانے اور پریشان کرنے کی وجہ سے سخت گناہگار ہو رہی ہے، اس پر لازم ہے کہ اپنے ناجائز دعویٰ سے احتراز کرے،اور اپنے شوہر کو بلاوجہ  تنگ کرنے پر اس کی معافی بھی مانگے، تاہم اگر سائل اپنی مرضی سے بغیر کسی جبر و اکراہ کے اگر  اپنا مال و جائیداد اپنی زندگی میں ہی تقسیم کرنا چاہتا ہو تو اس اُسے اختیار ہے، اور اس کا بہتر طریقہ یہ ہے کہ ایک محتاط اندازہ کے مطابق اپنی بقیہ زندگی کے لئے  کچھ بچا کر رکھ لے ،اور باقی تمام جائیداد اپنی اور اولاد، بیوی اور بہن کے درمیان تقسیم کر دے ،اور ہر ایک کو اس کے  حصے پر باضابطہ مالکانہ قبضہ بھی دیں، تاکہ یہ شرعاً بھی درست ہو سکے ، اگر کسی بیٹے یا بیٹی وغیرہ کو اس کی محتاجگی ، خدمت گزاری اور دینداری وغیرہ کی وجہ سے دوسروں کے مقابلے میں کچھ زیادہ دینا چاہے، تو اس کی بھی گنجائش ہے،  مگر بلا وجہ کسی وارث کو محروم نہ کرے کہ یہ گناہ کی بات ہے، اب اگر وہ ان سب کو دینا چاہے تو ہر ایک کو  برابر دینا بہتر اور مستحب ہے ،اور اس صورت میں پہلے تو کل ترکہ کے تین حصے کر کے ایک حصہ بطورِ میراث کے اپنی بہن کو دیدے ،اس کے بعد بقیہ دو حصوں کے آٹھ برا بر حصے کر کے ایک حصہ اپنے لئے روک لے ،ایک حصہ اپنی بہن کو دے، ایک حصہ موجودہ بیوی کو دیدے، ایک حصہ اس کی بیٹی کو، ایک حصہ پہلی بیوی کی بیٹی کو اور ایک ایک حصہ ہر ایک بیٹے کو دیدے، پھر اولاد کے نابالغ اور ناسمجھ ہونے کی وجہ سے ان کا حصہ بطورِ امانت اپنے پاس بھی رکھنا چاہے تو رکھ سکتا ہے۔,معاملات,ترکات,82600,0000-00-00,https://www.onlinefatawa.com/view_fatwa_unicode/82600/%D8%A8%DB%8C%D9%88%DB%8C--%DA%A9%D8%A7-%D8%B4%D9%88%DB%81%D8%B1-%DA%A9%DB%8C-%D8%B2%D9%86%D8%AF%DA%AF%DB%8C-%D9%85%DB%8C%DA%BA-%D8%A7%D8%B3-%DA%A9%DB%8C--%D8%AC%D8%A7%D8%A6%DB%8C%D8%AF%D8%A7%D8%AF-%DA%A9%D8%A7-%D9%85%D8%B7%D8%A7%D9%84%D8%A8%DB%81-%DA%A9%D8%B1%D9%86%D8%A7